model_name,iteration,accuracy,precision,recall,f1,dset_size
lenet5_batchNorm3,12,0.628448275862069,0.6518912843518824,0.5700685438447094,0.5607114931767893,0.1
lenet5_batchNorm3,18,0.6370689655172413,0.6760923451776366,0.5813038676114338,0.5731410850964334,0.1
lenet5_batchNorm3,5,0.6327586206896552,0.6594083046976488,0.5705543475666969,0.5609602764003947,0.1
lenet5_batchNorm3,6,0.631896551724138,0.6627022375902086,0.5781760516477555,0.5684128802315976,0.1
lenet5_batchNorm3,3,0.628448275862069,0.6552210510355423,0.5716980026289051,0.5628151838879096,0.1
lenet5_batchNorm3,17,0.6293103448275862,0.6555919995051254,0.5721370598282908,0.5615015442856268,0.1
lenet5_batchNorm3,8,0.6370689655172413,0.6655324954551256,0.5833984305981884,0.5725320628389504,0.1
lenet5_batchNorm3,14,0.631896551724138,0.6669294504762,0.5727095271370295,0.5661153828457441,0.1
lenet5_batchNorm3,4,0.6310344827586207,0.6653379876812254,0.5762314584988406,0.5685145130610915,0.1
lenet5_batchNorm3,10,0.6301724137931034,0.662173653585474,0.5718869594076323,0.5660537278258148,0.1
lenet5_batchNorm3,19,0.6275862068965518,0.6550999448386194,0.5724621966266479,0.5596541381830191,0.1
lenet5_batchNorm3,2,0.6370689655172413,0.6700807152128618,0.5784792590213466,0.5713009877259803,0.1
lenet5_batchNorm3,7,0.6344827586206897,0.6668855472198931,0.5775880603997627,0.5696291742152269,0.1
lenet5_batchNorm3,1,0.6327586206896552,0.6568209589055802,0.5755394771628387,0.5670872430525844,0.1
lenet5_batchNorm3,13,0.6362068965517241,0.6627111489227613,0.5789414739558886,0.5698023826298021,0.1
lenet5_batchNorm3,16,0.6379310344827587,0.6732446762063524,0.5828533438466765,0.5750250065796816,0.1
lenet5_batchNorm3,9,0.6413793103448275,0.6771331120507154,0.5858562352703063,0.5768863807908252,0.1
lenet5_batchNorm3,20,0.6293103448275862,0.6692668106050902,0.5738553541828937,0.5678142852180366,0.1
lenet5_batchNorm3,11,0.6275862068965518,0.659652604117548,0.5712544939496721,0.5615824944416843,0.1
lenet5_batchNorm3,15,0.6422413793103449,0.6795795835804869,0.5799734988325831,0.5748110685423693,0.1
lenet5_batchNorm3,28,0.6344827586206897,0.6601854354095706,0.5778111304635958,0.5703657555526092,0.1
lenet5_batchNorm3,33,0.6336206896551724,0.6751803090050401,0.5798402908646929,0.5723257919725644,0.1
lenet5_batchNorm3,31,0.6327586206896552,0.6610411654928864,0.5744958695002909,0.5661653828147887,0.1
lenet5_batchNorm3,37,0.6336206896551724,0.6594332081126746,0.5723840809587978,0.5648313949910058,0.1
lenet5_batchNorm3,36,0.631896551724138,0.6600399713083964,0.5734995789362569,0.5640745416370202,0.1
lenet5_batchNorm3,24,0.6431034482758621,0.6732341830282623,0.5844967420484728,0.5779365718381826,0.1
lenet5_batchNorm3,26,0.6267241379310344,0.665932108515807,0.5684346341037734,0.5593187381518373,0.1
lenet5_batchNorm3,34,0.6327586206896552,0.6592970441194141,0.5764574303011322,0.56745500308978,0.1
lenet5_batchNorm3,39,0.6362068965517241,0.659050305489364,0.5753927174322265,0.5652612612331742,0.1
lenet5_batchNorm3,22,0.6336206896551724,0.660607995291832,0.5769796001726452,0.5682141815439369,0.1
lenet5_batchNorm3,25,0.6327586206896552,0.666103946913806,0.577947681175762,0.5697713480056339,0.1
lenet5_batchNorm3,29,0.6353448275862069,0.6559440577180046,0.5780872268469266,0.5678515758774302,0.1
lenet5_batchNorm3,30,0.6370689655172413,0.6671517501457427,0.5805276933847726,0.5727345650943749,0.1
lenet5_batchNorm3,38,0.6232758620689656,0.6459543360300419,0.5653585166425412,0.5558548368345213,0.1
lenet5_batchNorm3,27,0.6344827586206897,0.6655085555802496,0.578595258005109,0.5701384998195105,0.1
lenet5_batchNorm3,21,0.6344827586206897,0.6628610702116069,0.5775056976378543,0.5686139512536142,0.1
lenet5_batchNorm3,32,0.6405172413793103,0.6659188430124525,0.5824279085964095,0.5746156712885697,0.1
lenet5_batchNorm3,35,0.6370689655172413,0.6684029273736385,0.5771295867435846,0.5687092532259035,0.1
lenet5_batchNorm3,40,0.6301724137931034,0.6652401268015906,0.5752493184767113,0.567177166046464,0.1
lenet5_batchNorm3,23,0.6379310344827587,0.6594300440478393,0.5750298427290964,0.5658244722444954,0.1
lenet5_batchNorm3,43,0.631896551724138,0.6584971800419994,0.5729177047640157,0.563470993559199,0.1
lenet5_batchNorm3,50,0.6344827586206897,0.658915364364358,0.5732818457979365,0.564674109606689,0.1
lenet5_batchNorm3,48,0.6344827586206897,0.6699371930143666,0.5730901529096948,0.5645307751037987,0.1
lenet5_batchNorm3,49,0.6387931034482759,0.6745457496642884,0.5853758741591621,0.5775072519021625,0.1
lenet5_batchNorm3,60,0.6310344827586207,0.6660623253663596,0.5753019387698002,0.5643370746628149,0.1
lenet5_batchNorm3,42,0.6353448275862069,0.6711016674617891,0.5784862150029499,0.5728053952410413,0.1
lenet5_batchNorm3,46,0.6232758620689656,0.6576763265024926,0.5679315768989521,0.559939205473992,0.1
lenet5_batchNorm3,56,0.6344827586206897,0.6655141671186964,0.5774999272608914,0.5689425531756841,0.1
lenet5_batchNorm3,52,0.6301724137931034,0.6620389906862887,0.5750796325585781,0.5685490433328888,0.1
lenet5_batchNorm3,59,0.6301724137931034,0.6570755595148882,0.5720150057855583,0.5634750720585125,0.1
lenet5_batchNorm3,45,0.631896551724138,0.668127609982146,0.5757825899243252,0.5643511050082635,0.1
lenet5_batchNorm3,53,0.6336206896551724,0.674449266483643,0.5788542878516975,0.5701269410693586,0.1
lenet5_batchNorm3,58,0.6336206896551724,0.6636291999487988,0.5766198360343048,0.5679546389165807,0.1
lenet5_batchNorm3,44,0.6267241379310344,0.6604966637334837,0.5700881545008304,0.5615346883346216,0.1
lenet5_batchNorm3,47,0.6336206896551724,0.6703722411186582,0.5791984286348533,0.5713977235277163,0.1
lenet5_batchNorm3,41,0.6293103448275862,0.6595328751778956,0.5739381695551873,0.5625581949867977,0.1
lenet5_batchNorm3,54,0.6370689655172413,0.6601084017243737,0.5804758519185905,0.5689936384652414,0.1
lenet5_batchNorm3,51,0.6275862068965518,0.6743879077422567,0.5788884981388389,0.5686353842964247,0.1
lenet5_batchNorm3,55,0.628448275862069,0.654918544962691,0.5640671671166672,0.5559560874972755,0.1
lenet5_batchNorm3,57,0.6327586206896552,0.6617440781755086,0.5769381277068325,0.5675077315258722,0.1
lenet5_batchNorm3,69,0.6310344827586207,0.6598103702664787,0.5728310225572291,0.5646741404546569,0.1
lenet5_batchNorm3,68,0.6310344827586207,0.657381924672328,0.5722591219313624,0.5652067456865323,0.1
lenet5_batchNorm3,78,0.6405172413793103,0.6695507985594114,0.5848104671279405,0.5749941756408387,0.1
lenet5_batchNorm3,71,0.6224137931034482,0.6558392375628739,0.5679963729292539,0.5578903451038498,0.1
lenet5_batchNorm3,66,0.6370689655172413,0.6669280619819842,0.5811464134902675,0.5754416651397085,0.1
lenet5_batchNorm3,80,0.6241379310344828,0.6579115774512845,0.5703953214574669,0.5622647667475469,0.1
lenet5_batchNorm3,67,0.6275862068965518,0.6648261148511849,0.5742018981408288,0.5640449000142687,0.1
lenet5_batchNorm3,73,0.6327586206896552,0.6569277040607945,0.5757401770245926,0.5642876508237431,0.1
lenet5_batchNorm3,64,0.6396551724137931,0.6692511515561264,0.5798576056600607,0.5721218951880286,0.1
lenet5_batchNorm3,70,0.6456896551724138,0.6693186792297214,0.582571824403747,0.5753295607386191,0.1
lenet5_batchNorm3,61,0.6327586206896552,0.6637133930196447,0.5730329703331083,0.5637201913597346,0.1
lenet5_batchNorm3,72,0.6336206896551724,0.6628201140395754,0.5789746191909514,0.5706765004429099,0.1
lenet5_batchNorm3,79,0.6344827586206897,0.6635083179031606,0.5749844590645397,0.5673731515743682,0.1
lenet5_batchNorm3,74,0.628448275862069,0.6638638899595977,0.5749207090701205,0.5674293789799252,0.1
lenet5_batchNorm3,63,0.6275862068965518,0.6644196032078473,0.5722955199564888,0.5633367786233803,0.1
lenet5_batchNorm3,76,0.628448275862069,0.6653531370763266,0.5742250223525017,0.5673090006664863,0.1
lenet5_batchNorm3,62,0.6327586206896552,0.6624246528469252,0.5752166661946447,0.5650680402529168,0.1
lenet5_batchNorm3,77,0.6353448275862069,0.6668665505390717,0.5797697456361263,0.5707986270459232,0.1
lenet5_batchNorm3,75,0.6439655172413793,0.6620038975657505,0.582883827639956,0.5730451466266829,0.1
lenet5_batchNorm3,65,0.6353448275862069,0.6655734592576288,0.576866994033455,0.5704260366494138,0.1
lenet5_batchNorm3,82,0.6379310344827587,0.6642050017394177,0.5796409387755801,0.5743731576363242,0.1
lenet5_batchNorm3,86,0.6405172413793103,0.6736095763073621,0.5850099862874918,0.5755571878440382,0.1
lenet5_batchNorm3,91,0.628448275862069,0.6543205504947289,0.5708310616167823,0.5615943797863934,0.1
lenet5_batchNorm3,83,0.6353448275862069,0.6566422110896327,0.5751729516978956,0.5645546528916007,0.1
lenet5_batchNorm3,88,0.6301724137931034,0.6624527629056135,0.5773134436360643,0.5690005520062499,0.1
lenet5_batchNorm3,84,0.6310344827586207,0.6624005015295107,0.5730176435098321,0.5675846439035899,0.1
lenet5_batchNorm3,97,0.6344827586206897,0.6709546549619635,0.5851763555251854,0.5750217420923986,0.1
lenet5_batchNorm3,89,0.6301724137931034,0.6606271783597313,0.5720722828152207,0.5631081727457542,0.1
lenet5_batchNorm3,98,0.6344827586206897,0.6760171955456161,0.5780921734924024,0.5714481916000993,0.1
lenet5_batchNorm3,99,0.628448275862069,0.6564472488900693,0.5739541638478287,0.563483444252217,0.1
lenet5_batchNorm3,94,0.6267241379310344,0.6532653075227625,0.5677856697717883,0.5582452930079651,0.1
lenet5_batchNorm3,100,0.6275862068965518,0.6582559271933133,0.5769821390215908,0.565615046562549,0.1
lenet5_batchNorm3,93,0.6336206896551724,0.6678158343074814,0.5777645267779008,0.5685645667958139,0.1
lenet5_batchNorm3,81,0.6275862068965518,0.6551652460570937,0.5678330000571055,0.5586619265067154,0.1
lenet5_batchNorm3,92,0.6327586206896552,0.6617976947312263,0.5749393952233838,0.5668404539590155,0.1
lenet5_batchNorm3,85,0.6301724137931034,0.6602960499289744,0.5743694605246447,0.564605509013431,0.1
lenet5_batchNorm3,90,0.6293103448275862,0.6613626219066351,0.5738178471024429,0.5631872731249994,0.1
lenet5_batchNorm3,96,0.6301724137931034,0.6622269787600115,0.5708904611254093,0.5632794841980826,0.1
lenet5_batchNorm3,87,0.6344827586206897,0.6627124339189898,0.5765568919273096,0.5668569647706543,0.1
lenet5_batchNorm3,95,0.6267241379310344,0.6579586908258646,0.5749429013680128,0.5633582775717331,0.1
lenet5_batchNorm3,4,0.6294859359844811,0.6572878658965131,0.5694784450439472,0.5601587123253895,0.2
lenet5_batchNorm3,7,0.6217264791464597,0.6533715592868082,0.5705984866705964,0.5599595115476101,0.2
lenet5_batchNorm3,19,0.6362754607177498,0.6637224198210883,0.581166619836597,0.5739748849471646,0.2
lenet5_batchNorm3,8,0.6479146459747818,0.6885558135991883,0.5919857309833934,0.5900620773039511,0.2
lenet5_batchNorm3,20,0.6168768186226964,0.6566419730438784,0.5674916125116354,0.5558092341151246,0.2
lenet5_batchNorm3,16,0.623666343355965,0.6457123223917192,0.5658746662553326,0.5551899548543942,0.2
lenet5_batchNorm3,11,0.6314258001939864,0.6676338420530507,0.5784292404467987,0.5689316051987416,0.2
lenet5_batchNorm3,14,0.6265761396702231,0.6628262964519804,0.5713957553471254,0.5615661091157297,0.2
lenet5_batchNorm3,18,0.6314258001939864,0.6657873606745769,0.572159238819922,0.567183710339086,0.2
lenet5_batchNorm3,6,0.6450048496605237,0.6730830134481108,0.5833572457105871,0.5793408899863186,0.2
lenet5_batchNorm3,2,0.6217264791464597,0.6571244780482317,0.5683405914286783,0.5601977888605132,0.2
lenet5_batchNorm3,17,0.6294859359844811,0.6522201044146226,0.5690485715976787,0.5582499980321742,0.2
lenet5_batchNorm3,3,0.6498545101842871,0.6786634424389119,0.5866762640088966,0.5815716351904425,0.2
lenet5_batchNorm3,10,0.6246362754607178,0.6634450937951533,0.5660796303490311,0.5575439153728179,0.2
lenet5_batchNorm3,13,0.6304558680892337,0.6650575390922485,0.5763458732995697,0.5680743852670582,0.2
lenet5_batchNorm3,9,0.6294859359844811,0.6570649251834488,0.5720967678992003,0.5629086586272924,0.2
lenet5_batchNorm3,12,0.6304558680892337,0.6669007712259878,0.5723086974020106,0.5638510824236944,0.2
lenet5_batchNorm3,5,0.6285160038797284,0.6705042399882833,0.5763147319706999,0.5714714385312492,0.2
lenet5_batchNorm3,1,0.6256062075654704,0.6656384779339964,0.5650440316222834,0.5549681324936749,0.2
lenet5_batchNorm3,15,0.6256062075654704,0.6546169193022792,0.5682754480624557,0.5574421583470296,0.2
lenet5_batchNorm3,26,0.6275460717749758,0.6660338482237387,0.5738124707528605,0.5635984528146304,0.2
lenet5_batchNorm3,23,0.6285160038797284,0.6580232641943111,0.5696246240449829,0.5609573837073493,0.2
lenet5_batchNorm3,27,0.6285160038797284,0.6620724724567476,0.5776671496629712,0.5647378831432348,0.2
lenet5_batchNorm3,34,0.6333656644034917,0.6666119725049778,0.5841766320695104,0.5723537628485427,0.2
lenet5_batchNorm3,28,0.6275460717749758,0.6479274573936016,0.5738677617339442,0.5616147758735114,0.2
lenet5_batchNorm3,36,0.635305528612997,0.67125692232453,0.5806170722208301,0.5722086458994233,0.2
lenet5_batchNorm3,31,0.6304558680892337,0.6687084367869429,0.5820827278102774,0.5760821484892731,0.2
lenet5_batchNorm3,25,0.6411251212415131,0.6598924814620004,0.5823255657101967,0.5720949734949906,0.2
lenet5_batchNorm3,35,0.6401551891367604,0.6722645328421538,0.5846388122805067,0.5781214266620572,0.2
lenet5_batchNorm3,40,0.6226964112512124,0.6604872272066424,0.5700204914225068,0.5588522825371895,0.2
lenet5_batchNorm3,21,0.6265761396702231,0.658550841923633,0.571785364504311,0.5636933500483334,0.2
lenet5_batchNorm3,24,0.6401551891367604,0.6840030811615592,0.5908213847015351,0.5806898481622784,0.2
lenet5_batchNorm3,38,0.6382153249272551,0.6812036998525015,0.5842384135280632,0.5772944427258347,0.2
lenet5_batchNorm3,37,0.6401551891367604,0.6767180581621938,0.5824177527644553,0.5761243084157063,0.2
lenet5_batchNorm3,30,0.635305528612997,0.673776541147981,0.5769452151530152,0.5714163425550967,0.2
lenet5_batchNorm3,22,0.6323957322987391,0.659191496584566,0.5783418114486949,0.5636387014017299,0.2
lenet5_batchNorm3,32,0.6430649854510184,0.6691971055986983,0.5864161368541144,0.5773787995007601,0.2
lenet5_batchNorm3,29,0.6304558680892337,0.656851779561868,0.5738244726111261,0.564583400837629,0.2
lenet5_batchNorm3,33,0.6391852570320078,0.6710993872054899,0.583885292385362,0.5785766392604144,0.2
lenet5_batchNorm3,39,0.6285160038797284,0.6599339875687471,0.5731063594261604,0.5631300271935646,0.2
lenet5_batchNorm3,54,0.6547041707080504,0.6858698975353217,0.5923585671095613,0.5877795615631879,0.2
lenet5_batchNorm3,46,0.6333656644034917,0.6682711622621351,0.574828444108665,0.5681259956506419,0.2
lenet5_batchNorm3,53,0.6372453928225025,0.6606917132267829,0.5783747545675044,0.569123796732307,0.2
lenet5_batchNorm3,41,0.6323957322987391,0.6635281992152693,0.5741581461538485,0.5659392573605322,0.2
lenet5_batchNorm3,43,0.6382153249272551,0.6726154589633646,0.5785291958218608,0.574386019520922,0.2
lenet5_batchNorm3,57,0.6440349175557711,0.6631435882682932,0.57815175285582,0.5720926177163652,0.2
lenet5_batchNorm3,55,0.6420950533462657,0.6665505352633183,0.5801236001974485,0.5740833370765663,0.2
lenet5_batchNorm3,59,0.6207565470417071,0.6551776577368734,0.5650917574602097,0.558831034598915,0.2
lenet5_batchNorm3,51,0.6333656644034917,0.6538958372364185,0.5806609928506645,0.5699217391628154,0.2
lenet5_batchNorm3,49,0.635305528612997,0.6600762054179349,0.5763569191700959,0.5672294456687649,0.2
lenet5_batchNorm3,52,0.6333656644034917,0.6590757616115452,0.5807614484308281,0.5710176964745245,0.2
lenet5_batchNorm3,50,0.6285160038797284,0.6476072527570793,0.5655772473531842,0.5567881859997903,0.2
lenet5_batchNorm3,44,0.6382153249272551,0.6647844219809829,0.5814304855904415,0.5727261369741106,0.2
lenet5_batchNorm3,47,0.635305528612997,0.6758463403684373,0.5843429090338716,0.5795582224971529,0.2
lenet5_batchNorm3,60,0.6566440349175557,0.6845987810226859,0.5962820516882286,0.5907714555858479,0.2
lenet5_batchNorm3,45,0.6372453928225025,0.6659890879744046,0.5833785163596081,0.5716517406085856,0.2
lenet5_batchNorm3,58,0.6197866149369544,0.6455635958641465,0.5676702061763561,0.5541604968838565,0.2
lenet5_batchNorm3,56,0.6391852570320078,0.6688781960441365,0.5744406257307706,0.5650275050992364,0.2
lenet5_batchNorm3,42,0.6275460717749758,0.6582253382247675,0.5678538560497022,0.5618779665515171,0.2
lenet5_batchNorm3,48,0.6275460717749758,0.6706891548059855,0.5686025531471053,0.5636450905552357,0.2
lenet5_batchNorm3,71,0.635305528612997,0.6720668513062025,0.5841387770237093,0.5731204233461805,0.2
lenet5_batchNorm3,69,0.6304558680892337,0.6651275283349345,0.5757366728084694,0.5636368384591507,0.2
lenet5_batchNorm3,78,0.6343355965082444,0.6544353385519711,0.5753098840161069,0.5643993548192467,0.2
lenet5_batchNorm3,65,0.6420950533462657,0.6682994610530977,0.5870015901937846,0.579331417766255,0.2
lenet5_batchNorm3,67,0.6285160038797284,0.6632183885505276,0.5778047289978373,0.5699659681879706,0.2
lenet5_batchNorm3,74,0.6323957322987391,0.6592021968780408,0.571433740725243,0.5637852870549638,0.2
lenet5_batchNorm3,72,0.6343355965082444,0.6669571444530029,0.5812125123681976,0.572496491594954,0.2
lenet5_batchNorm3,77,0.6265761396702231,0.6424924866231433,0.5656712672738111,0.5526995008061512,0.2
lenet5_batchNorm3,75,0.6343355965082444,0.657972670667676,0.5720782502301198,0.561911312224169,0.2
lenet5_batchNorm3,76,0.6420950533462657,0.6910022506905711,0.590423151013542,0.5838148650179554,0.2
lenet5_batchNorm3,63,0.6323957322987391,0.6538610732414456,0.5759960675249614,0.5648806312198195,0.2
lenet5_batchNorm3,80,0.6314258001939864,0.6724646326634105,0.5782791151152129,0.5730369483081883,0.2
lenet5_batchNorm3,66,0.6343355965082444,0.6591679795661829,0.580926225424214,0.5713422873871676,0.2
lenet5_batchNorm3,62,0.6343355965082444,0.6754486531323813,0.5839592419483814,0.5753580940529692,0.2
lenet5_batchNorm3,73,0.6391852570320078,0.6586841641281451,0.5767026503165588,0.5703472757360342,0.2
lenet5_batchNorm3,64,0.6285160038797284,0.6686749573526323,0.5738015915523051,0.5642508128325889,0.2
lenet5_batchNorm3,68,0.6430649854510184,0.6643338166433952,0.5808596899309709,0.5730302672291755,0.2
lenet5_batchNorm3,61,0.6343355965082444,0.6632415837848735,0.5767763506158377,0.5698189508196237,0.2
lenet5_batchNorm3,70,0.6333656644034917,0.6710356115910759,0.5781930809184761,0.5701629220406429,0.2
lenet5_batchNorm3,79,0.6372453928225025,0.6789669304476186,0.5874372973135078,0.5786177187822182,0.2
lenet5_batchNorm3,84,0.6168768186226964,0.6544907935629478,0.5686044987327415,0.5545021362478433,0.2
lenet5_batchNorm3,99,0.6323957322987391,0.6648603982397797,0.578963433761839,0.5715632724550074,0.2
lenet5_batchNorm3,87,0.6333656644034917,0.6583173324253575,0.578927665066327,0.5701303858321609,0.2
lenet5_batchNorm3,91,0.6362754607177498,0.680429329695478,0.5846764520589895,0.577762792347599,0.2
lenet5_batchNorm3,83,0.6362754607177498,0.6551384587938812,0.5736516750733661,0.5638151225701008,0.2
lenet5_batchNorm3,94,0.6420950533462657,0.6716203002540306,0.5761758943814954,0.5722829293046092,0.2
lenet5_batchNorm3,97,0.6411251212415131,0.6739979863868119,0.584595400063403,0.5769542938005334,0.2
lenet5_batchNorm3,88,0.635305528612997,0.6619881644251018,0.5730581735937519,0.5665478753534018,0.2
lenet5_batchNorm3,82,0.6382153249272551,0.6663520644311511,0.575645501572432,0.5734362335804117,0.2
lenet5_batchNorm3,93,0.6450048496605237,0.6705233028570781,0.5875429895855153,0.5801964152291281,0.2
lenet5_batchNorm3,90,0.6256062075654704,0.6631994617939387,0.5731476283985685,0.5642417807707628,0.2
lenet5_batchNorm3,100,0.6314258001939864,0.6502062013546703,0.5707085376083867,0.5583264071074094,0.2
lenet5_batchNorm3,86,0.623666343355965,0.6512250261611071,0.5644432629520594,0.5557472723503405,0.2
lenet5_batchNorm3,95,0.6430649854510184,0.6686466421744433,0.5852452261192045,0.57842610008051,0.2
lenet5_batchNorm3,85,0.6401551891367604,0.6656876814714098,0.5810485609907792,0.5749986039620099,0.2
lenet5_batchNorm3,89,0.6372453928225025,0.667103012794705,0.5810446230765595,0.5750078104358247,0.2
lenet5_batchNorm3,81,0.623666343355965,0.6605136068965544,0.5719068570544932,0.5620826769395344,0.2
lenet5_batchNorm3,92,0.6246362754607178,0.6537071043509763,0.5702527472263401,0.5607248263470352,0.2
lenet5_batchNorm3,96,0.6479146459747818,0.6731069754171679,0.5878849391134515,0.5821520263380984,0.2
lenet5_batchNorm3,98,0.6343355965082444,0.6633999259603831,0.5740546130946548,0.5674307641072954,0.2
lenet5_batchNorm3,5,0.6485587583148559,0.665724143546229,0.5907897994578727,0.583870630804784,0.3
lenet5_batchNorm3,7,0.6208425720620843,0.6425795730611581,0.5612308618524633,0.5510508332361315,0.3
lenet5_batchNorm3,11,0.6374722838137472,0.6713420496858814,0.5860410012882409,0.5788243590007569,0.3
lenet5_batchNorm3,17,0.6186252771618626,0.6525545487778184,0.5653093563797823,0.5569721242608078,0.3
lenet5_batchNorm3,1,0.6241685144124168,0.6615447984335397,0.5747995023197416,0.5645116327845152,0.3
lenet5_batchNorm3,3,0.6374722838137472,0.6600240661991851,0.5796847316034415,0.5714562538818233,0.3
lenet5_batchNorm3,13,0.6263858093126385,0.6840462596172492,0.5701045988265949,0.5633583598890397,0.3
lenet5_batchNorm3,4,0.6396895787139689,0.677510884348989,0.5849238168847453,0.5781009410104198,0.3
lenet5_batchNorm3,8,0.6430155210643016,0.67441362515137,0.5863466408953409,0.5773922622852082,0.3
lenet5_batchNorm3,14,0.6396895787139689,0.6689869749503803,0.586976954586247,0.5765379190772318,0.3
lenet5_batchNorm3,15,0.6419068736141907,0.6663849949368457,0.5759991449802517,0.5722802457679315,0.3
lenet5_batchNorm3,9,0.6385809312638581,0.6569243920170689,0.5784583343804952,0.5661380818664107,0.3
lenet5_batchNorm3,19,0.6363636363636364,0.6598587957580643,0.5863630873633893,0.5760900332877947,0.3
lenet5_batchNorm3,12,0.6274944567627494,0.6614280302785909,0.5710543936768449,0.5654335755760894,0.3
lenet5_batchNorm3,2,0.6396895787139689,0.668905139080422,0.5841453541929464,0.5715725928780577,0.3
lenet5_batchNorm3,16,0.6241685144124168,0.6708327163736465,0.5718528167829267,0.5653482969018808,0.3
lenet5_batchNorm3,10,0.6419068736141907,0.6797489015477063,0.5879082176822545,0.5817093182720898,0.3
lenet5_batchNorm3,6,0.61529933481153,0.6759861290783683,0.5649633038874466,0.5560334527208706,0.3
lenet5_batchNorm3,18,0.6430155210643016,0.6649611528781878,0.5864638453490735,0.5767295139374305,0.3
lenet5_batchNorm3,20,0.6274944567627494,0.663589998520561,0.5753560457503875,0.5660200609781287,0.3
lenet5_batchNorm3,36,0.6197339246119734,0.6441498218850203,0.5631948974083285,0.552323445318092,0.3
lenet5_batchNorm3,37,0.6352549889135255,0.6582904918257549,0.5703788921841595,0.5645574957134625,0.3
lenet5_batchNorm3,27,0.6352549889135255,0.672173338603929,0.5784055481745931,0.5658538087362761,0.3
lenet5_batchNorm3,23,0.6463414634146342,0.6728269834046106,0.5897837766883043,0.585804526039429,0.3
lenet5_batchNorm3,25,0.6363636363636364,0.6586303217865148,0.5781122562933518,0.5682062168817598,0.3
lenet5_batchNorm3,38,0.6341463414634146,0.6794245553408664,0.5799420263066668,0.5651763686888118,0.3
lenet5_batchNorm3,29,0.6274944567627494,0.6482229262483837,0.570421755319709,0.5551891039932946,0.3
lenet5_batchNorm3,24,0.6374722838137472,0.6660476074615062,0.5782815496544911,0.5661169692750847,0.3
lenet5_batchNorm3,32,0.6319290465631929,0.6562653116108319,0.5810646077095226,0.5677046459118599,0.3
lenet5_batchNorm3,34,0.6352549889135255,0.6640400640628017,0.5743902921996725,0.5683064536412075,0.3
lenet5_batchNorm3,40,0.6241685144124168,0.659950471444146,0.5725682624465052,0.5629106396193164,0.3
lenet5_batchNorm3,30,0.6341463414634146,0.6612946917413675,0.5843891907943115,0.5729886920500975,0.3
lenet5_batchNorm3,35,0.6363636363636364,0.6728553713621831,0.5817511202199691,0.5734485797272386,0.3
lenet5_batchNorm3,26,0.6352549889135255,0.6632945333745252,0.5787601833203777,0.5707226332389765,0.3
lenet5_batchNorm3,21,0.6330376940133038,0.6504850146616329,0.5743340850867097,0.5582817980418869,0.3
lenet5_batchNorm3,28,0.6208425720620843,0.6474571420751968,0.5653933451781106,0.5540458268130257,0.3
lenet5_batchNorm3,39,0.6363636363636364,0.6440684478801477,0.5754579380062785,0.5585476769420439,0.3
lenet5_batchNorm3,31,0.6385809312638581,0.6727415602619569,0.5828686873419693,0.576296943287752,0.3
lenet5_batchNorm3,33,0.6186252771618626,0.6611443121810417,0.5690174037276765,0.5557509327916068,0.3
lenet5_batchNorm3,22,0.6252771618625277,0.6722730944724141,0.571211590249123,0.5606976783971688,0.3
lenet5_batchNorm3,43,0.6341463414634146,0.6553422440279347,0.5830377755418621,0.5677221345144776,0.3
lenet5_batchNorm3,45,0.6330376940133038,0.675096913202303,0.575807653064691,0.570818250461939,0.3
lenet5_batchNorm3,52,0.6518847006651884,0.6830223804909807,0.5917929930886686,0.5836698497424562,0.3
lenet5_batchNorm3,46,0.6208425720620843,0.6582637446472578,0.5676508056825053,0.5560266912086089,0.3
lenet5_batchNorm3,50,0.6308203991130821,0.6642731157047927,0.574435095264071,0.567706188670331,0.3
lenet5_batchNorm3,59,0.6197339246119734,0.6461629464467717,0.5648547597059044,0.5547966568723595,0.3
lenet5_batchNorm3,48,0.6308203991130821,0.6704530622233001,0.5691994846178952,0.564624723267025,0.3
lenet5_batchNorm3,47,0.6352549889135255,0.6595087524082773,0.5736567321562128,0.5670121281657929,0.3
lenet5_batchNorm3,42,0.6330376940133038,0.6547897490755172,0.5732152165605688,0.567134781022967,0.3
lenet5_batchNorm3,58,0.6241685144124168,0.6572665780267647,0.5741030461904821,0.5597837207163422,0.3
lenet5_batchNorm3,56,0.6241685144124168,0.6577284161681813,0.5725559435646587,0.5595934247807381,0.3
lenet5_batchNorm3,57,0.6363636363636364,0.6521905991160815,0.5715191921827436,0.5663607941590254,0.3
lenet5_batchNorm3,53,0.6341463414634146,0.6798447694049894,0.579339651723553,0.5703009943974372,0.3
lenet5_batchNorm3,60,0.6330376940133038,0.6533351612218568,0.5687445481753902,0.5580938680561236,0.3
lenet5_batchNorm3,55,0.6219512195121951,0.6678852374152724,0.5664785870746633,0.5597330394889328,0.3
lenet5_batchNorm3,51,0.623059866962306,0.6395349605346885,0.5612943556407433,0.5500933325384288,0.3
lenet5_batchNorm3,44,0.6430155210643016,0.6787164566124969,0.5865800433844778,0.5771305603774926,0.3
lenet5_batchNorm3,41,0.6363636363636364,0.6730256804121589,0.5871427154108806,0.5750501778101459,0.3
lenet5_batchNorm3,49,0.6485587583148559,0.6880997299913725,0.5907934745018972,0.5872155724123294,0.3
lenet5_batchNorm3,54,0.6430155210643016,0.6647536985528737,0.5752476197323778,0.5651113726523372,0.3
lenet5_batchNorm3,73,0.6407982261640798,0.6719599453358149,0.5850063678679527,0.5740336245043517,0.3
lenet5_batchNorm3,66,0.6286031042128604,0.6772756315243981,0.5749600778819055,0.5638668120981183,0.3
lenet5_batchNorm3,77,0.6319290465631929,0.6642802874580982,0.5740737099153674,0.5668026026202446,0.3
lenet5_batchNorm3,67,0.6286031042128604,0.6702910624763357,0.573894833318408,0.5686090458309565,0.3
lenet5_batchNorm3,72,0.6286031042128604,0.6672040723649992,0.5693896725603319,0.564191744987903,0.3
lenet5_batchNorm3,76,0.6419068736141907,0.6647387018430618,0.5832255649059436,0.5743248764779608,0.3
lenet5_batchNorm3,70,0.6341463414634146,0.6639690033993427,0.5785716995678758,0.5685999329248478,0.3
lenet5_batchNorm3,79,0.6274944567627494,0.6647784086549283,0.5709781876482372,0.5653287376622175,0.3
lenet5_batchNorm3,78,0.6352549889135255,0.6719017389115806,0.5789838318245428,0.5738670817519869,0.3
lenet5_batchNorm3,65,0.6407982261640798,0.6765086917712344,0.5842903363821212,0.571729318119509,0.3
lenet5_batchNorm3,62,0.6297117516629712,0.6674752583201113,0.5713441717677875,0.5671443686034732,0.3
lenet5_batchNorm3,74,0.6507760532150776,0.6758787870846168,0.592104293660123,0.5841624266145454,0.3
lenet5_batchNorm3,68,0.6441241685144125,0.6712184340591436,0.5856141490049263,0.5800769780837611,0.3
lenet5_batchNorm3,69,0.6363636363636364,0.6753383612645899,0.5804876381130646,0.5710934450526819,0.3
lenet5_batchNorm3,64,0.6263858093126385,0.6476172382988888,0.5663885463847744,0.5569952656866104,0.3
lenet5_batchNorm3,71,0.6197339246119734,0.6485173016422102,0.5693780392175447,0.5534258202050034,0.3
lenet5_batchNorm3,75,0.6496674057649667,0.6915330667868834,0.5883849573205667,0.5839708759733446,0.3
lenet5_batchNorm3,61,0.623059866962306,0.649750711633801,0.5657586327864402,0.5581741257403792,0.3
lenet5_batchNorm3,80,0.623059866962306,0.6499509544077738,0.569700713865475,0.5618348383708458,0.3
lenet5_batchNorm3,63,0.6297117516629712,0.6648610690439936,0.5739317885324564,0.5703890547397669,0.3
lenet5_batchNorm3,99,0.6341463414634146,0.6617101110281582,0.5828847218531081,0.5763591564939108,0.3
lenet5_batchNorm3,82,0.6441241685144125,0.6465647301868608,0.5793379879273972,0.570246090112617,0.3
lenet5_batchNorm3,84,0.6319290465631929,0.662138546928686,0.5702888063845961,0.5600778870950601,0.3
lenet5_batchNorm3,93,0.6319290465631929,0.6700741590701431,0.5764481570980786,0.5711823136763272,0.3
lenet5_batchNorm3,83,0.6319290465631929,0.6621852379151826,0.5715662946972648,0.559583253874645,0.3
lenet5_batchNorm3,87,0.6263858093126385,0.6582147090192486,0.5771603445301074,0.5618063500971205,0.3
lenet5_batchNorm3,98,0.6319290465631929,0.6602189991116825,0.5751367965924199,0.5663175043251607,0.3
lenet5_batchNorm3,97,0.6374722838137472,0.6574428036030109,0.581948971544259,0.5679537404680178,0.3
lenet5_batchNorm3,86,0.6507760532150776,0.66839065059507,0.5856428758415627,0.5783960014295436,0.3
lenet5_batchNorm3,96,0.6330376940133038,0.6604559341100871,0.5734104592105375,0.5643681475908379,0.3
lenet5_batchNorm3,91,0.6286031042128604,0.6610451995385989,0.5738499258464567,0.5653274585916027,0.3
lenet5_batchNorm3,94,0.6252771618625277,0.6615635029036449,0.5671643950591319,0.5590818448784589,0.3
lenet5_batchNorm3,85,0.647450110864745,0.6788925976584246,0.5903406550135595,0.577122062991547,0.3
lenet5_batchNorm3,90,0.6396895787139689,0.6839870121467125,0.5839927363374093,0.5739328790168464,0.3
lenet5_batchNorm3,88,0.6297117516629712,0.6523337159865111,0.5685789604606712,0.5592819933664607,0.3
lenet5_batchNorm3,81,0.6164079822616408,0.6466056235707729,0.5616356291428547,0.5494463129639218,0.3
lenet5_batchNorm3,95,0.6341463414634146,0.6788943190574231,0.5881049386236412,0.5787551097401046,0.3
lenet5_batchNorm3,92,0.6097560975609756,0.6426529972872428,0.5559063364902941,0.5448743328962571,0.3
lenet5_batchNorm3,100,0.6308203991130821,0.6668193101796375,0.5843719573742333,0.5725739881959858,0.3
lenet5_batchNorm3,89,0.6341463414634146,0.6515933247571178,0.5803791153262153,0.5633294739001697,0.3
lenet5_batchNorm3,1,0.6584734799482536,0.6997703753008989,0.5930067798437291,0.58911579129291,0.4
lenet5_batchNorm3,10,0.6274256144890039,0.6455069563780997,0.5709052277738706,0.5610940925474367,0.4
lenet5_batchNorm3,8,0.628719275549806,0.6612483468873994,0.5658744474572812,0.5642977273049957,0.4
lenet5_batchNorm3,2,0.6261319534282018,0.6710698600239893,0.5746680271552986,0.5704065853661102,0.4
lenet5_batchNorm3,6,0.6390685640362225,0.6712608472328954,0.5767743027891685,0.5697302727530446,0.4
lenet5_batchNorm3,12,0.628719275549806,0.6404397395892992,0.5716092360839008,0.5568532390468203,0.4
lenet5_batchNorm3,16,0.6442432082794308,0.6575733914990015,0.5743861321373734,0.564015356091524,0.4
lenet5_batchNorm3,14,0.6364812419146184,0.69110701125407,0.5850076845039797,0.5766574567217907,0.4
lenet5_batchNorm3,7,0.6364812419146184,0.6681047781115689,0.588233411729802,0.5721741267261675,0.4
lenet5_batchNorm3,20,0.6338939197930142,0.6762223213882252,0.5814823891993719,0.5775069793769473,0.4
lenet5_batchNorm3,3,0.6157826649417852,0.6404897633189036,0.5602630332035932,0.5444494093183038,0.4
lenet5_batchNorm3,9,0.6274256144890039,0.6688023105567776,0.5761258754826468,0.5697919702393325,0.4
lenet5_batchNorm3,17,0.6442432082794308,0.6646613070128523,0.5840501210993014,0.5766040163077701,0.4
lenet5_batchNorm3,13,0.6015523932729625,0.6604539099130876,0.5595721169118899,0.548020177694436,0.4
lenet5_batchNorm3,4,0.630012936610608,0.6642706419087989,0.5755079483026806,0.5632703850737217,0.4
lenet5_batchNorm3,11,0.628719275549806,0.6658763101374873,0.5806875809609691,0.5682803960439823,0.4
lenet5_batchNorm3,19,0.6041397153945667,0.6592622437678408,0.5511181900125972,0.5413417628653265,0.4
lenet5_batchNorm3,18,0.6261319534282018,0.6372029204480626,0.5741970376107961,0.5554108508750867,0.4
lenet5_batchNorm3,5,0.6558861578266494,0.6986751143108566,0.6008136886231541,0.5975052182937587,0.4
lenet5_batchNorm3,15,0.6209573091849935,0.6471226529585663,0.5764567033979234,0.5591181018200798,0.4
lenet5_batchNorm3,36,0.6545924967658473,0.6777603747289557,0.594939699886846,0.5875168616025824,0.4
lenet5_batchNorm3,34,0.6144890038809832,0.6608394373925082,0.5656608716303568,0.5538243008378189,0.4
lenet5_batchNorm3,23,0.6248382923673997,0.6516044297637735,0.575273438863027,0.5607682508821215,0.4
lenet5_batchNorm3,30,0.6261319534282018,0.6549969320205464,0.5720528119944543,0.563024023939099,0.4
lenet5_batchNorm3,32,0.6170763260025873,0.6699143693768054,0.5714782265058924,0.5559546237665316,0.4
lenet5_batchNorm3,28,0.6403622250970246,0.64320692424596,0.5676545196949697,0.558149666945035,0.4
lenet5_batchNorm3,40,0.6119016817593791,0.6466853044818118,0.5573704555396767,0.5507112284017437,0.4
lenet5_batchNorm3,33,0.6468305304010349,0.6835179241246623,0.5914265292869256,0.5865203738391196,0.4
lenet5_batchNorm3,27,0.6248382923673997,0.66474786194732,0.5785216091565977,0.5657381121398619,0.4
lenet5_batchNorm3,38,0.648124191461837,0.6789443538994916,0.5892575544767806,0.5835492516281946,0.4
lenet5_batchNorm3,21,0.6274256144890039,0.6507945937281937,0.5677015052063339,0.5582903945135317,0.4
lenet5_batchNorm3,31,0.6209573091849935,0.6578809758516686,0.5631039165399203,0.555659284248191,0.4
lenet5_batchNorm3,39,0.6364812419146184,0.6636144670939488,0.5885564281389708,0.5808337693745789,0.4
lenet5_batchNorm3,29,0.6235446313065977,0.6666845894752824,0.5780487653675459,0.5677263450975727,0.4
lenet5_batchNorm3,35,0.6235446313065977,0.6322067141237825,0.555525717233993,0.5413730605078919,0.4
lenet5_batchNorm3,37,0.6727037516170763,0.6885444160140888,0.6127462828884277,0.6065853045835967,0.4
lenet5_batchNorm3,25,0.628719275549806,0.66737005864326,0.5663042414572483,0.5630954595150375,0.4
lenet5_batchNorm3,22,0.6442432082794308,0.6487775527108722,0.5717251034024555,0.5568199401377122,0.4
lenet5_batchNorm3,24,0.6170763260025873,0.6432745174867611,0.5588354383382824,0.5449080085065297,0.4
lenet5_batchNorm3,26,0.6144890038809832,0.6400333233982817,0.5551228234748395,0.5440965069475732,0.4
lenet5_batchNorm3,48,0.628719275549806,0.6265082971093807,0.5566825822296139,0.5458619815346729,0.4
lenet5_batchNorm3,53,0.6041397153945667,0.642691402720431,0.5601150452960845,0.547756696995495,0.4
lenet5_batchNorm3,54,0.6507115135834411,0.682970187536028,0.5884722441608481,0.5795020174212063,0.4
lenet5_batchNorm3,47,0.6364812419146184,0.65022401653902,0.5732034156844625,0.5656169632862225,0.4
lenet5_batchNorm3,57,0.6338939197930142,0.6529202990655645,0.5774783728380266,0.5683346212384099,0.4
lenet5_batchNorm3,41,0.6274256144890039,0.6419457104795451,0.5658669104307747,0.5546511084679575,0.4
lenet5_batchNorm3,43,0.6390685640362225,0.6797985541310827,0.5909626867818008,0.588880183739053,0.4
lenet5_batchNorm3,46,0.630012936610608,0.6607779623810487,0.5715735211110382,0.5628376174141572,0.4
lenet5_batchNorm3,44,0.630012936610608,0.6522555270402887,0.5751842643472487,0.5622136374240173,0.4
lenet5_batchNorm3,49,0.6261319534282018,0.6522585788348008,0.5769484072432035,0.55948815149921,0.4
lenet5_batchNorm3,45,0.6248382923673997,0.6634474517010085,0.5726019637734309,0.5637539664613775,0.4
lenet5_batchNorm3,42,0.6416558861578266,0.702066731398377,0.5963379574629575,0.5913148979917998,0.4
lenet5_batchNorm3,50,0.6429495472186287,0.6753062356608467,0.595115135819045,0.5836928616804847,0.4
lenet5_batchNorm3,51,0.6209573091849935,0.6609794788243832,0.571968579676597,0.5642617703084211,0.4
lenet5_batchNorm3,55,0.648124191461837,0.6905935048144997,0.5903238138720527,0.5848472792595534,0.4
lenet5_batchNorm3,56,0.6248382923673997,0.6333444700481932,0.561144514086037,0.5443770905102465,0.4
lenet5_batchNorm3,58,0.6248382923673997,0.6699356665932361,0.5785468852126769,0.5680895029706357,0.4
lenet5_batchNorm3,60,0.628719275549806,0.6644686674387209,0.5765396667718434,0.5625601633959292,0.4
lenet5_batchNorm3,59,0.6144890038809832,0.6504946528442637,0.558192518132094,0.5429181409001506,0.4
lenet5_batchNorm3,52,0.6468305304010349,0.6808906416382132,0.5933053944472102,0.5921033832855932,0.4
lenet5_batchNorm3,70,0.6196636481241915,0.6566650032092924,0.567886959054268,0.5609684333866396,0.4
lenet5_batchNorm3,73,0.6403622250970246,0.6761024090476206,0.5915944073007644,0.5804420445402675,0.4
lenet5_batchNorm3,68,0.6429495472186287,0.6933642427971567,0.5865774883926533,0.5848479383767776,0.4
lenet5_batchNorm3,72,0.6248382923673997,0.6671248051687213,0.5877825284737472,0.5763054043856729,0.4
lenet5_batchNorm3,71,0.6468305304010349,0.6983712124411008,0.5930256134883968,0.5888652675433511,0.4
lenet5_batchNorm3,66,0.6364812419146184,0.6712570881891203,0.5886368325113047,0.5801989059140145,0.4
lenet5_batchNorm3,76,0.6610608020698577,0.708589276437496,0.6058340673315891,0.6030457177815742,0.4
lenet5_batchNorm3,75,0.6494178525226391,0.6811757711051273,0.5740212585416368,0.5704682434535081,0.4
lenet5_batchNorm3,61,0.6377749029754204,0.6656900156581458,0.5714955287607285,0.5665522932905377,0.4
lenet5_batchNorm3,69,0.6377749029754204,0.6459347959021272,0.5718655918160541,0.5638075267337566,0.4
lenet5_batchNorm3,64,0.6274256144890039,0.6538091131348029,0.5648672849199741,0.5568734374383956,0.4
lenet5_batchNorm3,62,0.630012936610608,0.656544713114551,0.5755457695792944,0.5676336674429302,0.4
lenet5_batchNorm3,74,0.628719275549806,0.6456060109772055,0.5680561307154888,0.5561683403317798,0.4
lenet5_batchNorm3,77,0.6261319534282018,0.6574286588762048,0.5805530124228898,0.5607166752295718,0.4
lenet5_batchNorm3,78,0.6468305304010349,0.6786878597081845,0.5866552804854152,0.5776265600887617,0.4
lenet5_batchNorm3,67,0.6338939197930142,0.6655189398919521,0.5778717270172751,0.5701217008124779,0.4
lenet5_batchNorm3,63,0.6170763260025873,0.6542691736705146,0.5672035958635737,0.5480048369674453,0.4
lenet5_batchNorm3,65,0.6416558861578266,0.6621748800318332,0.5837912941601774,0.570959404083796,0.4
lenet5_batchNorm3,79,0.6196636481241915,0.6474679054724586,0.5669314982172529,0.5530515090132935,0.4
lenet5_batchNorm3,80,0.6455368693402329,0.6692840356496766,0.5891403957557019,0.580587817036357,0.4
lenet5_batchNorm3,85,0.6455368693402329,0.6749404239513495,0.5842809680569977,0.5815693601366145,0.4
lenet5_batchNorm3,89,0.610608020698577,0.6554796859888393,0.5692556207197397,0.5541206462857641,0.4
lenet5_batchNorm3,86,0.6131953428201811,0.634021614580438,0.5508523643244294,0.5384269140738179,0.4
lenet5_batchNorm3,82,0.630012936610608,0.6624995516581765,0.5710299328860582,0.5660668548637988,0.4
lenet5_batchNorm3,93,0.6248382923673997,0.6459299582807791,0.5683090256013494,0.5555331330339953,0.4
lenet5_batchNorm3,92,0.6429495472186287,0.6741071351989087,0.5791355846004507,0.5744438263111631,0.4
lenet5_batchNorm3,97,0.6338939197930142,0.6673277311738148,0.5802544785468995,0.5694491645088599,0.4
lenet5_batchNorm3,94,0.6261319534282018,0.6501572093943919,0.5664474231704857,0.5593944890731976,0.4
lenet5_batchNorm3,84,0.6157826649417852,0.6626203436202249,0.5696469398562796,0.5575906532845678,0.4
lenet5_batchNorm3,81,0.6261319534282018,0.6521457219251336,0.5632631397880262,0.5561181761337864,0.4
lenet5_batchNorm3,100,0.6351875808538163,0.6699613661470363,0.5776709860665148,0.5662066952106664,0.4
lenet5_batchNorm3,91,0.6261319534282018,0.6508353557889656,0.5698429795753741,0.5581265937050092,0.4
lenet5_batchNorm3,87,0.6261319534282018,0.6461044762762234,0.5618111294104791,0.5529204056936389,0.4
lenet5_batchNorm3,90,0.6390685640362225,0.6582713987783269,0.5811590098995578,0.5675067900381523,0.4
lenet5_batchNorm3,88,0.6209573091849935,0.6615425567578146,0.5758077235502406,0.5643109485863494,0.4
lenet5_batchNorm3,95,0.6494178525226391,0.6597975985660832,0.5777550776837832,0.5710582401411068,0.4
lenet5_batchNorm3,96,0.6338939197930142,0.6692584080376389,0.570063218332523,0.5600255853020734,0.4
lenet5_batchNorm3,83,0.6235446313065977,0.6543557918900761,0.576202371037369,0.5589336507898504,0.4
lenet5_batchNorm3,98,0.6235446313065977,0.659708525744704,0.5799005972944623,0.5733260728506975,0.4
lenet5_batchNorm3,99,0.6131953428201811,0.6472005142332448,0.574171927916206,0.5552020301251746,0.4
lenet5_batchNorm3,3,0.6242236024844721,0.6855772966166269,0.5855035819699609,0.5673466483805888,0.5
lenet5_batchNorm3,14,0.6319875776397516,0.6678831880044079,0.5750064080316888,0.5651359985099532,0.5
lenet5_batchNorm3,1,0.65527950310559,0.7021210170315648,0.6011154319378644,0.5969438369712425,0.5
lenet5_batchNorm3,7,0.6459627329192547,0.673128156036862,0.5951627743147581,0.5787377882883672,0.5
lenet5_batchNorm3,12,0.6350931677018633,0.6707913713960877,0.5848495270118078,0.577165434675166,0.5
lenet5_batchNorm3,5,0.6288819875776398,0.6449540072791321,0.5585981975876793,0.55288019509666,0.5
lenet5_batchNorm3,4,0.6040372670807453,0.6596501061541085,0.5571433615196584,0.5494564710708343,0.5
lenet5_batchNorm3,8,0.6149068322981367,0.6622775207991544,0.56871550054809,0.5551562801716791,0.5
lenet5_batchNorm3,2,0.6257763975155279,0.6571834811270084,0.5618689872253936,0.5557642182041617,0.5
lenet5_batchNorm3,20,0.6350931677018633,0.6635720589094994,0.5785722210564634,0.5593167351964297,0.5
lenet5_batchNorm3,19,0.6335403726708074,0.6776372405723785,0.581906614058514,0.5782749598170172,0.5
lenet5_batchNorm3,11,0.6459627329192547,0.7032953257062708,0.5978398065246608,0.5840901240632878,0.5
lenet5_batchNorm3,16,0.6319875776397516,0.6661813092679199,0.5808956516599363,0.5694480723268336,0.5
lenet5_batchNorm3,18,0.6599378881987578,0.6614679837587707,0.5862962203661973,0.5780112727775941,0.5
lenet5_batchNorm3,6,0.6661490683229814,0.7097139919365956,0.6083103391403483,0.5996695888288338,0.5
lenet5_batchNorm3,17,0.6459627329192547,0.6605629879128728,0.5889401119744466,0.5846187226818785,0.5
lenet5_batchNorm3,9,0.6195652173913043,0.6508874034567859,0.5750176806463425,0.5618551463613729,0.5
lenet5_batchNorm3,13,0.6428571428571429,0.7076807540946517,0.588488999664507,0.5766638973425365,0.5
lenet5_batchNorm3,10,0.6304347826086957,0.672393523719455,0.5801293777831709,0.5724674373239215,0.5
lenet5_batchNorm3,15,0.6428571428571429,0.6698635230940251,0.5851198869098092,0.580443818726854,0.5
lenet5_batchNorm3,28,0.6273291925465838,0.6843925340701822,0.5806492178918632,0.5767095437486485,0.5
lenet5_batchNorm3,24,0.6381987577639752,0.669140551640111,0.5749451778098288,0.5705991832735845,0.5
lenet5_batchNorm3,27,0.6319875776397516,0.6689474836171407,0.5743306916017169,0.5677389997409397,0.5
lenet5_batchNorm3,35,0.6490683229813664,0.6875043042173807,0.5922328034339424,0.587054263485622,0.5
lenet5_batchNorm3,37,0.6490683229813664,0.6614865788908766,0.5946290426244809,0.5814690834344074,0.5
lenet5_batchNorm3,36,0.6428571428571429,0.6574905059064131,0.588835723088019,0.5783900754115673,0.5
lenet5_batchNorm3,25,0.6444099378881988,0.6521743948802337,0.5797401304914817,0.5721230238161182,0.5
lenet5_batchNorm3,32,0.6521739130434783,0.6550825018689004,0.5883721682644627,0.5757042789891538,0.5
lenet5_batchNorm3,38,0.6381987577639752,0.6729303436185818,0.5856895556851544,0.5749498389581594,0.5
lenet5_batchNorm3,29,0.6257763975155279,0.6416787670474267,0.564282454610782,0.5507586430516657,0.5
lenet5_batchNorm3,40,0.6583850931677019,0.700903489238554,0.5985064872513848,0.597949600114511,0.5
lenet5_batchNorm3,39,0.6428571428571429,0.6812303189289474,0.5887686260255475,0.5827046553456239,0.5
lenet5_batchNorm3,33,0.6273291925465838,0.6607531925355377,0.5713072216985331,0.5611756610815986,0.5
lenet5_batchNorm3,34,0.593167701863354,0.6246418274294857,0.544423036069096,0.525432922267232,0.5
lenet5_batchNorm3,23,0.6350931677018633,0.6303081430149508,0.558781099047846,0.5503299176529428,0.5
lenet5_batchNorm3,21,0.6149068322981367,0.6468397481398185,0.5498613591336003,0.5400022704876198,0.5
lenet5_batchNorm3,26,0.6257763975155279,0.6572632011428191,0.5747199635241085,0.556892317774069,0.5
lenet5_batchNorm3,22,0.6319875776397516,0.6657497394900138,0.573300443593546,0.5611131736880073,0.5
lenet5_batchNorm3,30,0.639751552795031,0.6896189563698846,0.5878047277970462,0.5830076307630555,0.5
lenet5_batchNorm3,31,0.6257763975155279,0.636641865327726,0.5653349368204565,0.5559869390122202,0.5
lenet5_batchNorm3,59,0.6242236024844721,0.642881438687011,0.5610627042920101,0.5455656811164739,0.5
lenet5_batchNorm3,50,0.6195652173913043,0.6718431461241084,0.5702522420281178,0.56351077240884,0.5
lenet5_batchNorm3,54,0.6350931677018633,0.6705420473550515,0.583788456860872,0.5749302864332132,0.5
lenet5_batchNorm3,60,0.6350931677018633,0.664321138151986,0.5766693647090475,0.5654725333745872,0.5
lenet5_batchNorm3,45,0.6180124223602484,0.65039824770793,0.5686650729020546,0.5535986231383451,0.5
lenet5_batchNorm3,49,0.656832298136646,0.6588239140506886,0.5873586843920149,0.5838955123477593,0.5
lenet5_batchNorm3,56,0.6521739130434783,0.6764615428842042,0.6019211564289225,0.5924100357765565,0.5
lenet5_batchNorm3,58,0.6288819875776398,0.6496386432869963,0.5638904676102962,0.5549841640310931,0.5
lenet5_batchNorm3,57,0.6350931677018633,0.6832846691588613,0.5813006257644637,0.5776635645819833,0.5
lenet5_batchNorm3,43,0.6366459627329193,0.6912440567055664,0.5872246245389294,0.5862570710683228,0.5
lenet5_batchNorm3,42,0.6257763975155279,0.6567892320041139,0.5725011362065938,0.5605131805360298,0.5
lenet5_batchNorm3,48,0.6040372670807453,0.6510382750628747,0.5536524064079089,0.5506696367740285,0.5
lenet5_batchNorm3,44,0.610248447204969,0.6424149244515599,0.5611876038687186,0.5520092366582118,0.5
lenet5_batchNorm3,53,0.6428571428571429,0.69033178331022,0.5979524239253695,0.5841087527691139,0.5
lenet5_batchNorm3,52,0.6304347826086957,0.6470233874585697,0.5635764798529138,0.5542257144812591,0.5
lenet5_batchNorm3,46,0.6133540372670807,0.6768968785341535,0.5714589948984918,0.558274354342672,0.5
lenet5_batchNorm3,51,0.6335403726708074,0.6653974176445676,0.584930205451652,0.5668238819233351,0.5
lenet5_batchNorm3,41,0.6304347826086957,0.6747097440942948,0.5856949625948018,0.5766298108647138,0.5
lenet5_batchNorm3,47,0.6335403726708074,0.6835062910772408,0.5822734822044182,0.5761101543062284,0.5
lenet5_batchNorm3,55,0.6366459627329193,0.6460605854996115,0.5712647488624707,0.5608728427380588,0.5
lenet5_batchNorm3,72,0.6180124223602484,0.6694702613484284,0.5712804046254001,0.5562134269941249,0.5
lenet5_batchNorm3,63,0.6428571428571429,0.6897669992832788,0.5798267471952647,0.573590532182662,0.5
lenet5_batchNorm3,73,0.6366459627329193,0.6755102503588397,0.58319362968444,0.5694505347937449,0.5
lenet5_batchNorm3,62,0.6506211180124224,0.687524537241067,0.5913870329524059,0.5858952592245921,0.5
lenet5_batchNorm3,74,0.6444099378881988,0.6704182295201947,0.5837548958150056,0.5805744832843632,0.5
lenet5_batchNorm3,61,0.6304347826086957,0.6760857565061593,0.5870898051464251,0.5775403030621195,0.5
lenet5_batchNorm3,80,0.6459627329192547,0.6614390445070495,0.5930609166704337,0.5806795130579396,0.5
lenet5_batchNorm3,76,0.6350931677018633,0.6527623010883664,0.5776771319066161,0.5673905303759306,0.5
lenet5_batchNorm3,71,0.6024844720496895,0.6381349792166974,0.5487501425203383,0.5349949125875554,0.5
lenet5_batchNorm3,79,0.6459627329192547,0.6868759573720018,0.5941178987009428,0.5863671669948871,0.5
lenet5_batchNorm3,68,0.6381987577639752,0.6667625560179682,0.5866564245012571,0.5731516129057966,0.5
lenet5_batchNorm3,64,0.6335403726708074,0.6730569175323302,0.5776889346752101,0.5753629899205012,0.5
lenet5_batchNorm3,65,0.6180124223602484,0.6298274869209914,0.557248531020986,0.5443704303198045,0.5
lenet5_batchNorm3,69,0.6304347826086957,0.6488548714846167,0.5736076155794567,0.5554917112875345,0.5
lenet5_batchNorm3,77,0.6180124223602484,0.6345518805341641,0.5736467284442384,0.5581159283127046,0.5
lenet5_batchNorm3,75,0.6350931677018633,0.6867876737694101,0.5916744711361822,0.5835470770669148,0.5
lenet5_batchNorm3,78,0.6521739130434783,0.6706224285616831,0.5887477867347453,0.5866824164573401,0.5
lenet5_batchNorm3,67,0.6428571428571429,0.674296576633634,0.5890679371418391,0.5773014150000058,0.5
lenet5_batchNorm3,70,0.6381987577639752,0.6402769948393436,0.5646818002178766,0.5574901979482961,0.5
lenet5_batchNorm3,66,0.6335403726708074,0.6394661917303636,0.5646211949410713,0.5584365836612262,0.5
lenet5_batchNorm3,86,0.6335403726708074,0.6720611910252965,0.5765030976530092,0.5658618173702512,0.5
lenet5_batchNorm3,89,0.6195652173913043,0.6439364269986908,0.5559433016565694,0.5428137729026805,0.5
lenet5_batchNorm3,85,0.6257763975155279,0.6578797136565572,0.5665790295357261,0.561524007138771,0.5
lenet5_batchNorm3,83,0.6288819875776398,0.6837947535338367,0.5743804129675711,0.5682825876194668,0.5
lenet5_batchNorm3,82,0.6273291925465838,0.6524355892158179,0.5689371491168458,0.5564931870948452,0.5
lenet5_batchNorm3,81,0.6506211180124224,0.6820114438360854,0.5927362773025188,0.5864959637511417,0.5
lenet5_batchNorm3,91,0.6537267080745341,0.682481444667241,0.5973586275509164,0.5955085230282128,0.5
lenet5_batchNorm3,95,0.6350931677018633,0.6854064511884687,0.5790837093043966,0.5701710712189164,0.5
lenet5_batchNorm3,93,0.6459627329192547,0.6863317546806701,0.5834460830212959,0.5806063914039281,0.5
lenet5_batchNorm3,99,0.6319875776397516,0.665175102478284,0.574908757484795,0.5667673872550949,0.5
lenet5_batchNorm3,100,0.6350931677018633,0.6668779142989694,0.5782111014524668,0.56785013335876,0.5
lenet5_batchNorm3,87,0.6211180124223602,0.660137928082442,0.5617034152716851,0.5542413086440323,0.5
lenet5_batchNorm3,84,0.6335403726708074,0.6723863261566436,0.5760290248399317,0.5660753051258867,0.5
lenet5_batchNorm3,94,0.6506211180124224,0.653040571258863,0.5902360902931876,0.5760308770379925,0.5
lenet5_batchNorm3,97,0.6226708074534162,0.6511977455624446,0.5713476109420982,0.5623500410727037,0.5
lenet5_batchNorm3,92,0.6521739130434783,0.6721020060835665,0.5868757999473078,0.5824627241630349,0.5
lenet5_batchNorm3,88,0.6366459627329193,0.6735430353080774,0.5779320843088626,0.5724993388339088,0.5
lenet5_batchNorm3,90,0.6133540372670807,0.6732111417533952,0.5633090877553715,0.5522447648806488,0.5
lenet5_batchNorm3,96,0.6319875776397516,0.6705858107928714,0.5882311849348478,0.5835130138035816,0.5
lenet5_batchNorm3,98,0.639751552795031,0.6847712904326351,0.5840438320703176,0.5725290944210424,0.5
lenet5_batchNorm3,5,0.6395348837209303,0.658048611808326,0.5873928094271273,0.5791791533120645,0.6
lenet5_batchNorm3,2,0.622093023255814,0.6748549718448064,0.5672928202288667,0.5527322354565476,0.6
lenet5_batchNorm3,4,0.625968992248062,0.6383647994943011,0.5571032927908394,0.5399883038963927,0.6
lenet5_batchNorm3,18,0.6550387596899225,0.6601075633009401,0.588477764214819,0.5768072340494054,0.6
lenet5_batchNorm3,14,0.6686046511627907,0.687800083662642,0.6017638092404809,0.5937119839376603,0.6
lenet5_batchNorm3,10,0.6395348837209303,0.6818880802963645,0.5846503888320267,0.5740043576228852,0.6
lenet5_batchNorm3,19,0.6434108527131783,0.665049072485157,0.5852885023484167,0.5721287226398437,0.6
lenet5_batchNorm3,12,0.6317829457364341,0.6570710651834105,0.5656341473796906,0.547745754476726,0.6
lenet5_batchNorm3,9,0.6453488372093024,0.6552831847908649,0.5682681006697974,0.555431114020897,0.6
lenet5_batchNorm3,8,0.6356589147286822,0.6530576114321526,0.5822038757918319,0.562247194379568,0.6
lenet5_batchNorm3,17,0.6531007751937985,0.6629316475701394,0.6102940103661665,0.584821080476735,0.6
lenet5_batchNorm3,20,0.6414728682170543,0.66519118073825,0.5908937342489974,0.5759970572321091,0.6
lenet5_batchNorm3,6,0.6395348837209303,0.6780805580949893,0.600506352106136,0.5855312997825324,0.6
lenet5_batchNorm3,11,0.6317829457364341,0.6518113213257921,0.5713619245037668,0.56654616024402,0.6
lenet5_batchNorm3,15,0.6569767441860465,0.6653309050781245,0.5768320048330488,0.5740896867498353,0.6
lenet5_batchNorm3,7,0.624031007751938,0.6225339720708343,0.5747842636457892,0.5641394996246156,0.6
lenet5_batchNorm3,16,0.6201550387596899,0.6824782378847767,0.5673909405336792,0.5542122436026442,0.6
lenet5_batchNorm3,1,0.624031007751938,0.6159661204392493,0.555548248193092,0.5429730643323609,0.6
lenet5_batchNorm3,3,0.6085271317829457,0.6363565952021835,0.5488169356935021,0.5396292750765946,0.6
lenet5_batchNorm3,13,0.6007751937984496,0.6638179277315197,0.5719609555084186,0.5544156500023649,0.6
lenet5_batchNorm3,30,0.6124031007751938,0.6418801584678915,0.5455851611496405,0.5366123805830301,0.6
lenet5_batchNorm3,24,0.624031007751938,0.6756451058068954,0.5730310377949006,0.562596225313009,0.6
lenet5_batchNorm3,34,0.6182170542635659,0.6549342403628119,0.5626919437105325,0.557393467116096,0.6
lenet5_batchNorm3,37,0.622093023255814,0.6714279827174735,0.5867949683004268,0.57188036468986,0.6
lenet5_batchNorm3,28,0.6550387596899225,0.6800967235907693,0.5893161756313796,0.5836985785304922,0.6
lenet5_batchNorm3,21,0.6337209302325582,0.6886915423782343,0.5799236715221411,0.5709971812123389,0.6
lenet5_batchNorm3,27,0.622093023255814,0.6135721311092315,0.5523633317915438,0.535385643724312,0.6
lenet5_batchNorm3,39,0.6375968992248062,0.6858534956976302,0.5702392446470956,0.5658689492745885,0.6
lenet5_batchNorm3,33,0.6337209302325582,0.6590093561720982,0.578556160056187,0.5660689890989484,0.6
lenet5_batchNorm3,23,0.5968992248062015,0.632143974347912,0.5418613129926011,0.5272046794639857,0.6
lenet5_batchNorm3,36,0.6705426356589147,0.662792114222839,0.5872829611156817,0.5841950898159658,0.6
lenet5_batchNorm3,40,0.627906976744186,0.6730022868398866,0.5694970333568545,0.561717152452288,0.6
lenet5_batchNorm3,29,0.6531007751937985,0.667566640080185,0.5833745273233243,0.5744203219545699,0.6
lenet5_batchNorm3,26,0.6414728682170543,0.6897399779564386,0.580510178881054,0.5789509274454963,0.6
lenet5_batchNorm3,38,0.6317829457364341,0.6472199976708611,0.5680214758822935,0.5640967898287168,0.6
lenet5_batchNorm3,25,0.624031007751938,0.6833046593411705,0.5757879657692431,0.5718363623132677,0.6
lenet5_batchNorm3,35,0.6317829457364341,0.6605556210322453,0.575427346367226,0.5638727854903711,0.6
lenet5_batchNorm3,31,0.627906976744186,0.6481169184596539,0.561576347349592,0.5575130192724191,0.6
lenet5_batchNorm3,22,0.627906976744186,0.6749742407845714,0.5717366410923705,0.562546462404032,0.6
lenet5_batchNorm3,32,0.6414728682170543,0.6849779325529133,0.5992791626583784,0.5878371257163517,0.6
lenet5_batchNorm3,41,0.6104651162790697,0.5966025398053048,0.5517807689078238,0.5253059288950019,0.6
lenet5_batchNorm3,49,0.6472868217054264,0.6356171367392298,0.562435805997746,0.5534829099925699,0.6
lenet5_batchNorm3,45,0.6298449612403101,0.6285661723897017,0.5650299376599672,0.5533881884263667,0.6
lenet5_batchNorm3,42,0.624031007751938,0.6669871166041146,0.5792455661491072,0.5645068630537702,0.6
lenet5_batchNorm3,53,0.6414728682170543,0.679117200889924,0.6004777543390072,0.589865475225372,0.6
lenet5_batchNorm3,43,0.6298449612403101,0.7136388379946366,0.5781190212106141,0.5765439964004159,0.6
lenet5_batchNorm3,59,0.6298449612403101,0.6677559543204705,0.5723181050566728,0.5676851407469128,0.6
lenet5_batchNorm3,56,0.6298449612403101,0.6716888747744477,0.5709048614959135,0.564323326516462,0.6
lenet5_batchNorm3,52,0.6511627906976745,0.6526792002618124,0.5741822022180807,0.5634902038922223,0.6
lenet5_batchNorm3,50,0.6143410852713178,0.6299719652211211,0.5733160091481992,0.5424392237043917,0.6
lenet5_batchNorm3,58,0.6375968992248062,0.7060725502825587,0.5916311987069769,0.5841257560880039,0.6
lenet5_batchNorm3,44,0.6414728682170543,0.6618973955740773,0.5776308022121419,0.5698897482272279,0.6
lenet5_batchNorm3,48,0.6395348837209303,0.6200268892827809,0.5829479785540943,0.5618696880874602,0.6
lenet5_batchNorm3,54,0.6124031007751938,0.6486168123765379,0.5517622346335412,0.5455439180236452,0.6
lenet5_batchNorm3,60,0.625968992248062,0.678826523653355,0.561531311252193,0.5511691383196606,0.6
lenet5_batchNorm3,57,0.5988372093023255,0.656736475178755,0.5544357341139594,0.5305743399602882,0.6
lenet5_batchNorm3,51,0.6414728682170543,0.68703819361304,0.57410757531107,0.5818068919679571,0.6
lenet5_batchNorm3,46,0.6434108527131783,0.6754245659800028,0.5814609862207291,0.5802142580465846,0.6
lenet5_batchNorm3,55,0.5949612403100775,0.6468627496877974,0.5402218313135676,0.531938119644901,0.6
lenet5_batchNorm3,47,0.6143410852713178,0.6449893449792848,0.5515099365073043,0.5435581554073274,0.6
lenet5_batchNorm3,68,0.6453488372093024,0.6958693584542641,0.5984675049576449,0.593303165561524,0.6
lenet5_batchNorm3,67,0.625968992248062,0.6493370120508003,0.5634073818520267,0.5484780771554212,0.6
lenet5_batchNorm3,64,0.6589147286821705,0.6802537814683497,0.5918551954796182,0.5854706427889068,0.6
lenet5_batchNorm3,62,0.6356589147286822,0.6679122759477207,0.582256790556573,0.5624823228336602,0.6
lenet5_batchNorm3,75,0.6356589147286822,0.6595134123999712,0.5778918514461207,0.5731485713598464,0.6
lenet5_batchNorm3,65,0.624031007751938,0.6683778162826046,0.5520409859733697,0.5478915316793009,0.6
lenet5_batchNorm3,71,0.6453488372093024,0.7033065088814257,0.5842325432421417,0.574336932778026,0.6
lenet5_batchNorm3,77,0.6434108527131783,0.6434564177725531,0.5934919057310055,0.5741192370084468,0.6
lenet5_batchNorm3,70,0.6395348837209303,0.6775548916182743,0.5794403845688405,0.5769892082736664,0.6
lenet5_batchNorm3,80,0.6414728682170543,0.6612284179541787,0.5850882260233405,0.5736913091092621,0.6
lenet5_batchNorm3,79,0.6414728682170543,0.6585370922374068,0.5882794084075681,0.579659834369225,0.6
lenet5_batchNorm3,61,0.6065891472868217,0.6762239999662987,0.567854518669736,0.5566869759316652,0.6
lenet5_batchNorm3,66,0.6453488372093024,0.6403441975303651,0.5623354632563748,0.5567117036570113,0.6
lenet5_batchNorm3,76,0.6201550387596899,0.6578613599422201,0.5849479711015144,0.5755531652544429,0.6
lenet5_batchNorm3,72,0.6395348837209303,0.6622866107803933,0.5908477834841082,0.5800068015466885,0.6
lenet5_batchNorm3,73,0.6162790697674418,0.6538038630606807,0.5819710440715867,0.5623661261309384,0.6
lenet5_batchNorm3,63,0.6356589147286822,0.6616591430867244,0.5669398153113,0.5634822061447438,0.6
lenet5_batchNorm3,69,0.624031007751938,0.7097710871469421,0.5881882291675784,0.5759465493738906,0.6
lenet5_batchNorm3,78,0.6395348837209303,0.664369252071458,0.5858625265540848,0.5791759452694465,0.6
lenet5_batchNorm3,74,0.6395348837209303,0.6657106426696281,0.5816691921521155,0.5722137533837777,0.6
lenet5_batchNorm3,90,0.6511627906976745,0.6714758051443822,0.5822384953210051,0.5746784260908961,0.6
lenet5_batchNorm3,81,0.6356589147286822,0.6730107429129485,0.5925414268684968,0.5816240543349366,0.6
lenet5_batchNorm3,96,0.6453488372093024,0.6754490611098836,0.5876294777409543,0.586121174541,0.6
lenet5_batchNorm3,86,0.6201550387596899,0.6616363796784135,0.5692379325973927,0.560327356904758,0.6
lenet5_batchNorm3,93,0.627906976744186,0.6642336092852983,0.5686048713883016,0.562097482267761,0.6
lenet5_batchNorm3,87,0.6589147286821705,0.6580913856008866,0.5855492187276051,0.5784268114805898,0.6
lenet5_batchNorm3,85,0.6065891472868217,0.6361071748697984,0.5499660545935396,0.5380730014655305,0.6
lenet5_batchNorm3,98,0.6627906976744186,0.6991542120457999,0.5884156857650509,0.5816078900584711,0.6
lenet5_batchNorm3,94,0.6511627906976745,0.6749526622139664,0.6037595019929152,0.5896748483235895,0.6
lenet5_batchNorm3,100,0.6550387596899225,0.6595563044267244,0.5946364477987653,0.5806336438784488,0.6
lenet5_batchNorm3,91,0.6356589147286822,0.676618100848587,0.5825761452765074,0.5675714015396546,0.6
lenet5_batchNorm3,84,0.6705426356589147,0.6762690368098954,0.6098845140113848,0.6046293535019722,0.6
lenet5_batchNorm3,88,0.6434108527131783,0.6626363699218449,0.587738884395231,0.5810403746103692,0.6
lenet5_batchNorm3,95,0.624031007751938,0.6987579640436312,0.5819545075524367,0.5736203519553063,0.6
lenet5_batchNorm3,92,0.6182170542635659,0.640952372660776,0.5681171128336635,0.554352650784984,0.6
lenet5_batchNorm3,82,0.6007751937984496,0.6252272383700955,0.549073634753097,0.5332573019437742,0.6
lenet5_batchNorm3,83,0.624031007751938,0.6346608586518225,0.5777465910861773,0.5605996212122717,0.6
lenet5_batchNorm3,99,0.6589147286821705,0.692452338795903,0.583092088835983,0.5709665362362097,0.6
lenet5_batchNorm3,89,0.6298449612403101,0.660290850771794,0.5639941187906392,0.5575446812564924,0.6
lenet5_batchNorm3,97,0.624031007751938,0.6671888179856629,0.5646058301189658,0.5521976577882686,0.6
lenet5_batchNorm3,9,0.6537467700258398,0.688742255413308,0.6136163162755681,0.5917063949763224,0.7
lenet5_batchNorm3,17,0.6330749354005168,0.6861135650231022,0.5832043390122885,0.5755291439032993,0.7
lenet5_batchNorm3,2,0.6640826873385013,0.6915259740259739,0.5984141435842872,0.5903975599799777,0.7
lenet5_batchNorm3,1,0.6201550387596899,0.6432943268200368,0.5771547284177193,0.5604306086354123,0.7
lenet5_batchNorm3,14,0.6020671834625323,0.63058452595537,0.5417539598396933,0.5406568063476376,0.7
lenet5_batchNorm3,18,0.6072351421188631,0.6608013195381617,0.5648230696903997,0.5509767487731857,0.7
lenet5_batchNorm3,7,0.6330749354005168,0.6585574311506275,0.5673742381757971,0.5630969715334125,0.7
lenet5_batchNorm3,4,0.661498708010336,0.6915687541701789,0.5920448564593301,0.5963274931931031,0.7
lenet5_batchNorm3,20,0.6201550387596899,0.6460290422374821,0.5581723755330397,0.5490041176853506,0.7
lenet5_batchNorm3,11,0.599483204134367,0.626653211360386,0.534220305648877,0.5191278660825236,0.7
lenet5_batchNorm3,5,0.6201550387596899,0.6394786080857113,0.5610169899656366,0.5444999871039634,0.7
lenet5_batchNorm3,13,0.6511627906976745,0.7378577801505624,0.5996932652228006,0.5914466892203232,0.7
lenet5_batchNorm3,12,0.6304909560723514,0.6448354355859118,0.5746729209475658,0.5596979552530646,0.7
lenet5_batchNorm3,19,0.6046511627906976,0.6392421152920589,0.5660720565273688,0.5444562004184528,0.7
lenet5_batchNorm3,3,0.6124031007751938,0.6499235104263519,0.5569927544379629,0.5448190729488613,0.7
lenet5_batchNorm3,10,0.6304909560723514,0.6877868349017401,0.5949649424801693,0.589184203640098,0.7
lenet5_batchNorm3,6,0.6459948320413437,0.6462179744559606,0.5770632753476608,0.5584532232786719,0.7
lenet5_batchNorm3,8,0.6201550387596899,0.6605884099079431,0.5582681643111161,0.5455677041071303,0.7
lenet5_batchNorm3,15,0.6098191214470284,0.6678492840693149,0.570122915863489,0.5632911252540239,0.7
lenet5_batchNorm3,16,0.6382428940568475,0.6536672220527843,0.562554349498997,0.5584603223130216,0.7
lenet5_batchNorm3,38,0.6459948320413437,0.6869131724785871,0.6009130167993192,0.5923281626502247,0.7
lenet5_batchNorm3,26,0.6046511627906976,0.6336704540326885,0.5615433230852991,0.5461548680121545,0.7
lenet5_batchNorm3,33,0.6795865633074936,0.6846077984003096,0.6163212341876135,0.6115917583423888,0.7
lenet5_batchNorm3,39,0.6459948320413437,0.6943139376962907,0.580751794014952,0.58562381768671,0.7
lenet5_batchNorm3,31,0.6589147286821705,0.6364378894487797,0.5872452767699998,0.5769092256096815,0.7
lenet5_batchNorm3,30,0.6098191214470284,0.6386177354983326,0.5476766381766383,0.5270145889098751,0.7
lenet5_batchNorm3,27,0.6511627906976745,0.6909280722981603,0.6190158312892682,0.5975178537454431,0.7
lenet5_batchNorm3,37,0.5839793281653747,0.6411017031748739,0.5368364011948918,0.5295167051188118,0.7
lenet5_batchNorm3,24,0.6356589147286822,0.6820499788606983,0.5650774698273112,0.566244876324874,0.7
lenet5_batchNorm3,35,0.627906976744186,0.6651406835069748,0.5646441294935169,0.5664806958263151,0.7
lenet5_batchNorm3,29,0.6434108527131783,0.6976985097209172,0.5911848467748064,0.584078200748493,0.7
lenet5_batchNorm3,40,0.6330749354005168,0.6391437705417782,0.5552164197968311,0.5499069417200491,0.7
lenet5_batchNorm3,25,0.6382428940568475,0.7055585914056639,0.5835619199640939,0.5804792909335934,0.7
lenet5_batchNorm3,28,0.599483204134367,0.6108047488909558,0.531897929668,0.5125524969059929,0.7
lenet5_batchNorm3,23,0.627906976744186,0.6022888528945088,0.5605423130790778,0.5348297695459413,0.7
lenet5_batchNorm3,32,0.6511627906976745,0.6686415546584085,0.5785811290159116,0.5730889224010494,0.7
lenet5_batchNorm3,34,0.6563307493540051,0.689002285479009,0.5991675543058007,0.5923546523343683,0.7
lenet5_batchNorm3,21,0.6149870801033591,0.6624079996371017,0.5599250782865549,0.5518524537166422,0.7
lenet5_batchNorm3,22,0.6149870801033591,0.6433129345107182,0.5724548775936669,0.5454588182618674,0.7
lenet5_batchNorm3,36,0.6046511627906976,0.6418955802912845,0.5670716173405137,0.5468108772515257,0.7
lenet5_batchNorm3,59,0.5943152454780362,0.616633593437345,0.534103429972378,0.519785883032941,0.7
lenet5_batchNorm3,52,0.6253229974160207,0.6800701610050123,0.5761609076574752,0.5691894892180129,0.7
lenet5_batchNorm3,55,0.6511627906976745,0.6571112330997553,0.5930110674542478,0.5821093606238913,0.7
lenet5_batchNorm3,42,0.6537467700258398,0.7094915179030535,0.6033404837761454,0.5835859083667628,0.7
lenet5_batchNorm3,48,0.6459948320413437,0.6670825301634897,0.5933410951657123,0.5818156164937603,0.7
lenet5_batchNorm3,58,0.6847545219638242,0.6962652141000882,0.6239924857090171,0.6176529992611004,0.7
lenet5_batchNorm3,51,0.6304909560723514,0.6238549091358081,0.55146699081778,0.5445292761082213,0.7
lenet5_batchNorm3,46,0.5968992248062015,0.6391193112504588,0.5497230530789634,0.5309211624893235,0.7
lenet5_batchNorm3,57,0.6718346253229974,0.6954824296143636,0.6141508100824871,0.6003121632824506,0.7
lenet5_batchNorm3,60,0.6434108527131783,0.6125607948982562,0.5728505094257382,0.5577516318846772,0.7
lenet5_batchNorm3,44,0.6149870801033591,0.6634074269306429,0.5687305623595946,0.5576568573479811,0.7
lenet5_batchNorm3,41,0.6382428940568475,0.6911536881115194,0.5773588687167732,0.5723476916507202,0.7
lenet5_batchNorm3,43,0.6459948320413437,0.6707661573428705,0.5824993617254676,0.5754858620025471,0.7
lenet5_batchNorm3,54,0.661498708010336,0.6593859726108027,0.59213859482825,0.5927550848563433,0.7
lenet5_batchNorm3,53,0.6537467700258398,0.7159148464784757,0.602899606179708,0.5995133977888301,0.7
lenet5_batchNorm3,56,0.5968992248062015,0.6309876908132381,0.5445354553127439,0.5328521530253529,0.7
lenet5_batchNorm3,45,0.6511627906976745,0.6815352354754529,0.5758240208307834,0.5800398644733861,0.7
lenet5_batchNorm3,47,0.6589147286821705,0.7065791938342701,0.6048779684979907,0.6069791174214447,0.7
lenet5_batchNorm3,49,0.5813953488372093,0.59782406477751,0.5378450470640823,0.511673691391177,0.7
lenet5_batchNorm3,50,0.6304909560723514,0.6564262033879295,0.5690432147244565,0.5638942002200046,0.7
lenet5_batchNorm3,75,0.6408268733850129,0.6520413580651504,0.5865431944415479,0.5754969876217424,0.7
lenet5_batchNorm3,78,0.6795865633074936,0.7481029947100167,0.6271564196616308,0.635827834641579,0.7
lenet5_batchNorm3,71,0.6511627906976745,0.7037810016351038,0.5766208898905943,0.5829171870167841,0.7
lenet5_batchNorm3,69,0.6434108527131783,0.664406175034477,0.588564220343355,0.5789316710816139,0.7
lenet5_batchNorm3,67,0.6304909560723514,0.6776489963895029,0.5778816840048566,0.5656756765247332,0.7
lenet5_batchNorm3,79,0.6666666666666666,0.6934404183951016,0.6007069094100559,0.6029275553785777,0.7
lenet5_batchNorm3,64,0.6640826873385013,0.6900648691705877,0.6060570157868805,0.5938360935403062,0.7
lenet5_batchNorm3,66,0.6201550387596899,0.6548903538115867,0.5585182305170864,0.5557260438096105,0.7
lenet5_batchNorm3,80,0.6201550387596899,0.6279554644546181,0.5673027749114705,0.5473817375050002,0.7
lenet5_batchNorm3,74,0.6408268733850129,0.6815065305213113,0.5865164151723349,0.5819545550295703,0.7
lenet5_batchNorm3,68,0.6175710594315246,0.6512400481538009,0.5459414016235817,0.5473390797011222,0.7
lenet5_batchNorm3,72,0.6124031007751938,0.6637011138766357,0.5728086247396843,0.5578204723111218,0.7
lenet5_batchNorm3,76,0.627906976744186,0.6553293254228303,0.5622830687830688,0.5550774636864636,0.7
lenet5_batchNorm3,73,0.6537467700258398,0.7108081877453596,0.5934156778696617,0.5920563211895494,0.7
lenet5_batchNorm3,65,0.6537467700258398,0.7202225657903096,0.6184003828660067,0.6108024256373394,0.7
lenet5_batchNorm3,62,0.6304909560723514,0.6947740189935312,0.5918084851011681,0.5620892538089506,0.7
lenet5_batchNorm3,70,0.6201550387596899,0.6722266155709138,0.5588933896103833,0.5657356771686403,0.7
lenet5_batchNorm3,61,0.6124031007751938,0.7107409697309065,0.5644998649458912,0.562426476854076,0.7
lenet5_batchNorm3,63,0.6201550387596899,0.6627139689578714,0.5621706745348051,0.5604432300455457,0.7
lenet5_batchNorm3,77,0.661498708010336,0.6892598100747822,0.5940961439601519,0.5880824949682892,0.7
lenet5_batchNorm3,83,0.6253229974160207,0.6556164353207561,0.5533808586604161,0.5534213797372147,0.7
lenet5_batchNorm3,86,0.6563307493540051,0.6921215479699376,0.5984409782916981,0.5871832310594353,0.7
lenet5_batchNorm3,92,0.5813953488372093,0.6333541120104391,0.534528425252973,0.522170438047753,0.7
lenet5_batchNorm3,88,0.6330749354005168,0.6667972490152941,0.5853091694628562,0.5694494678063242,0.7
lenet5_batchNorm3,85,0.6227390180878553,0.6434785484597063,0.5664224001719258,0.5459281667888696,0.7
lenet5_batchNorm3,98,0.6434108527131783,0.7257067951558733,0.5970294253501084,0.5899245321473172,0.7
lenet5_batchNorm3,100,0.6046511627906976,0.6713258206681599,0.5652881794245224,0.5487722268440194,0.7
lenet5_batchNorm3,94,0.6149870801033591,0.6359526403153855,0.5628736965666888,0.5377620870873122,0.7
lenet5_batchNorm3,91,0.6201550387596899,0.651745882103025,0.566642668585331,0.5632912189960495,0.7
lenet5_batchNorm3,99,0.627906976744186,0.6823998292368503,0.5634137840689671,0.5666596124764537,0.7
lenet5_batchNorm3,97,0.6408268733850129,0.6714934242779298,0.5555870993023976,0.5598740160426632,0.7
lenet5_batchNorm3,93,0.6382428940568475,0.6723624624237268,0.5642475590157945,0.5497320008730087,0.7
lenet5_batchNorm3,87,0.6356589147286822,0.6673483797264756,0.5920652782588777,0.5876042348847712,0.7
lenet5_batchNorm3,90,0.6098191214470284,0.654611595123223,0.5718396748619873,0.5516685542329538,0.7
lenet5_batchNorm3,95,0.6563307493540051,0.6552508933577699,0.5860069945935997,0.5731421475072942,0.7
lenet5_batchNorm3,89,0.6511627906976745,0.6561801617396508,0.5901784379451741,0.5817244519733007,0.7
lenet5_batchNorm3,82,0.6330749354005168,0.6843945013288378,0.594393009037746,0.5739520605712253,0.7
lenet5_batchNorm3,84,0.6227390180878553,0.6598739495798319,0.5650687486506529,0.5575907738968463,0.7
lenet5_batchNorm3,81,0.6175710594315246,0.621206636500754,0.5446637816229042,0.5283767265563999,0.7
lenet5_batchNorm3,96,0.648578811369509,0.6933294557430231,0.5790537514320275,0.5776961742961454,0.7
lenet5_batchNorm3,12,0.5930232558139535,0.6240892829028597,0.5538717198159923,0.5243290361297814,0.8
lenet5_batchNorm3,18,0.6085271317829457,0.6138580715974333,0.5505862722663436,0.543525723154326,0.8
lenet5_batchNorm3,2,0.6550387596899225,0.6693703739599262,0.589743339541543,0.5852283107438412,0.8
lenet5_batchNorm3,5,0.6317829457364341,0.6514414176609299,0.5791785998307737,0.5691627190289076,0.8
lenet5_batchNorm3,6,0.6550387596899225,0.675569186724793,0.595963434723067,0.5888672079102119,0.8
lenet5_batchNorm3,14,0.6434108527131783,0.6340177865612648,0.5532877644224609,0.5450599693734853,0.8
lenet5_batchNorm3,17,0.6046511627906976,0.6802429602762257,0.5634686617730095,0.5470043554501756,0.8
lenet5_batchNorm3,20,0.6395348837209303,0.6570629547822643,0.5741823447973334,0.5583633072230634,0.8
lenet5_batchNorm3,7,0.6046511627906976,0.6493131044870778,0.5457110914541254,0.5302540451436888,0.8
lenet5_batchNorm3,9,0.6124031007751938,0.6640429452790968,0.5515623070208014,0.5415559365432443,0.8
lenet5_batchNorm3,16,0.627906976744186,0.6830025686163793,0.5848722497656025,0.5641861705585673,0.8
lenet5_batchNorm3,8,0.6046511627906976,0.650831902326148,0.5434329648606891,0.5390190912440433,0.8
lenet5_batchNorm3,11,0.6317829457364341,0.715895844197731,0.5765756545080925,0.5652081458869863,0.8
lenet5_batchNorm3,10,0.6627906976744186,0.6787100320740873,0.594275857535352,0.590880829041992,0.8
lenet5_batchNorm3,15,0.6395348837209303,0.6382722309714698,0.5521717295500895,0.5401696843226487,0.8
lenet5_batchNorm3,13,0.627906976744186,0.7110144599942344,0.5773245369478154,0.5721587760788207,0.8
lenet5_batchNorm3,1,0.6744186046511628,0.599076667083633,0.59342389662036,0.5774508957911417,0.8
lenet5_batchNorm3,4,0.6744186046511628,0.6668546365914787,0.5939203180854723,0.5907954298254462,0.8
lenet5_batchNorm3,19,0.6395348837209303,0.6915993854591445,0.5869309149819223,0.587643051350559,0.8
lenet5_batchNorm3,3,0.5968992248062015,0.6775521707938019,0.5535597572362277,0.521513768732267,0.8
lenet5_batchNorm3,22,0.627906976744186,0.6442186546311545,0.5868407061821383,0.5737056431452984,0.8
lenet5_batchNorm3,21,0.5736434108527132,0.603950130699923,0.5279377987666451,0.4967827802380286,0.8
lenet5_batchNorm3,29,0.689922480620155,0.7072344879376702,0.6126943351738074,0.6105225002922862,0.8
lenet5_batchNorm3,37,0.627906976744186,0.6227190336545176,0.5888901736416574,0.5624869997875585,0.8
lenet5_batchNorm3,25,0.6046511627906976,0.6463259244401575,0.549318715996486,0.5340142707429222,0.8
lenet5_batchNorm3,33,0.6124031007751938,0.6578823953823953,0.5553752340337008,0.5543400612685325,0.8
lenet5_batchNorm3,32,0.5775193798449613,0.5906967002499952,0.5193678250480495,0.51188553482081,0.8
lenet5_batchNorm3,40,0.5736434108527132,0.5923391523935002,0.5373585617638411,0.5069670637822161,0.8
lenet5_batchNorm3,28,0.6162790697674418,0.6440714285714285,0.5554120775252489,0.5297269255217021,0.8
lenet5_batchNorm3,35,0.6589147286821705,0.6673293718859756,0.5942986362855723,0.5775978320112488,0.8
lenet5_batchNorm3,27,0.6046511627906976,0.6100079162099623,0.5627100122100123,0.5321253572848177,0.8
lenet5_batchNorm3,26,0.6434108527131783,0.7398751466917901,0.6101331645828283,0.5896510131137631,0.8
lenet5_batchNorm3,34,0.6162790697674418,0.6684654234654234,0.5502111911958459,0.5495754639917688,0.8
lenet5_batchNorm3,38,0.6317829457364341,0.6539803472961369,0.5493744975244027,0.5416269075751834,0.8
lenet5_batchNorm3,24,0.627906976744186,0.6684670822009531,0.5777316572316573,0.5803500129634431,0.8
lenet5_batchNorm3,31,0.6472868217054264,0.6665195442323608,0.577681096619313,0.5776583437074676,0.8
lenet5_batchNorm3,30,0.627906976744186,0.6392303045874094,0.5632168443664665,0.5494823648591757,0.8
lenet5_batchNorm3,39,0.624031007751938,0.6348725490196079,0.5764218134806371,0.5559054915455539,0.8
lenet5_batchNorm3,23,0.5930232558139535,0.6640806279176398,0.5571994403446017,0.5455689503048309,0.8
lenet5_batchNorm3,36,0.6201550387596899,0.6565388570896739,0.5649699164756748,0.5533454500352184,0.8
lenet5_batchNorm3,45,0.6085271317829457,0.6506539712913593,0.5771441486014696,0.5654051864135121,0.8
lenet5_batchNorm3,59,0.5930232558139535,0.5906133718729019,0.5332078073167003,0.5151922741268316,0.8
lenet5_batchNorm3,54,0.6589147286821705,0.6843769448941863,0.6066589891589891,0.6018389232403207,0.8
lenet5_batchNorm3,53,0.6201550387596899,0.6582190284293475,0.5523566502826618,0.5406060906808696,0.8
lenet5_batchNorm3,56,0.6356589147286822,0.6737702660293399,0.5781931527551731,0.5729778440015512,0.8
lenet5_batchNorm3,49,0.627906976744186,0.6621956392923123,0.5681997236173438,0.5574050062130302,0.8
lenet5_batchNorm3,51,0.6046511627906976,0.6239039988556431,0.5642271763324394,0.5470682105675093,0.8
lenet5_batchNorm3,41,0.6395348837209303,0.680429136264306,0.5666484719117588,0.544764013313709,0.8
lenet5_batchNorm3,48,0.6124031007751938,0.6192820440141868,0.563932785272918,0.5375426002632895,0.8
lenet5_batchNorm3,50,0.6395348837209303,0.720340354090354,0.6167003405950775,0.5856810054247125,0.8
lenet5_batchNorm3,44,0.624031007751938,0.6325670244787892,0.5771946714612619,0.5602652941165545,0.8
lenet5_batchNorm3,58,0.627906976744186,0.5965841388913332,0.5833723072084822,0.5549704470832902,0.8
lenet5_batchNorm3,60,0.6550387596899225,0.6353183743704995,0.5736537999927969,0.5653516342796261,0.8
lenet5_batchNorm3,46,0.5542635658914729,0.6376170033670033,0.5316709322741883,0.506982166773296,0.8
lenet5_batchNorm3,47,0.624031007751938,0.6825835275835276,0.5813680996713451,0.5776311461943217,0.8
lenet5_batchNorm3,42,0.5968992248062015,0.5963019019409997,0.5747544367397308,0.5241134576997954,0.8
lenet5_batchNorm3,57,0.686046511627907,0.692933381740304,0.6037310496943423,0.6039280802582946,0.8
lenet5_batchNorm3,55,0.6434108527131783,0.7060738916256157,0.5893137166154407,0.5843472342508604,0.8
lenet5_batchNorm3,43,0.6356589147286822,0.6443437514866087,0.5525405029752857,0.5445030825313344,0.8
lenet5_batchNorm3,52,0.624031007751938,0.6741880439795436,0.5824826476485973,0.5669686955164952,0.8
lenet5_batchNorm3,66,0.6317829457364341,0.6540121580547114,0.5931764705882353,0.5703489560204934,0.8
lenet5_batchNorm3,76,0.6511627906976745,0.7284676282273537,0.5882367657845398,0.5781070509441921,0.8
lenet5_batchNorm3,64,0.6589147286821705,0.7115435924369747,0.601633450697945,0.5992511597815089,0.8
lenet5_batchNorm3,71,0.6317829457364341,0.625633788254756,0.5727522833605821,0.5478624249814192,0.8
lenet5_batchNorm3,63,0.6201550387596899,0.6181948260073259,0.5699163317500914,0.5433140247678668,0.8
lenet5_batchNorm3,65,0.624031007751938,0.6138021446007765,0.5358734850564546,0.5227318228678043,0.8
lenet5_batchNorm3,78,0.5852713178294574,0.6322950274100395,0.5385113318054495,0.5177187765219188,0.8
lenet5_batchNorm3,61,0.686046511627907,0.7191620271076778,0.624309965735595,0.618065207334492,0.8
lenet5_batchNorm3,80,0.6472868217054264,0.654555381961397,0.588051492568734,0.5769255488491373,0.8
lenet5_batchNorm3,69,0.6550387596899225,0.6944546194546195,0.5963789896750422,0.5946457357691535,0.8
lenet5_batchNorm3,75,0.5813953488372093,0.6644492021886002,0.5544731191900074,0.5544240505903235,0.8
lenet5_batchNorm3,62,0.6627906976744186,0.721455981382452,0.616384261163673,0.6033006861953638,0.8
lenet5_batchNorm3,70,0.5813953488372093,0.5916533125743652,0.5234282559540204,0.5010145344466503,0.8
lenet5_batchNorm3,73,0.6937984496124031,0.7125955771746847,0.6209447159121072,0.621568318965045,0.8
lenet5_batchNorm3,67,0.6434108527131783,0.7152209343039542,0.6077997364953888,0.5984079563827848,0.8
lenet5_batchNorm3,77,0.6046511627906976,0.6551970666149771,0.5479968805938633,0.5395229556938703,0.8
lenet5_batchNorm3,68,0.6550387596899225,0.6880888579207907,0.5971065821016724,0.5939981316876379,0.8
lenet5_batchNorm3,72,0.689922480620155,0.7353464266230223,0.6126019650183372,0.6111121166415284,0.8
lenet5_batchNorm3,79,0.7054263565891473,0.7148236243531506,0.6309574915824917,0.6337937610399409,0.8
lenet5_batchNorm3,74,0.6085271317829457,0.6496776030986557,0.5494032128861851,0.5365948897544093,0.8
lenet5_batchNorm3,95,0.624031007751938,0.6206877957694654,0.5507421607354867,0.5374312080115579,0.8
lenet5_batchNorm3,84,0.6472868217054264,0.6817278319165111,0.598759867583397,0.5791919463210571,0.8
lenet5_batchNorm3,94,0.6046511627906976,0.6379894385469908,0.5501350762527233,0.5298839385145315,0.8
lenet5_batchNorm3,81,0.6434108527131783,0.6046917079916432,0.5569614306004722,0.533333703491232,0.8
lenet5_batchNorm3,86,0.6317829457364341,0.6930906773012036,0.5691066389750601,0.5779798734403998,0.8
lenet5_batchNorm3,96,0.627906976744186,0.6657942538717615,0.5634174954996388,0.5574079822559169,0.8
lenet5_batchNorm3,100,0.6124031007751938,0.7258473748473748,0.5922078919235724,0.5731451053460523,0.8
lenet5_batchNorm3,89,0.6511627906976745,0.682290475729877,0.5831778918298882,0.5809598103602175,0.8
lenet5_batchNorm3,90,0.6007751937984496,0.5902533400365207,0.5320138130406893,0.5108059496943386,0.8
lenet5_batchNorm3,82,0.6356589147286822,0.6365577171536473,0.5515611762789182,0.5468109526752889,0.8
lenet5_batchNorm3,97,0.624031007751938,0.6221137445644025,0.5674201909046044,0.5530073958803308,0.8
lenet5_batchNorm3,91,0.6201550387596899,0.6780776911427067,0.5905160904611706,0.5728569414606149,0.8
lenet5_batchNorm3,85,0.6666666666666666,0.6449063014280406,0.5997103174603174,0.5854833170425846,0.8
lenet5_batchNorm3,93,0.6356589147286822,0.6295632798573976,0.5580749135124135,0.5478299921370444,0.8
lenet5_batchNorm3,98,0.627906976744186,0.6506906834300452,0.5648341113245834,0.5626086563657722,0.8
lenet5_batchNorm3,87,0.6550387596899225,0.6410901534526854,0.5814247740563531,0.5568210882105648,0.8
lenet5_batchNorm3,99,0.6550387596899225,0.692022795119265,0.578403479361395,0.5712321490333732,0.8
lenet5_batchNorm3,92,0.6589147286821705,0.6810094394265772,0.5930750986486282,0.5836987801966366,0.8
lenet5_batchNorm3,83,0.6550387596899225,0.7413502009534497,0.5889471335760691,0.5757957244910111,0.8
lenet5_batchNorm3,88,0.6511627906976745,0.708381301238444,0.5948733395022362,0.5934644091802899,0.8
lenet5_batchNorm3,5,0.6434108527131783,0.6129046062869592,0.5784632034632033,0.5445132718159033,0.9
lenet5_batchNorm3,10,0.6201550387596899,0.664352390904115,0.5851190476190475,0.5640200936584638,0.9
lenet5_batchNorm3,4,0.6666666666666666,0.6431908369408369,0.6246193022663611,0.5998397460590609,0.9
lenet5_batchNorm3,15,0.627906976744186,0.6645404085059257,0.5764694714658847,0.5446846856316009,0.9
lenet5_batchNorm3,19,0.6356589147286822,0.49945497602755673,0.5311695906432748,0.48746500609290244,0.9
lenet5_batchNorm3,12,0.5968992248062015,0.6537362637362637,0.5423448773448774,0.5265568899624626,0.9
lenet5_batchNorm3,18,0.6821705426356589,0.6405189255189254,0.667260843731432,0.6221397598662481,0.9
lenet5_batchNorm3,14,0.6821705426356589,0.6307992007992008,0.6148611111111111,0.5878381536166102,0.9
lenet5_batchNorm3,17,0.6124031007751938,0.6654545454545453,0.5622348484848485,0.543469319198006,0.9
lenet5_batchNorm3,6,0.6434108527131783,0.7099810606060607,0.59356474407945,0.575809259374805,0.9
lenet5_batchNorm3,1,0.6124031007751938,0.6149009324009324,0.5284892191142192,0.5054086909259323,0.9
lenet5_batchNorm3,13,0.6046511627906976,0.6396600273838126,0.5852813852813853,0.5443281058242696,0.9
lenet5_batchNorm3,16,0.6976744186046512,0.7618298298298298,0.6326556776556778,0.6290310616789669,0.9
lenet5_batchNorm3,2,0.5658914728682171,0.5709584723767149,0.522010989010989,0.4787227497426909,0.9
lenet5_batchNorm3,3,0.6434108527131783,0.600180754917597,0.5791268780239369,0.5587122808942478,0.9
lenet5_batchNorm3,11,0.627906976744186,0.7226040626040626,0.5773998147646155,0.576356794365903,0.9
lenet5_batchNorm3,9,0.6744186046511628,0.6833225108225108,0.6022116772116772,0.5854569253038462,0.9
lenet5_batchNorm3,7,0.5658914728682171,0.6308885667247297,0.5438354420515545,0.5074806201550388,0.9
lenet5_batchNorm3,8,0.6744186046511628,0.662734962406015,0.6029570302568015,0.5996265870708062,0.9
lenet5_batchNorm3,20,0.6201550387596899,0.6679310344827586,0.581841053212021,0.5440843395959146,0.9
lenet5_batchNorm3,32,0.6976744186046512,0.7430274382480265,0.646098346098346,0.6364608263493259,0.9
lenet5_batchNorm3,28,0.6744186046511628,0.6919303635432668,0.628576029233924,0.6298057060447549,0.9
lenet5_batchNorm3,22,0.627906976744186,0.7624108734402852,0.5963795518207282,0.6025072155061578,0.9
lenet5_batchNorm3,40,0.689922480620155,0.7456487061325772,0.6328340340097556,0.644054691846317,0.9
lenet5_batchNorm3,29,0.6124031007751938,0.6362593504834884,0.5588095238095239,0.5264307261366085,0.9
lenet5_batchNorm3,24,0.6976744186046512,0.7208664898320071,0.6292632367632367,0.6314810038483583,0.9
lenet5_batchNorm3,23,0.5968992248062015,0.6191427091427092,0.5552941577941579,0.5372151034070538,0.9
lenet5_batchNorm3,36,0.5736434108527132,0.6865,0.5170453402806345,0.5124568800968948,0.9
lenet5_batchNorm3,35,0.6046511627906976,0.6053633004926108,0.5753583916083916,0.5196577983420089,0.9
lenet5_batchNorm3,34,0.5581395348837209,0.6415625915265364,0.5289164598842018,0.5011820924252867,0.9
lenet5_batchNorm3,31,0.627906976744186,0.63024803469775,0.5719050686155949,0.5595119916315568,0.9
lenet5_batchNorm3,30,0.5968992248062015,0.6593899782135078,0.5831596564355185,0.5710456443476768,0.9
lenet5_batchNorm3,25,0.6976744186046512,0.7,0.6414978588662799,0.619261330228429,0.9
lenet5_batchNorm3,26,0.7131782945736435,0.7895305383022774,0.6829699059110823,0.6833646001624725,0.9
lenet5_batchNorm3,21,0.6046511627906976,0.636010101010101,0.5662537462537462,0.5568415570246233,0.9
lenet5_batchNorm3,37,0.5581395348837209,0.5831228158814366,0.5241919191919192,0.4979227053140097,0.9
lenet5_batchNorm3,39,0.5658914728682171,0.5317614173460947,0.501106934001671,0.4521327141138666,0.9
lenet5_batchNorm3,33,0.6201550387596899,0.7287845702684412,0.6180263267434319,0.6106383984092962,0.9
lenet5_batchNorm3,27,0.6666666666666666,0.7906487493987494,0.623997975708502,0.6073951513212432,0.9
lenet5_batchNorm3,38,0.5813953488372093,0.6158602516923356,0.5461084054834054,0.50712500102035,0.9
lenet5_batchNorm3,50,0.7286821705426356,0.7036998965323773,0.6793884220354809,0.6602675416259007,0.9
lenet5_batchNorm3,51,0.5271317829457365,0.5176129426129426,0.5054987373737374,0.4506141608063248,0.9
lenet5_batchNorm3,59,0.689922480620155,0.7664588744588744,0.6663817768253252,0.6614701636622818,0.9
lenet5_batchNorm3,41,0.6821705426356589,0.681760582010582,0.6199856258292791,0.6238778434160707,0.9
lenet5_batchNorm3,45,0.6589147286821705,0.6851948051948051,0.5926244101244101,0.5896312507538294,0.9
lenet5_batchNorm3,42,0.6046511627906976,0.6696814296814297,0.5796031746031746,0.5553024145113394,0.9
lenet5_batchNorm3,47,0.6356589147286822,0.6724415814070986,0.5744968593498004,0.5488876980331429,0.9
lenet5_batchNorm3,44,0.6124031007751938,0.6513962703962705,0.5342005599764221,0.5394726010479239,0.9
lenet5_batchNorm3,55,0.5891472868217055,0.6630960735171262,0.5785714285714286,0.5503222904241578,0.9
lenet5_batchNorm3,53,0.6744186046511628,0.6212478991596638,0.5398042381595013,0.5264786662612749,0.9
lenet5_batchNorm3,54,0.7054263565891473,0.7299583333333334,0.62005772005772,0.6210020739064855,0.9
lenet5_batchNorm3,57,0.6434108527131783,0.7383108271039306,0.5794191919191919,0.5765656265939024,0.9
lenet5_batchNorm3,46,0.6666666666666666,0.5857285307285307,0.564936470083529,0.5384014067661597,0.9
lenet5_batchNorm3,48,0.6666666666666666,0.5763521156263092,0.5621001221001221,0.5439646079924997,0.9
lenet5_batchNorm3,60,0.6356589147286822,0.6852323232323232,0.6046500721500722,0.5945587857275163,0.9
lenet5_batchNorm3,52,0.6589147286821705,0.7112943528235882,0.593070263070263,0.6053095053095053,0.9
lenet5_batchNorm3,56,0.5581395348837209,0.6243390804597702,0.5373466084998594,0.5051774115761879,0.9
lenet5_batchNorm3,58,0.627906976744186,0.6703355911330049,0.5413335847159376,0.5287466913518217,0.9
lenet5_batchNorm3,49,0.6124031007751938,0.5515833162533307,0.49736509835194037,0.48132941132941126,0.9
lenet5_batchNorm3,43,0.5968992248062015,0.5451006341328921,0.5412179487179487,0.5107112325236336,0.9
lenet5_batchNorm3,62,0.6434108527131783,0.6738314176245211,0.572719430328126,0.557818730756093,0.9
lenet5_batchNorm3,76,0.5813953488372093,0.6048220580829275,0.5478269537480063,0.5187808292747249,0.9
lenet5_batchNorm3,72,0.689922480620155,0.6609985666507405,0.6148893673893674,0.5937928153717628,0.9
lenet5_batchNorm3,79,0.6821705426356589,0.6560344827586208,0.6014195107218364,0.5742564996661106,0.9
lenet5_batchNorm3,78,0.5891472868217055,0.6218375149342891,0.5971762696762697,0.5305656972587246,0.9
lenet5_batchNorm3,80,0.6046511627906976,0.658805152979066,0.5647008547008546,0.5388462440552224,0.9
lenet5_batchNorm3,73,0.6666666666666666,0.6661719370729381,0.6032311797398004,0.5920271593011203,0.9
lenet5_batchNorm3,77,0.6046511627906976,0.5706471306471307,0.5624424622564368,0.5297292615260598,0.9
lenet5_batchNorm3,61,0.6356589147286822,0.5892493231406275,0.5892911255411255,0.553697845599485,0.9
lenet5_batchNorm3,75,0.6434108527131783,0.6131277056277057,0.5825315656565656,0.5528294316337794,0.9
lenet5_batchNorm3,74,0.6046511627906976,0.6660073953823954,0.5395833333333334,0.5241240489794652,0.9
lenet5_batchNorm3,70,0.6976744186046512,0.7584356384356384,0.6314673561732386,0.6147660320418942,0.9
lenet5_batchNorm3,69,0.5968992248062015,0.59992673992674,0.5326208200401749,0.5101714265901909,0.9
lenet5_batchNorm3,64,0.6511627906976745,0.6284343873390527,0.6147556390977444,0.581569306510483,0.9
lenet5_batchNorm3,63,0.6124031007751938,0.6270224089635854,0.5620973389355742,0.5195751728259468,0.9
lenet5_batchNorm3,65,0.6434108527131783,0.6544975562072336,0.5856595511767926,0.5714252321878861,0.9
lenet5_batchNorm3,68,0.627906976744186,0.6498015873015873,0.5907359307359307,0.5768468873771266,0.9
lenet5_batchNorm3,67,0.6434108527131783,0.6272370766488413,0.58753576172931,0.5653941968409735,0.9
lenet5_batchNorm3,66,0.5891472868217055,0.6171788555443158,0.496615212273107,0.5043540261954584,0.9
lenet5_batchNorm3,71,0.6434108527131783,0.6962732919254657,0.5629771894771894,0.5638714374869981,0.9
lenet5_batchNorm3,95,0.6124031007751938,0.6409722222222223,0.537993487993488,0.5431571546732837,0.9
lenet5_batchNorm3,89,0.6124031007751938,0.6368364092048302,0.5447474747474746,0.528471060311201,0.9
lenet5_batchNorm3,82,0.5271317829457365,0.5890981912144703,0.48175205566097407,0.45891265597147957,0.9
lenet5_batchNorm3,100,0.5813953488372093,0.5985227854582693,0.5249004758682178,0.49956793206793204,0.9
lenet5_batchNorm3,87,0.6589147286821705,0.6890534027376133,0.6049847374847375,0.599821536886053,0.9
lenet5_batchNorm3,98,0.7364341085271318,0.7531445406445406,0.6665278719690485,0.6660989852441465,0.9
lenet5_batchNorm3,81,0.6589147286821705,0.6903894351262772,0.6152083333333332,0.6019028998947863,0.9
lenet5_batchNorm3,86,0.689922480620155,0.7576131762973868,0.6369268476621418,0.6277760362243121,0.9
lenet5_batchNorm3,99,0.689922480620155,0.6344151404151404,0.6222186147186146,0.5907104698982096,0.9
lenet5_batchNorm3,85,0.6589147286821705,0.72506105006105,0.6448174048174048,0.6127557216361457,0.9
lenet5_batchNorm3,88,0.5581395348837209,0.5354761904761905,0.4786563307493541,0.46088879187187004,0.9
lenet5_batchNorm3,83,0.6821705426356589,0.68857783520827,0.6044301458775143,0.5878106671345552,0.9
lenet5_batchNorm3,84,0.6434108527131783,0.7404412791509566,0.5699073825903094,0.5771763782599696,0.9
lenet5_batchNorm3,91,0.5813953488372093,0.545521978021978,0.48370962370962367,0.47054227182863995,0.9
lenet5_batchNorm3,92,0.6201550387596899,0.6777450738916256,0.6035561497326203,0.5682236365577132,0.9
lenet5_batchNorm3,90,0.627906976744186,0.6727258852258852,0.6013852813852814,0.5672603715692028,0.9
lenet5_batchNorm3,96,0.6356589147286822,0.7230753362057709,0.6119668685821136,0.6016148434729738,0.9
lenet5_batchNorm3,94,0.6046511627906976,0.6203452380952381,0.5554111901170725,0.5316555672089073,0.9
lenet5_batchNorm3,93,0.6201550387596899,0.6810120435120435,0.5626490176490176,0.5595904741556915,0.9
lenet5_batchNorm3,97,0.6744186046511628,0.7763846153846153,0.6277020202020202,0.6242393869371556,0.9
