model_name,iteration,class_label,accuracy,step,batch_size
lenet5_batchNorm1,15,4,0.55,7,16
lenet5_batchNorm1,15,1,0.4559748427672956,7,16
lenet5_batchNorm1,15,3,0.7244094488188977,7,16
lenet5_batchNorm1,15,8,0.5897435897435898,7,16
lenet5_batchNorm1,15,6,0.18478260869565216,7,16
lenet5_batchNorm1,15,0,0.6022727272727273,7,16
lenet5_batchNorm1,15,2,0.5,7,16
lenet5_batchNorm1,15,5,0.5714285714285714,7,16
lenet5_batchNorm1,15,7,0.2830188679245283,7,16
lenet5_batchNorm1,15,9,0.060240963855421686,7,16
lenet5_batchNorm1,12,5,0.5267857142857143,7,16
lenet5_batchNorm1,12,3,0.6614173228346457,7,16
lenet5_batchNorm1,12,2,0.524390243902439,7,16
lenet5_batchNorm1,12,8,0.5769230769230769,7,16
lenet5_batchNorm1,12,1,0.49056603773584906,7,16
lenet5_batchNorm1,12,4,0.5666666666666667,7,16
lenet5_batchNorm1,12,9,0.03614457831325301,7,16
lenet5_batchNorm1,12,0,0.5568181818181818,7,16
lenet5_batchNorm1,9,8,0.5384615384615384,7,16
lenet5_batchNorm1,12,7,0.33962264150943394,7,16
lenet5_batchNorm1,12,6,0.16304347826086957,7,16
lenet5_batchNorm1,9,1,0.559748427672956,7,16
lenet5_batchNorm1,9,7,0.3867924528301887,7,16
lenet5_batchNorm1,9,5,0.6696428571428571,7,16
lenet5_batchNorm1,11,7,0.39622641509433965,7,16
lenet5_batchNorm1,9,4,0.6083333333333333,7,16
lenet5_batchNorm1,11,5,0.5892857142857143,7,16
lenet5_batchNorm1,9,0,0.5340909090909091,7,16
lenet5_batchNorm1,11,0,0.5454545454545454,7,16
lenet5_batchNorm1,9,3,0.7007874015748031,7,16
lenet5_batchNorm1,11,1,0.5880503144654088,7,16
lenet5_batchNorm1,9,2,0.5670731707317073,7,16
lenet5_batchNorm1,11,4,0.6583333333333333,7,16
lenet5_batchNorm1,9,6,0.18478260869565216,7,16
lenet5_batchNorm1,11,8,0.5769230769230769,7,16
lenet5_batchNorm1,9,9,0.0963855421686747,7,16
lenet5_batchNorm1,11,2,0.5121951219512195,7,16
lenet5_batchNorm1,11,6,0.1956521739130435,7,16
lenet5_batchNorm1,11,3,0.6771653543307087,7,16
lenet5_batchNorm1,11,9,0.060240963855421686,7,16
lenet5_batchNorm1,19,8,0.5769230769230769,7,16
lenet5_batchNorm1,19,2,0.4573170731707317,7,16
lenet5_batchNorm1,19,7,0.3113207547169811,7,16
lenet5_batchNorm1,19,5,0.5535714285714286,7,16
lenet5_batchNorm1,19,1,0.4308176100628931,7,16
lenet5_batchNorm1,19,3,0.6377952755905512,7,16
lenet5_batchNorm1,19,6,0.17391304347826086,7,16
lenet5_batchNorm1,19,0,0.5681818181818182,7,16
lenet5_batchNorm1,2,8,0.6153846153846154,7,16
lenet5_batchNorm1,19,4,0.6,7,16
lenet5_batchNorm1,2,1,0.5408805031446541,7,16
lenet5_batchNorm1,19,9,0.03614457831325301,7,16
lenet5_batchNorm1,2,3,0.7244094488188977,7,16
lenet5_batchNorm1,2,2,0.4878048780487805,7,16
lenet5_batchNorm1,2,0,0.5454545454545454,7,16
lenet5_batchNorm1,2,5,0.5535714285714286,7,16
lenet5_batchNorm1,2,6,0.1956521739130435,7,16
lenet5_batchNorm1,2,4,0.575,7,16
lenet5_batchNorm1,2,7,0.3113207547169811,7,16
lenet5_batchNorm1,2,9,0.04819277108433735,7,16
lenet5_batchNorm1,10,1,0.4528301886792453,7,16
lenet5_batchNorm1,10,4,0.5833333333333334,7,16
lenet5_batchNorm1,10,5,0.5089285714285714,7,16
lenet5_batchNorm1,10,7,0.330188679245283,7,16
lenet5_batchNorm1,14,5,0.5535714285714286,7,16
lenet5_batchNorm1,10,2,0.47560975609756095,7,16
lenet5_batchNorm1,14,2,0.4817073170731707,7,16
lenet5_batchNorm1,10,3,0.6456692913385826,7,16
lenet5_batchNorm1,14,1,0.5,7,16
lenet5_batchNorm1,10,8,0.6666666666666666,7,16
lenet5_batchNorm1,14,7,0.37735849056603776,7,16
lenet5_batchNorm1,17,3,0.7165354330708661,7,16
lenet5_batchNorm1,10,0,0.48863636363636365,7,16
lenet5_batchNorm1,14,3,0.6456692913385826,7,16
lenet5_batchNorm1,10,6,0.13043478260869565,7,16
lenet5_batchNorm1,17,1,0.41509433962264153,7,16
lenet5_batchNorm1,14,6,0.17391304347826086,7,16
lenet5_batchNorm1,10,9,0.03614457831325301,7,16
lenet5_batchNorm1,17,4,0.525,7,16
lenet5_batchNorm1,14,8,0.5769230769230769,7,16
lenet5_batchNorm1,17,2,0.4817073170731707,7,16
lenet5_batchNorm1,14,4,0.6583333333333333,7,16
lenet5_batchNorm1,17,0,0.4431818181818182,7,16
lenet5_batchNorm1,14,0,0.5,7,16
lenet5_batchNorm1,17,6,0.15217391304347827,7,16
lenet5_batchNorm1,14,9,0.04819277108433735,7,16
lenet5_batchNorm1,17,7,0.2830188679245283,7,16
lenet5_batchNorm1,17,8,0.5769230769230769,7,16
lenet5_batchNorm1,17,5,0.44642857142857145,7,16
lenet5_batchNorm1,17,9,0.024096385542168676,7,16
lenet5_batchNorm1,3,8,0.6282051282051282,7,16
lenet5_batchNorm1,3,1,0.49056603773584906,7,16
lenet5_batchNorm1,3,5,0.5892857142857143,7,16
lenet5_batchNorm1,3,0,0.5795454545454546,7,16
lenet5_batchNorm1,3,4,0.6166666666666667,7,16
lenet5_batchNorm1,3,9,0.060240963855421686,7,16
lenet5_batchNorm1,3,6,0.16304347826086957,7,16
lenet5_batchNorm1,16,1,0.4528301886792453,7,16
lenet5_batchNorm1,3,3,0.6299212598425197,7,16
lenet5_batchNorm1,16,8,0.6538461538461539,7,16
lenet5_batchNorm1,3,7,0.3113207547169811,7,16
lenet5_batchNorm1,16,5,0.5625,7,16
lenet5_batchNorm1,3,2,0.5060975609756098,7,16
lenet5_batchNorm1,16,6,0.14130434782608695,7,16
lenet5_batchNorm1,16,0,0.5681818181818182,7,16
lenet5_batchNorm1,16,2,0.4695121951219512,7,16
lenet5_batchNorm1,16,4,0.5166666666666667,7,16
lenet5_batchNorm1,1,2,0.45121951219512196,7,16
lenet5_batchNorm1,16,7,0.2830188679245283,7,16
lenet5_batchNorm1,1,0,0.5568181818181818,7,16
lenet5_batchNorm1,16,3,0.5905511811023622,7,16
lenet5_batchNorm1,1,5,0.5267857142857143,7,16
lenet5_batchNorm1,16,9,0.04819277108433735,7,16
lenet5_batchNorm1,1,7,0.3113207547169811,7,16
lenet5_batchNorm1,1,3,0.6299212598425197,7,16
lenet5_batchNorm1,1,4,0.6333333333333333,7,16
lenet5_batchNorm1,1,1,0.5094339622641509,7,16
lenet5_batchNorm1,1,8,0.6025641025641025,7,16
lenet5_batchNorm1,1,6,0.14130434782608695,7,16
lenet5_batchNorm1,7,1,0.5125786163522013,7,16
lenet5_batchNorm1,1,9,0.03614457831325301,7,16
lenet5_batchNorm1,7,0,0.5227272727272727,7,16
lenet5_batchNorm1,7,4,0.65,7,16
lenet5_batchNorm1,7,8,0.6153846153846154,7,16
lenet5_batchNorm1,7,3,0.5905511811023622,7,16
lenet5_batchNorm1,7,5,0.5178571428571429,7,16
lenet5_batchNorm1,7,6,0.08695652173913043,7,16
lenet5_batchNorm1,7,2,0.47560975609756095,7,16
lenet5_batchNorm1,7,7,0.33962264150943394,7,16
lenet5_batchNorm1,7,9,0.03614457831325301,7,16
lenet5_batchNorm1,20,1,0.5471698113207547,7,16
lenet5_batchNorm1,20,8,0.6025641025641025,7,16
lenet5_batchNorm1,20,2,0.524390243902439,7,16
lenet5_batchNorm1,6,3,0.7086614173228346,7,16
lenet5_batchNorm1,20,6,0.17391304347826086,7,16
lenet5_batchNorm1,20,3,0.7244094488188977,7,16
lenet5_batchNorm1,6,8,0.5512820512820513,7,16
lenet5_batchNorm1,20,0,0.5454545454545454,7,16
lenet5_batchNorm1,6,0,0.5568181818181818,7,16
lenet5_batchNorm1,20,5,0.5625,7,16
lenet5_batchNorm1,6,1,0.5471698113207547,7,16
lenet5_batchNorm1,20,4,0.6083333333333333,7,16
lenet5_batchNorm1,6,5,0.6160714285714286,7,16
lenet5_batchNorm1,20,7,0.39622641509433965,7,16
lenet5_batchNorm1,6,2,0.5670731707317073,7,16
lenet5_batchNorm1,20,9,0.04819277108433735,7,16
lenet5_batchNorm1,6,4,0.5916666666666667,7,16
lenet5_batchNorm1,6,7,0.4716981132075472,7,16
lenet5_batchNorm1,6,9,0.0963855421686747,7,16
lenet5_batchNorm1,6,6,0.17391304347826086,7,16
lenet5_batchNorm1,5,1,0.4811320754716981,7,16
lenet5_batchNorm1,5,0,0.5,7,16
lenet5_batchNorm1,5,8,0.6153846153846154,7,16
lenet5_batchNorm1,5,4,0.6,7,16
lenet5_batchNorm1,5,2,0.5121951219512195,7,16
lenet5_batchNorm1,5,5,0.5178571428571429,7,16
lenet5_batchNorm1,5,3,0.6850393700787402,7,16
lenet5_batchNorm1,5,7,0.32075471698113206,7,16
lenet5_batchNorm1,5,9,0.060240963855421686,7,16
lenet5_batchNorm1,5,6,0.15217391304347827,7,16
lenet5_batchNorm1,13,0,0.5568181818181818,7,16
lenet5_batchNorm1,13,2,0.4817073170731707,7,16
lenet5_batchNorm1,13,7,0.29245283018867924,7,16
lenet5_batchNorm1,13,4,0.6166666666666667,7,16
lenet5_batchNorm1,13,3,0.7007874015748031,7,16
lenet5_batchNorm1,13,1,0.5220125786163522,7,16
lenet5_batchNorm1,13,5,0.5178571428571429,7,16
lenet5_batchNorm1,13,6,0.17391304347826086,7,16
lenet5_batchNorm1,13,8,0.6153846153846154,7,16
lenet5_batchNorm1,13,9,0.03614457831325301,7,16
lenet5_batchNorm1,18,1,0.44654088050314467,7,16
lenet5_batchNorm1,18,4,0.525,7,16
lenet5_batchNorm1,18,0,0.5227272727272727,7,16
lenet5_batchNorm1,18,7,0.33962264150943394,7,16
lenet5_batchNorm1,18,2,0.47560975609756095,7,16
lenet5_batchNorm1,18,3,0.7086614173228346,7,16
lenet5_batchNorm1,18,5,0.5267857142857143,7,16
lenet5_batchNorm1,18,8,0.5897435897435898,7,16
lenet5_batchNorm1,18,6,0.13043478260869565,7,16
lenet5_batchNorm1,18,9,0.03614457831325301,7,16
lenet5_batchNorm1,4,0,0.6136363636363636,7,16
lenet5_batchNorm1,4,3,0.7244094488188977,7,16
lenet5_batchNorm1,4,1,0.5188679245283019,7,16
lenet5_batchNorm1,4,9,0.04819277108433735,7,16
lenet5_batchNorm1,8,3,0.6614173228346457,7,16
lenet5_batchNorm1,4,8,0.6025641025641025,7,16
lenet5_batchNorm1,8,1,0.5157232704402516,7,16
lenet5_batchNorm1,4,2,0.524390243902439,7,16
lenet5_batchNorm1,8,5,0.5089285714285714,7,16
lenet5_batchNorm1,4,5,0.5,7,16
lenet5_batchNorm1,8,2,0.5121951219512195,7,16
lenet5_batchNorm1,4,7,0.3490566037735849,7,16
lenet5_batchNorm1,8,0,0.5568181818181818,7,16
lenet5_batchNorm1,4,4,0.6083333333333333,7,16
lenet5_batchNorm1,8,4,0.6083333333333333,7,16
lenet5_batchNorm1,4,6,0.17391304347826086,7,16
lenet5_batchNorm1,8,7,0.330188679245283,7,16
lenet5_batchNorm1,8,6,0.20652173913043478,7,16
lenet5_batchNorm1,8,8,0.6153846153846154,7,16
lenet5_batchNorm1,8,9,0.03614457831325301,7,16
lenet5_batchNorm1,33,4,0.65,7,16
lenet5_batchNorm1,33,5,0.6160714285714286,7,16
lenet5_batchNorm1,33,1,0.5188679245283019,7,16
lenet5_batchNorm1,33,3,0.7244094488188977,7,16
lenet5_batchNorm1,33,7,0.3490566037735849,7,16
lenet5_batchNorm1,33,8,0.5897435897435898,7,16
lenet5_batchNorm1,33,6,0.16304347826086957,7,16
lenet5_batchNorm1,33,0,0.5454545454545454,7,16
lenet5_batchNorm1,33,2,0.5060975609756098,7,16
lenet5_batchNorm1,33,9,0.04819277108433735,7,16
lenet5_batchNorm1,21,7,0.3018867924528302,7,16
lenet5_batchNorm1,21,4,0.5166666666666667,7,16
lenet5_batchNorm1,21,1,0.44654088050314467,7,16
lenet5_batchNorm1,21,3,0.6929133858267716,7,16
lenet5_batchNorm1,21,8,0.5769230769230769,7,16
lenet5_batchNorm1,21,2,0.5121951219512195,7,16
lenet5_batchNorm1,21,5,0.5625,7,16
lenet5_batchNorm1,21,0,0.5568181818181818,7,16
lenet5_batchNorm1,21,6,0.17391304347826086,7,16
lenet5_batchNorm1,21,9,0.04819277108433735,7,16
lenet5_batchNorm1,26,7,0.3584905660377358,7,16
lenet5_batchNorm1,26,5,0.5803571428571429,7,16
lenet5_batchNorm1,26,2,0.5304878048780488,7,16
lenet5_batchNorm1,26,1,0.5157232704402516,7,16
lenet5_batchNorm1,26,4,0.65,7,16
lenet5_batchNorm1,26,0,0.5227272727272727,7,16
lenet5_batchNorm1,26,3,0.6771653543307087,7,16
lenet5_batchNorm1,26,8,0.6025641025641025,7,16
lenet5_batchNorm1,26,6,0.17391304347826086,7,16
lenet5_batchNorm1,26,9,0.04819277108433735,7,16
lenet5_batchNorm1,25,6,0.13043478260869565,7,16
lenet5_batchNorm1,25,0,0.5795454545454546,7,16
lenet5_batchNorm1,25,1,0.5377358490566038,7,16
lenet5_batchNorm1,25,2,0.5365853658536586,7,16
lenet5_batchNorm1,25,4,0.6166666666666667,7,16
lenet5_batchNorm1,25,8,0.5769230769230769,7,16
lenet5_batchNorm1,25,3,0.6692913385826772,7,16
lenet5_batchNorm1,25,7,0.3867924528301887,7,16
lenet5_batchNorm1,25,5,0.5982142857142857,7,16
lenet5_batchNorm1,25,9,0.060240963855421686,7,16
lenet5_batchNorm1,23,3,0.6850393700787402,7,16
lenet5_batchNorm1,23,4,0.625,7,16
lenet5_batchNorm1,23,6,0.18478260869565216,7,16
lenet5_batchNorm1,23,1,0.48742138364779874,7,16
lenet5_batchNorm1,23,7,0.29245283018867924,7,16
lenet5_batchNorm1,23,2,0.524390243902439,7,16
lenet5_batchNorm1,23,0,0.4659090909090909,7,16
lenet5_batchNorm1,23,5,0.5625,7,16
lenet5_batchNorm1,23,8,0.6153846153846154,7,16
lenet5_batchNorm1,23,9,0.03614457831325301,7,16
lenet5_batchNorm1,35,8,0.6153846153846154,7,16
lenet5_batchNorm1,35,1,0.5031446540880503,7,16
lenet5_batchNorm1,35,9,0.060240963855421686,7,16
lenet5_batchNorm1,35,5,0.5178571428571429,7,16
lenet5_batchNorm1,35,4,0.6416666666666667,7,16
lenet5_batchNorm1,34,8,0.6282051282051282,7,16
lenet5_batchNorm1,35,2,0.5182926829268293,7,16
lenet5_batchNorm1,34,3,0.5984251968503937,7,16
lenet5_batchNorm1,35,3,0.6456692913385826,7,16
lenet5_batchNorm1,34,5,0.5,7,16
lenet5_batchNorm1,35,6,0.16304347826086957,7,16
lenet5_batchNorm1,34,1,0.4779874213836478,7,16
lenet5_batchNorm1,35,0,0.5568181818181818,7,16
lenet5_batchNorm1,35,7,0.330188679245283,7,16
lenet5_batchNorm1,34,4,0.5833333333333334,7,16
lenet5_batchNorm1,34,7,0.2830188679245283,7,16
lenet5_batchNorm1,34,0,0.5568181818181818,7,16
lenet5_batchNorm1,34,2,0.5121951219512195,7,16
lenet5_batchNorm1,34,9,0.04819277108433735,7,16
lenet5_batchNorm1,34,6,0.17391304347826086,7,16
lenet5_batchNorm1,38,1,0.4371069182389937,7,16
lenet5_batchNorm1,38,4,0.5666666666666667,7,16
lenet5_batchNorm1,38,8,0.6282051282051282,7,16
lenet5_batchNorm1,38,7,0.24528301886792453,7,16
lenet5_batchNorm1,38,2,0.5121951219512195,7,16
lenet5_batchNorm1,38,3,0.6614173228346457,7,16
lenet5_batchNorm1,22,4,0.5666666666666667,7,16
lenet5_batchNorm1,38,5,0.5089285714285714,7,16
lenet5_batchNorm1,22,5,0.5446428571428571,7,16
lenet5_batchNorm1,38,0,0.5227272727272727,7,16
lenet5_batchNorm1,22,0,0.5113636363636364,7,16
lenet5_batchNorm1,38,6,0.14130434782608695,7,16
lenet5_batchNorm1,22,1,0.4716981132075472,7,16
lenet5_batchNorm1,38,9,0.03614457831325301,7,16
lenet5_batchNorm1,22,3,0.5984251968503937,7,16
lenet5_batchNorm1,22,8,0.6025641025641025,7,16
lenet5_batchNorm1,22,7,0.2830188679245283,7,16
lenet5_batchNorm1,22,2,0.4817073170731707,7,16
lenet5_batchNorm1,22,6,0.18478260869565216,7,16
lenet5_batchNorm1,22,9,0.060240963855421686,7,16
lenet5_batchNorm1,29,3,0.7165354330708661,7,16
lenet5_batchNorm1,29,4,0.625,7,16
lenet5_batchNorm1,29,1,0.5314465408805031,7,16
lenet5_batchNorm1,29,0,0.5227272727272727,7,16
lenet5_batchNorm1,29,5,0.6160714285714286,7,16
lenet5_batchNorm1,29,2,0.49390243902439024,7,16
lenet5_batchNorm1,29,7,0.330188679245283,7,16
lenet5_batchNorm1,29,8,0.5769230769230769,7,16
lenet5_batchNorm1,29,6,0.17391304347826086,7,16
lenet5_batchNorm1,29,9,0.03614457831325301,7,16
lenet5_batchNorm1,28,1,0.550314465408805,7,16
lenet5_batchNorm1,24,2,0.5121951219512195,7,16
lenet5_batchNorm1,28,6,0.17391304347826086,7,16
lenet5_batchNorm1,24,6,0.20652173913043478,7,16
lenet5_batchNorm1,28,8,0.6666666666666666,7,16
lenet5_batchNorm1,28,4,0.65,7,16
lenet5_batchNorm1,24,5,0.5535714285714286,7,16
lenet5_batchNorm1,28,3,0.7007874015748031,7,16
lenet5_batchNorm1,28,0,0.5568181818181818,7,16
lenet5_batchNorm1,24,7,0.33962264150943394,7,16
lenet5_batchNorm1,28,2,0.5487804878048781,7,16
lenet5_batchNorm1,40,2,0.5426829268292683,7,16
lenet5_batchNorm1,40,3,0.7480314960629921,7,16
lenet5_batchNorm1,24,4,0.6416666666666667,7,16
lenet5_batchNorm1,28,7,0.33962264150943394,7,16
lenet5_batchNorm1,40,7,0.32075471698113206,7,16
lenet5_batchNorm1,28,5,0.5267857142857143,7,16
lenet5_batchNorm1,24,1,0.5094339622641509,7,16
lenet5_batchNorm1,40,1,0.5094339622641509,7,16
lenet5_batchNorm1,28,9,0.060240963855421686,7,16
lenet5_batchNorm1,24,0,0.625,7,16
lenet5_batchNorm1,24,8,0.6282051282051282,7,16
lenet5_batchNorm1,40,4,0.55,7,16
lenet5_batchNorm1,40,5,0.5892857142857143,7,16
lenet5_batchNorm1,24,9,0.04819277108433735,7,16
lenet5_batchNorm1,40,0,0.5795454545454546,7,16
lenet5_batchNorm1,24,3,0.6220472440944882,7,16
lenet5_batchNorm1,40,6,0.17391304347826086,7,16
lenet5_batchNorm1,40,8,0.5641025641025641,7,16
lenet5_batchNorm1,40,9,0.03614457831325301,7,16
lenet5_batchNorm1,39,4,0.65,7,16
lenet5_batchNorm1,39,2,0.5121951219512195,7,16
lenet5_batchNorm1,39,7,0.36792452830188677,7,16
lenet5_batchNorm1,39,5,0.6071428571428571,7,16
lenet5_batchNorm1,39,1,0.5188679245283019,7,16
lenet5_batchNorm1,39,6,0.20652173913043478,7,16
lenet5_batchNorm1,39,0,0.5568181818181818,7,16
lenet5_batchNorm1,30,2,0.5426829268292683,7,16
lenet5_batchNorm1,39,3,0.6377952755905512,7,16
lenet5_batchNorm1,30,7,0.3018867924528302,7,16
lenet5_batchNorm1,39,8,0.6025641025641025,7,16
lenet5_batchNorm1,39,9,0.060240963855421686,7,16
lenet5_batchNorm1,31,1,0.5408805031446541,7,16
lenet5_batchNorm1,30,1,0.4591194968553459,7,16
lenet5_batchNorm1,31,3,0.6929133858267716,7,16
lenet5_batchNorm1,31,4,0.625,7,16
lenet5_batchNorm1,30,0,0.5340909090909091,7,16
lenet5_batchNorm1,31,8,0.5769230769230769,7,16
lenet5_batchNorm1,31,5,0.625,7,16
lenet5_batchNorm1,30,5,0.5803571428571429,7,16
lenet5_batchNorm1,31,2,0.5,7,16
lenet5_batchNorm1,30,8,0.5897435897435898,7,16
lenet5_batchNorm1,31,0,0.5,7,16
lenet5_batchNorm1,30,3,0.7086614173228346,7,16
lenet5_batchNorm1,36,3,0.7322834645669292,7,16
lenet5_batchNorm1,31,7,0.36792452830188677,7,16
lenet5_batchNorm1,30,4,0.575,7,16
lenet5_batchNorm1,36,5,0.5982142857142857,7,16
lenet5_batchNorm1,32,3,0.6614173228346457,7,16
lenet5_batchNorm1,31,6,0.16304347826086957,7,16
lenet5_batchNorm1,36,4,0.5833333333333334,7,16
lenet5_batchNorm1,30,6,0.16304347826086957,7,16
lenet5_batchNorm1,32,7,0.37735849056603776,7,16
lenet5_batchNorm1,31,9,0.04819277108433735,7,16
lenet5_batchNorm1,36,2,0.5548780487804879,7,16
lenet5_batchNorm1,30,9,0.08433734939759036,7,16
lenet5_batchNorm1,32,1,0.550314465408805,7,16
lenet5_batchNorm1,36,1,0.5314465408805031,7,16
lenet5_batchNorm1,32,4,0.6416666666666667,7,16
lenet5_batchNorm1,36,7,0.3867924528301887,7,16
lenet5_batchNorm1,32,8,0.5769230769230769,7,16
lenet5_batchNorm1,36,0,0.5340909090909091,7,16
lenet5_batchNorm1,32,2,0.4695121951219512,7,16
lenet5_batchNorm1,36,6,0.1956521739130435,7,16
lenet5_batchNorm1,32,6,0.18478260869565216,7,16
lenet5_batchNorm1,36,8,0.5897435897435898,7,16
lenet5_batchNorm1,32,9,0.07228915662650602,7,16
lenet5_batchNorm1,36,9,0.03614457831325301,7,16
lenet5_batchNorm1,32,5,0.5982142857142857,7,16
lenet5_batchNorm1,32,0,0.5340909090909091,7,16
lenet5_batchNorm1,27,7,0.3113207547169811,7,16
lenet5_batchNorm1,37,2,0.5487804878048781,7,16
lenet5_batchNorm1,27,0,0.4772727272727273,7,16
lenet5_batchNorm1,37,1,0.48427672955974843,7,16
lenet5_batchNorm1,37,7,0.32075471698113206,7,16
lenet5_batchNorm1,27,3,0.6850393700787402,7,16
lenet5_batchNorm1,27,8,0.5897435897435898,7,16
lenet5_batchNorm1,37,3,0.7952755905511811,7,16
lenet5_batchNorm1,27,1,0.4528301886792453,7,16
lenet5_batchNorm1,27,5,0.5267857142857143,7,16
lenet5_batchNorm1,37,8,0.5897435897435898,7,16
lenet5_batchNorm1,27,4,0.575,7,16
lenet5_batchNorm1,37,5,0.5625,7,16
lenet5_batchNorm1,27,2,0.4817073170731707,7,16
lenet5_batchNorm1,37,4,0.5666666666666667,7,16
lenet5_batchNorm1,27,6,0.10869565217391304,7,16
lenet5_batchNorm1,37,0,0.5340909090909091,7,16
lenet5_batchNorm1,27,9,0.04819277108433735,7,16
lenet5_batchNorm1,37,6,0.14130434782608695,7,16
lenet5_batchNorm1,37,9,0.03614457831325301,7,16
lenet5_batchNorm1,47,1,0.4371069182389937,7,16
lenet5_batchNorm1,47,2,0.43902439024390244,7,16
lenet5_batchNorm1,47,0,0.5681818181818182,7,16
lenet5_batchNorm1,47,5,0.5,7,16
lenet5_batchNorm1,47,3,0.6377952755905512,7,16
lenet5_batchNorm1,47,4,0.6083333333333333,7,16
lenet5_batchNorm1,47,8,0.6025641025641025,7,16
lenet5_batchNorm1,47,7,0.3018867924528302,7,16
lenet5_batchNorm1,47,6,0.18478260869565216,7,16
lenet5_batchNorm1,47,9,0.03614457831325301,7,16
lenet5_batchNorm1,51,4,0.6833333333333333,7,16
lenet5_batchNorm1,51,8,0.6153846153846154,7,16
lenet5_batchNorm1,51,1,0.5408805031446541,7,16
lenet5_batchNorm1,51,5,0.5089285714285714,7,16
lenet5_batchNorm1,51,2,0.49390243902439024,7,16
lenet5_batchNorm1,51,3,0.6456692913385826,7,16
lenet5_batchNorm1,51,7,0.32075471698113206,7,16
lenet5_batchNorm1,51,0,0.5795454545454546,7,16
lenet5_batchNorm1,51,6,0.11956521739130435,7,16
lenet5_batchNorm1,51,9,0.03614457831325301,7,16
lenet5_batchNorm1,44,5,0.5357142857142857,7,16
lenet5_batchNorm1,44,1,0.5062893081761006,7,16
lenet5_batchNorm1,44,3,0.6535433070866141,7,16
lenet5_batchNorm1,44,8,0.6410256410256411,7,16
lenet5_batchNorm1,44,7,0.3018867924528302,7,16
lenet5_batchNorm1,44,4,0.5583333333333333,7,16
lenet5_batchNorm1,44,0,0.5227272727272727,7,16
lenet5_batchNorm1,44,2,0.4817073170731707,7,16
lenet5_batchNorm1,44,6,0.14130434782608695,7,16
lenet5_batchNorm1,44,9,0.03614457831325301,7,16
lenet5_batchNorm1,52,3,0.7401574803149606,7,16
lenet5_batchNorm1,52,5,0.5535714285714286,7,16
lenet5_batchNorm1,52,2,0.5,7,16
lenet5_batchNorm1,52,0,0.6477272727272727,7,16
lenet5_batchNorm1,52,4,0.6416666666666667,7,16
lenet5_batchNorm1,52,1,0.5314465408805031,7,16
lenet5_batchNorm1,52,8,0.5897435897435898,7,16
lenet5_batchNorm1,52,7,0.3867924528301887,7,16
lenet5_batchNorm1,52,9,0.060240963855421686,7,16
lenet5_batchNorm1,54,2,0.5182926829268293,7,16
lenet5_batchNorm1,52,6,0.18478260869565216,7,16
lenet5_batchNorm1,54,4,0.6583333333333333,7,16
lenet5_batchNorm1,54,1,0.5251572327044025,7,16
lenet5_batchNorm1,43,8,0.5769230769230769,7,16
lenet5_batchNorm1,54,8,0.5641025641025641,7,16
lenet5_batchNorm1,43,1,0.5094339622641509,7,16
lenet5_batchNorm1,54,6,0.1956521739130435,7,16
lenet5_batchNorm1,43,5,0.6160714285714286,7,16
lenet5_batchNorm1,54,3,0.6850393700787402,7,16
lenet5_batchNorm1,54,7,0.36792452830188677,7,16
lenet5_batchNorm1,43,0,0.5568181818181818,7,16
lenet5_batchNorm1,54,5,0.5625,7,16
lenet5_batchNorm1,43,4,0.6333333333333333,7,16
lenet5_batchNorm1,54,0,0.5227272727272727,7,16
lenet5_batchNorm1,43,2,0.5304878048780488,7,16
lenet5_batchNorm1,54,9,0.08433734939759036,7,16
lenet5_batchNorm1,43,7,0.41509433962264153,7,16
lenet5_batchNorm1,43,9,0.08433734939759036,7,16
lenet5_batchNorm1,43,3,0.6771653543307087,7,16
lenet5_batchNorm1,43,6,0.14130434782608695,7,16
lenet5_batchNorm1,46,1,0.48742138364779874,7,16
lenet5_batchNorm1,46,3,0.6377952755905512,7,16
lenet5_batchNorm1,46,4,0.55,7,16
lenet5_batchNorm1,46,2,0.5121951219512195,7,16
lenet5_batchNorm1,46,5,0.5803571428571429,7,16
lenet5_batchNorm1,46,6,0.17391304347826086,7,16
lenet5_batchNorm1,46,0,0.5909090909090909,7,16
lenet5_batchNorm1,46,8,0.5897435897435898,7,16
lenet5_batchNorm1,46,7,0.33962264150943394,7,16
lenet5_batchNorm1,46,9,0.03614457831325301,7,16
lenet5_batchNorm1,45,7,0.3018867924528302,7,16
lenet5_batchNorm1,45,1,0.46226415094339623,7,16
lenet5_batchNorm1,45,3,0.6535433070866141,7,16
lenet5_batchNorm1,45,8,0.6410256410256411,7,16
lenet5_batchNorm1,45,0,0.5909090909090909,7,16
lenet5_batchNorm1,45,2,0.49390243902439024,7,16
lenet5_batchNorm1,45,4,0.5916666666666667,7,16
lenet5_batchNorm1,45,6,0.17391304347826086,7,16
lenet5_batchNorm1,45,5,0.5357142857142857,7,16
lenet5_batchNorm1,45,9,0.060240963855421686,7,16
lenet5_batchNorm1,55,1,0.48742138364779874,7,16
lenet5_batchNorm1,55,4,0.625,7,16
lenet5_batchNorm1,55,3,0.7165354330708661,7,16
lenet5_batchNorm1,55,2,0.5365853658536586,7,16
lenet5_batchNorm1,55,6,0.18478260869565216,7,16
lenet5_batchNorm1,55,8,0.5897435897435898,7,16
lenet5_batchNorm1,55,9,0.07228915662650602,7,16
lenet5_batchNorm1,55,5,0.6160714285714286,7,16
lenet5_batchNorm1,55,7,0.3490566037735849,7,16
lenet5_batchNorm1,55,0,0.5,7,16
lenet5_batchNorm1,58,8,0.6410256410256411,7,16
lenet5_batchNorm1,58,6,0.21739130434782608,7,16
lenet5_batchNorm1,58,0,0.5795454545454546,7,16
lenet5_batchNorm1,58,2,0.4695121951219512,7,16
lenet5_batchNorm1,58,1,0.5220125786163522,7,16
lenet5_batchNorm1,58,4,0.6416666666666667,7,16
lenet5_batchNorm1,58,3,0.6692913385826772,7,16
lenet5_batchNorm1,58,5,0.5535714285714286,7,16
lenet5_batchNorm1,58,7,0.2830188679245283,7,16
lenet5_batchNorm1,58,9,0.03614457831325301,7,16
lenet5_batchNorm1,57,1,0.4056603773584906,7,16
lenet5_batchNorm1,57,3,0.6692913385826772,7,16
lenet5_batchNorm1,57,0,0.5227272727272727,7,16
lenet5_batchNorm1,57,2,0.4817073170731707,7,16
lenet5_batchNorm1,57,4,0.525,7,16
lenet5_batchNorm1,57,7,0.2641509433962264,7,16
lenet5_batchNorm1,57,8,0.6538461538461539,7,16
lenet5_batchNorm1,57,5,0.48214285714285715,7,16
lenet5_batchNorm1,57,6,0.15217391304347827,7,16
lenet5_batchNorm1,57,9,0.04819277108433735,7,16
lenet5_batchNorm1,60,3,0.7165354330708661,7,16
lenet5_batchNorm1,60,7,0.2830188679245283,7,16
lenet5_batchNorm1,60,0,0.42045454545454547,7,16
lenet5_batchNorm1,41,0,0.5340909090909091,7,16
lenet5_batchNorm1,60,2,0.4634146341463415,7,16
lenet5_batchNorm1,41,5,0.5892857142857143,7,16
lenet5_batchNorm1,60,5,0.5178571428571429,7,16
lenet5_batchNorm1,41,1,0.4779874213836478,7,16
lenet5_batchNorm1,60,4,0.5666666666666667,7,16
lenet5_batchNorm1,41,3,0.7480314960629921,7,16
lenet5_batchNorm1,60,1,0.44654088050314467,7,16
lenet5_batchNorm1,60,8,0.6666666666666666,7,16
lenet5_batchNorm1,41,4,0.575,7,16
lenet5_batchNorm1,41,2,0.5426829268292683,7,16
lenet5_batchNorm1,60,9,0.060240963855421686,7,16
lenet5_batchNorm1,60,6,0.14130434782608695,7,16
lenet5_batchNorm1,41,7,0.33962264150943394,7,16
lenet5_batchNorm1,41,9,0.04819277108433735,7,16
lenet5_batchNorm1,41,6,0.16304347826086957,7,16
lenet5_batchNorm1,41,8,0.5256410256410257,7,16
lenet5_batchNorm1,50,2,0.47560975609756095,7,16
lenet5_batchNorm1,50,0,0.5227272727272727,7,16
lenet5_batchNorm1,50,8,0.6153846153846154,7,16
lenet5_batchNorm1,50,5,0.5446428571428571,7,16
lenet5_batchNorm1,50,1,0.4968553459119497,7,16
lenet5_batchNorm1,50,4,0.55,7,16
lenet5_batchNorm1,50,7,0.3584905660377358,7,16
lenet5_batchNorm1,50,3,0.6850393700787402,7,16
lenet5_batchNorm1,50,9,0.04819277108433735,7,16
lenet5_batchNorm1,50,6,0.1956521739130435,7,16
lenet5_batchNorm1,48,0,0.5340909090909091,7,16
lenet5_batchNorm1,48,3,0.7165354330708661,7,16
lenet5_batchNorm1,48,7,0.3490566037735849,7,16
lenet5_batchNorm1,48,1,0.550314465408805,7,16
lenet5_batchNorm1,48,4,0.575,7,16
lenet5_batchNorm1,48,2,0.5121951219512195,7,16
lenet5_batchNorm1,48,5,0.5535714285714286,7,16
lenet5_batchNorm1,48,8,0.6025641025641025,7,16
lenet5_batchNorm1,48,6,0.14130434782608695,7,16
lenet5_batchNorm1,48,9,0.04819277108433735,7,16
lenet5_batchNorm1,59,2,0.45121951219512196,7,16
lenet5_batchNorm1,56,1,0.5628930817610063,7,16
lenet5_batchNorm1,59,6,0.16304347826086957,7,16
lenet5_batchNorm1,56,3,0.6929133858267716,7,16
lenet5_batchNorm1,59,3,0.6535433070866141,7,16
lenet5_batchNorm1,56,6,0.17391304347826086,7,16
lenet5_batchNorm1,59,1,0.48427672955974843,7,16
lenet5_batchNorm1,56,4,0.65,7,16
lenet5_batchNorm1,59,0,0.48863636363636365,7,16
lenet5_batchNorm1,56,2,0.5121951219512195,7,16
lenet5_batchNorm1,59,7,0.3584905660377358,7,16
lenet5_batchNorm1,56,5,0.5714285714285714,7,16
lenet5_batchNorm1,59,5,0.5,7,16
lenet5_batchNorm1,56,0,0.6022727272727273,7,16
lenet5_batchNorm1,59,8,0.6666666666666666,7,16
lenet5_batchNorm1,53,5,0.5267857142857143,7,16
lenet5_batchNorm1,56,7,0.37735849056603776,7,16
lenet5_batchNorm1,59,4,0.5833333333333334,7,16
lenet5_batchNorm1,53,1,0.4937106918238994,7,16
lenet5_batchNorm1,42,4,0.5916666666666667,7,16
lenet5_batchNorm1,53,8,0.6282051282051282,7,16
lenet5_batchNorm1,59,9,0.03614457831325301,7,16
lenet5_batchNorm1,56,8,0.5897435897435898,7,16
lenet5_batchNorm1,42,0,0.5795454545454546,7,16
lenet5_batchNorm1,56,9,0.060240963855421686,7,16
lenet5_batchNorm1,53,2,0.5,7,16
lenet5_batchNorm1,42,7,0.32075471698113206,7,16
lenet5_batchNorm1,53,3,0.6141732283464567,7,16
lenet5_batchNorm1,53,7,0.330188679245283,7,16
lenet5_batchNorm1,42,3,0.6535433070866141,7,16
lenet5_batchNorm1,53,4,0.5666666666666667,7,16
lenet5_batchNorm1,42,2,0.4878048780487805,7,16
lenet5_batchNorm1,53,0,0.6022727272727273,7,16
lenet5_batchNorm1,42,5,0.4642857142857143,7,16
lenet5_batchNorm1,53,6,0.15217391304347827,7,16
lenet5_batchNorm1,42,1,0.44339622641509435,7,16
lenet5_batchNorm1,42,6,0.16304347826086957,7,16
lenet5_batchNorm1,53,9,0.04819277108433735,7,16
lenet5_batchNorm1,42,8,0.6025641025641025,7,16
lenet5_batchNorm1,42,9,0.04819277108433735,7,16
lenet5_batchNorm1,49,2,0.49390243902439024,7,16
lenet5_batchNorm1,49,1,0.4716981132075472,7,16
lenet5_batchNorm1,49,6,0.16304347826086957,7,16
lenet5_batchNorm1,49,0,0.5227272727272727,7,16
lenet5_batchNorm1,49,9,0.04819277108433735,7,16
lenet5_batchNorm1,49,5,0.5714285714285714,7,16
lenet5_batchNorm1,49,8,0.5897435897435898,7,16
lenet5_batchNorm1,49,3,0.6771653543307087,7,16
lenet5_batchNorm1,49,4,0.5666666666666667,7,16
lenet5_batchNorm1,49,7,0.330188679245283,7,16
lenet5_batchNorm1,75,1,0.5566037735849056,7,16
lenet5_batchNorm1,75,2,0.5853658536585366,7,16
lenet5_batchNorm1,75,8,0.5512820512820513,7,16
lenet5_batchNorm1,75,5,0.6339285714285714,7,16
lenet5_batchNorm1,75,3,0.7795275590551181,7,16
lenet5_batchNorm1,75,7,0.37735849056603776,7,16
lenet5_batchNorm1,75,0,0.48863636363636365,7,16
lenet5_batchNorm1,75,4,0.5666666666666667,7,16
lenet5_batchNorm1,75,6,0.16304347826086957,7,16
lenet5_batchNorm1,75,9,0.03614457831325301,7,16
lenet5_batchNorm1,72,3,0.6771653543307087,7,16
lenet5_batchNorm1,72,0,0.5568181818181818,7,16
lenet5_batchNorm1,72,2,0.5304878048780488,7,16
lenet5_batchNorm1,72,4,0.6,7,16
lenet5_batchNorm1,72,5,0.6160714285714286,7,16
lenet5_batchNorm1,72,1,0.4937106918238994,7,16
lenet5_batchNorm1,72,7,0.36792452830188677,7,16
lenet5_batchNorm1,72,8,0.6025641025641025,7,16
lenet5_batchNorm1,72,6,0.18478260869565216,7,16
lenet5_batchNorm1,67,5,0.5357142857142857,7,16
lenet5_batchNorm1,72,9,0.04819277108433735,7,16
lenet5_batchNorm1,67,2,0.524390243902439,7,16
lenet5_batchNorm1,67,3,0.6614173228346457,7,16
lenet5_batchNorm1,67,1,0.4779874213836478,7,16
lenet5_batchNorm1,67,6,0.14130434782608695,7,16
lenet5_batchNorm1,67,8,0.6282051282051282,7,16
lenet5_batchNorm1,67,0,0.5454545454545454,7,16
lenet5_batchNorm1,64,3,0.7244094488188977,7,16
lenet5_batchNorm1,67,9,0.07228915662650602,7,16
lenet5_batchNorm1,64,4,0.625,7,16
lenet5_batchNorm1,67,7,0.3113207547169811,7,16
lenet5_batchNorm1,67,4,0.5583333333333333,7,16
lenet5_batchNorm1,64,1,0.4968553459119497,7,16
lenet5_batchNorm1,64,2,0.49390243902439024,7,16
lenet5_batchNorm1,64,0,0.5340909090909091,7,16
lenet5_batchNorm1,64,5,0.5267857142857143,7,16
lenet5_batchNorm1,64,8,0.5769230769230769,7,16
lenet5_batchNorm1,64,7,0.3584905660377358,7,16
lenet5_batchNorm1,64,6,0.18478260869565216,7,16
lenet5_batchNorm1,64,9,0.04819277108433735,7,16
lenet5_batchNorm1,69,7,0.39622641509433965,7,16
lenet5_batchNorm1,69,5,0.5446428571428571,7,16
lenet5_batchNorm1,77,5,0.6160714285714286,7,16
lenet5_batchNorm1,77,8,0.6282051282051282,7,16
lenet5_batchNorm1,77,1,0.5566037735849056,7,16
lenet5_batchNorm1,69,6,0.16304347826086957,7,16
lenet5_batchNorm1,69,0,0.6136363636363636,7,16
lenet5_batchNorm1,77,2,0.5609756097560976,7,16
lenet5_batchNorm1,69,2,0.5121951219512195,7,16
lenet5_batchNorm1,69,4,0.5916666666666667,7,16
lenet5_batchNorm1,77,3,0.6929133858267716,7,16
lenet5_batchNorm1,69,1,0.4591194968553459,7,16
lenet5_batchNorm1,77,4,0.675,7,16
lenet5_batchNorm1,69,3,0.6456692913385826,7,16
lenet5_batchNorm1,77,7,0.39622641509433965,7,16
lenet5_batchNorm1,69,9,0.07228915662650602,7,16
lenet5_batchNorm1,77,0,0.5909090909090909,7,16
lenet5_batchNorm1,69,8,0.5897435897435898,7,16
lenet5_batchNorm1,77,6,0.15217391304347827,7,16
lenet5_batchNorm1,77,9,0.07228915662650602,7,16
lenet5_batchNorm1,65,0,0.5681818181818182,7,16
lenet5_batchNorm1,65,3,0.7086614173228346,7,16
lenet5_batchNorm1,65,5,0.5714285714285714,7,16
lenet5_batchNorm1,65,2,0.5121951219512195,7,16
lenet5_batchNorm1,65,1,0.4968553459119497,7,16
lenet5_batchNorm1,65,4,0.5333333333333333,7,16
lenet5_batchNorm1,65,7,0.32075471698113206,7,16
lenet5_batchNorm1,65,8,0.5897435897435898,7,16
lenet5_batchNorm1,65,9,0.03614457831325301,7,16
lenet5_batchNorm1,65,6,0.11956521739130435,7,16
lenet5_batchNorm1,63,4,0.55,7,16
lenet5_batchNorm1,63,3,0.7086614173228346,7,16
lenet5_batchNorm1,63,1,0.5283018867924528,7,16
lenet5_batchNorm1,63,9,0.07228915662650602,7,16
lenet5_batchNorm1,63,2,0.5426829268292683,7,16
lenet5_batchNorm1,63,5,0.5535714285714286,7,16
lenet5_batchNorm1,63,0,0.5909090909090909,7,16
lenet5_batchNorm1,63,7,0.33962264150943394,7,16
lenet5_batchNorm1,63,6,0.16304347826086957,7,16
lenet5_batchNorm1,63,8,0.5384615384615384,7,16
lenet5_batchNorm1,71,7,0.3490566037735849,7,16
lenet5_batchNorm1,71,2,0.5487804878048781,7,16
lenet5_batchNorm1,71,1,0.48742138364779874,7,16
lenet5_batchNorm1,71,0,0.5568181818181818,7,16
lenet5_batchNorm1,71,5,0.5357142857142857,7,16
lenet5_batchNorm1,71,3,0.7244094488188977,7,16
lenet5_batchNorm1,66,5,0.5714285714285714,7,16
lenet5_batchNorm1,71,4,0.5916666666666667,7,16
lenet5_batchNorm1,66,7,0.330188679245283,7,16
lenet5_batchNorm1,71,8,0.5128205128205128,7,16
lenet5_batchNorm1,66,0,0.5909090909090909,7,16
lenet5_batchNorm1,71,6,0.18478260869565216,7,16
lenet5_batchNorm1,66,4,0.6,7,16
lenet5_batchNorm1,71,9,0.04819277108433735,7,16
lenet5_batchNorm1,66,9,0.024096385542168676,7,16
lenet5_batchNorm1,66,2,0.524390243902439,7,16
lenet5_batchNorm1,66,3,0.6535433070866141,7,16
lenet5_batchNorm1,66,1,0.46540880503144655,7,16
lenet5_batchNorm1,66,8,0.6153846153846154,7,16
lenet5_batchNorm1,66,6,0.20652173913043478,7,16
lenet5_batchNorm1,61,1,0.5345911949685535,7,16
lenet5_batchNorm1,61,6,0.16304347826086957,7,16
lenet5_batchNorm1,61,5,0.5982142857142857,7,16
lenet5_batchNorm1,61,0,0.5340909090909091,7,16
lenet5_batchNorm1,61,3,0.7086614173228346,7,16
lenet5_batchNorm1,61,8,0.6153846153846154,7,16
lenet5_batchNorm1,61,2,0.5304878048780488,7,16
lenet5_batchNorm1,61,4,0.6666666666666666,7,16
lenet5_batchNorm1,78,1,0.5031446540880503,7,16
lenet5_batchNorm1,78,8,0.6410256410256411,7,16
lenet5_batchNorm1,61,7,0.3113207547169811,7,16
lenet5_batchNorm1,61,9,0.060240963855421686,7,16
lenet5_batchNorm1,78,7,0.36792452830188677,7,16
lenet5_batchNorm1,78,2,0.4817073170731707,7,16
lenet5_batchNorm1,78,3,0.6377952755905512,7,16
lenet5_batchNorm1,74,2,0.5304878048780488,7,16
lenet5_batchNorm1,78,4,0.6333333333333333,7,16
lenet5_batchNorm1,74,7,0.3113207547169811,7,16
lenet5_batchNorm1,78,0,0.5795454545454546,7,16
lenet5_batchNorm1,74,3,0.6299212598425197,7,16
lenet5_batchNorm1,78,5,0.5178571428571429,7,16
lenet5_batchNorm1,74,5,0.5892857142857143,7,16
lenet5_batchNorm1,78,6,0.14130434782608695,7,16
lenet5_batchNorm1,74,4,0.6416666666666667,7,16
lenet5_batchNorm1,79,2,0.5,7,16
lenet5_batchNorm1,78,9,0.03614457831325301,7,16
lenet5_batchNorm1,74,0,0.5909090909090909,7,16
lenet5_batchNorm1,73,1,0.5314465408805031,7,16
lenet5_batchNorm1,79,1,0.5094339622641509,7,16
lenet5_batchNorm1,74,1,0.5,7,16
lenet5_batchNorm1,73,2,0.5121951219512195,7,16
lenet5_batchNorm1,79,5,0.5089285714285714,7,16
lenet5_batchNorm1,74,8,0.5897435897435898,7,16
lenet5_batchNorm1,73,3,0.7165354330708661,7,16
lenet5_batchNorm1,74,6,0.15217391304347827,7,16
lenet5_batchNorm1,79,3,0.7244094488188977,7,16
lenet5_batchNorm1,73,0,0.5340909090909091,7,16
lenet5_batchNorm1,74,9,0.060240963855421686,7,16
lenet5_batchNorm1,79,0,0.4431818181818182,7,16
lenet5_batchNorm1,73,4,0.5833333333333334,7,16
lenet5_batchNorm1,79,6,0.15217391304347827,7,16
lenet5_batchNorm1,73,5,0.5535714285714286,7,16
lenet5_batchNorm1,79,4,0.5833333333333334,7,16
lenet5_batchNorm1,73,8,0.5897435897435898,7,16
lenet5_batchNorm1,79,9,0.024096385542168676,7,16
lenet5_batchNorm1,73,7,0.3490566037735849,7,16
lenet5_batchNorm1,79,8,0.6666666666666666,7,16
lenet5_batchNorm1,73,6,0.16304347826086957,7,16
lenet5_batchNorm1,79,7,0.37735849056603776,7,16
lenet5_batchNorm1,68,4,0.575,7,16
lenet5_batchNorm1,73,9,0.060240963855421686,7,16
lenet5_batchNorm1,68,1,0.5157232704402516,7,16
lenet5_batchNorm1,68,0,0.4431818181818182,7,16
lenet5_batchNorm1,68,2,0.5548780487804879,7,16
lenet5_batchNorm1,68,3,0.7559055118110236,7,16
lenet5_batchNorm1,68,7,0.36792452830188677,7,16
lenet5_batchNorm1,68,5,0.5803571428571429,7,16
lenet5_batchNorm1,68,8,0.5897435897435898,7,16
lenet5_batchNorm1,68,6,0.16304347826086957,7,16
lenet5_batchNorm1,68,9,0.03614457831325301,7,16
lenet5_batchNorm1,76,4,0.6083333333333333,7,16
lenet5_batchNorm1,76,1,0.5220125786163522,7,16
lenet5_batchNorm1,76,2,0.5,7,16
lenet5_batchNorm1,80,1,0.550314465408805,7,16
lenet5_batchNorm1,80,8,0.5641025641025641,7,16
lenet5_batchNorm1,76,5,0.5446428571428571,7,16
lenet5_batchNorm1,80,3,0.7874015748031497,7,16
lenet5_batchNorm1,80,2,0.5548780487804879,7,16
lenet5_batchNorm1,76,0,0.5,7,16
lenet5_batchNorm1,80,5,0.5625,7,16
lenet5_batchNorm1,76,3,0.7874015748031497,7,16
lenet5_batchNorm1,80,0,0.48863636363636365,7,16
lenet5_batchNorm1,76,6,0.15217391304347827,7,16
lenet5_batchNorm1,80,4,0.49166666666666664,7,16
lenet5_batchNorm1,80,7,0.33962264150943394,7,16
lenet5_batchNorm1,80,6,0.17391304347826086,7,16
lenet5_batchNorm1,76,8,0.5769230769230769,7,16
lenet5_batchNorm1,80,9,0.07228915662650602,7,16
lenet5_batchNorm1,76,7,0.37735849056603776,7,16
lenet5_batchNorm1,76,9,0.024096385542168676,7,16
lenet5_batchNorm1,70,8,0.6282051282051282,7,16
lenet5_batchNorm1,70,5,0.5535714285714286,7,16
lenet5_batchNorm1,62,3,0.7165354330708661,7,16
lenet5_batchNorm1,70,3,0.7401574803149606,7,16
lenet5_batchNorm1,70,4,0.6583333333333333,7,16
lenet5_batchNorm1,62,2,0.5609756097560976,7,16
lenet5_batchNorm1,70,1,0.5628930817610063,7,16
lenet5_batchNorm1,62,1,0.5031446540880503,7,16
lenet5_batchNorm1,70,7,0.36792452830188677,7,16
lenet5_batchNorm1,62,6,0.1956521739130435,7,16
lenet5_batchNorm1,70,0,0.5340909090909091,7,16
lenet5_batchNorm1,62,0,0.6136363636363636,7,16
lenet5_batchNorm1,70,2,0.5182926829268293,7,16
lenet5_batchNorm1,62,7,0.3490566037735849,7,16
lenet5_batchNorm1,70,6,0.17391304347826086,7,16
lenet5_batchNorm1,62,5,0.5446428571428571,7,16
lenet5_batchNorm1,70,9,0.04819277108433735,7,16
lenet5_batchNorm1,62,4,0.5333333333333333,7,16
lenet5_batchNorm1,62,8,0.5384615384615384,7,16
lenet5_batchNorm1,62,9,0.04819277108433735,7,16
lenet5_batchNorm1,90,2,0.5487804878048781,7,16
lenet5_batchNorm1,90,1,0.5314465408805031,7,16
lenet5_batchNorm1,90,0,0.5568181818181818,7,16
lenet5_batchNorm1,90,4,0.5583333333333333,7,16
lenet5_batchNorm1,90,3,0.7559055118110236,7,16
lenet5_batchNorm1,90,7,0.39622641509433965,7,16
lenet5_batchNorm1,90,8,0.5256410256410257,7,16
lenet5_batchNorm1,90,5,0.6071428571428571,7,16
lenet5_batchNorm1,90,9,0.060240963855421686,7,16
lenet5_batchNorm1,90,6,0.20652173913043478,7,16
lenet5_batchNorm1,85,1,0.4025157232704403,7,16
lenet5_batchNorm1,85,8,0.6666666666666666,7,16
lenet5_batchNorm1,85,2,0.4817073170731707,7,16
lenet5_batchNorm1,85,7,0.2358490566037736,7,16
lenet5_batchNorm1,85,3,0.6692913385826772,7,16
lenet5_batchNorm1,85,5,0.48214285714285715,7,16
lenet5_batchNorm1,85,4,0.5833333333333334,7,16
lenet5_batchNorm1,85,0,0.6022727272727273,7,16
lenet5_batchNorm1,85,6,0.10869565217391304,7,16
lenet5_batchNorm1,85,9,0.04819277108433735,7,16
lenet5_batchNorm1,91,1,0.559748427672956,7,16
lenet5_batchNorm1,91,3,0.6692913385826772,7,16
lenet5_batchNorm1,91,2,0.5426829268292683,7,16
lenet5_batchNorm1,91,5,0.6160714285714286,7,16
lenet5_batchNorm1,91,6,0.17391304347826086,7,16
lenet5_batchNorm1,91,4,0.6333333333333333,7,16
lenet5_batchNorm1,91,8,0.5897435897435898,7,16
lenet5_batchNorm1,91,0,0.5454545454545454,7,16
lenet5_batchNorm1,91,7,0.3584905660377358,7,16
lenet5_batchNorm1,91,9,0.04819277108433735,7,16
lenet5_batchNorm1,98,3,0.7322834645669292,7,16
lenet5_batchNorm1,98,4,0.6166666666666667,7,16
lenet5_batchNorm1,98,1,0.4748427672955975,7,16
lenet5_batchNorm1,98,8,0.6282051282051282,7,16
lenet5_batchNorm1,98,0,0.5568181818181818,7,16
lenet5_batchNorm1,98,2,0.5121951219512195,7,16
lenet5_batchNorm1,98,5,0.5803571428571429,7,16
lenet5_batchNorm1,98,7,0.3113207547169811,7,16
lenet5_batchNorm1,98,6,0.09782608695652174,7,16
lenet5_batchNorm1,98,9,0.03614457831325301,7,16
lenet5_batchNorm1,97,5,0.6339285714285714,7,16
lenet5_batchNorm1,97,1,0.5157232704402516,7,16
lenet5_batchNorm1,97,2,0.524390243902439,7,16
lenet5_batchNorm1,97,0,0.5227272727272727,7,16
lenet5_batchNorm1,97,4,0.5833333333333334,7,16
lenet5_batchNorm1,97,7,0.4056603773584906,7,16
lenet5_batchNorm1,97,9,0.060240963855421686,7,16
lenet5_batchNorm1,97,3,0.6535433070866141,7,16
lenet5_batchNorm1,97,8,0.6153846153846154,7,16
lenet5_batchNorm1,97,6,0.17391304347826086,7,16
lenet5_batchNorm1,81,7,0.32075471698113206,7,16
lenet5_batchNorm1,95,1,0.5031446540880503,7,16
lenet5_batchNorm1,81,1,0.5345911949685535,7,16
lenet5_batchNorm1,95,0,0.625,7,16
lenet5_batchNorm1,81,5,0.5535714285714286,7,16
lenet5_batchNorm1,95,4,0.5666666666666667,7,16
lenet5_batchNorm1,99,1,0.5408805031446541,7,16
lenet5_batchNorm1,81,3,0.6614173228346457,7,16
lenet5_batchNorm1,99,3,0.7244094488188977,7,16
lenet5_batchNorm1,95,7,0.330188679245283,7,16
lenet5_batchNorm1,99,5,0.625,7,16
lenet5_batchNorm1,81,2,0.5365853658536586,7,16
lenet5_batchNorm1,95,5,0.5982142857142857,7,16
lenet5_batchNorm1,99,2,0.573170731707317,7,16
lenet5_batchNorm1,81,0,0.5568181818181818,7,16
lenet5_batchNorm1,95,2,0.524390243902439,7,16
lenet5_batchNorm1,99,7,0.39622641509433965,7,16
lenet5_batchNorm1,81,4,0.6333333333333333,7,16
lenet5_batchNorm1,95,3,0.6850393700787402,7,16
lenet5_batchNorm1,99,4,0.625,7,16
lenet5_batchNorm1,81,8,0.6025641025641025,7,16
lenet5_batchNorm1,95,6,0.20652173913043478,7,16
lenet5_batchNorm1,99,6,0.20652173913043478,7,16
lenet5_batchNorm1,81,6,0.21739130434782608,7,16
lenet5_batchNorm1,95,8,0.5128205128205128,7,16
lenet5_batchNorm1,99,0,0.5568181818181818,7,16
lenet5_batchNorm1,81,9,0.08433734939759036,7,16
lenet5_batchNorm1,95,9,0.08433734939759036,7,16
lenet5_batchNorm1,99,8,0.5384615384615384,7,16
lenet5_batchNorm1,99,9,0.04819277108433735,7,16
lenet5_batchNorm1,82,1,0.4937106918238994,7,16
lenet5_batchNorm1,82,7,0.3490566037735849,7,16
lenet5_batchNorm1,82,5,0.6071428571428571,7,16
lenet5_batchNorm1,82,3,0.5984251968503937,7,16
lenet5_batchNorm1,82,8,0.6538461538461539,7,16
lenet5_batchNorm1,82,6,0.15217391304347827,7,16
lenet5_batchNorm1,82,2,0.4817073170731707,7,16
lenet5_batchNorm1,82,4,0.5833333333333334,7,16
lenet5_batchNorm1,82,0,0.5909090909090909,7,16
lenet5_batchNorm1,82,9,0.04819277108433735,7,16
lenet5_batchNorm1,94,1,0.4591194968553459,7,16
lenet5_batchNorm1,94,2,0.5060975609756098,7,16
lenet5_batchNorm1,94,3,0.7874015748031497,7,16
lenet5_batchNorm1,100,1,0.4779874213836478,7,16
lenet5_batchNorm1,94,5,0.5982142857142857,7,16
lenet5_batchNorm1,100,6,0.18478260869565216,7,16
lenet5_batchNorm1,100,0,0.5454545454545454,7,16
lenet5_batchNorm1,94,8,0.6025641025641025,7,16
lenet5_batchNorm1,94,0,0.5340909090909091,7,16
lenet5_batchNorm1,100,4,0.5916666666666667,7,16
lenet5_batchNorm1,94,4,0.5416666666666666,7,16
lenet5_batchNorm1,100,8,0.5641025641025641,7,16
lenet5_batchNorm1,100,3,0.6929133858267716,7,16
lenet5_batchNorm1,94,7,0.330188679245283,7,16
lenet5_batchNorm1,100,7,0.33962264150943394,7,16
lenet5_batchNorm1,94,6,0.17391304347826086,7,16
lenet5_batchNorm1,100,5,0.5267857142857143,7,16
lenet5_batchNorm1,92,1,0.5031446540880503,7,16
lenet5_batchNorm1,94,9,0.04819277108433735,7,16
lenet5_batchNorm1,100,9,0.04819277108433735,7,16
lenet5_batchNorm1,92,5,0.6160714285714286,7,16
lenet5_batchNorm1,100,2,0.49390243902439024,7,16
lenet5_batchNorm1,92,0,0.5795454545454546,7,16
lenet5_batchNorm1,92,8,0.6282051282051282,7,16
lenet5_batchNorm1,84,0,0.48863636363636365,7,16
lenet5_batchNorm1,92,3,0.6299212598425197,7,16
lenet5_batchNorm1,84,1,0.5188679245283019,7,16
lenet5_batchNorm1,92,4,0.5416666666666666,7,16
lenet5_batchNorm1,84,4,0.625,7,16
lenet5_batchNorm1,92,2,0.5,7,16
lenet5_batchNorm1,84,8,0.6153846153846154,7,16
lenet5_batchNorm1,92,6,0.18478260869565216,7,16
lenet5_batchNorm1,84,3,0.5984251968503937,7,16
lenet5_batchNorm1,92,9,0.04819277108433735,7,16
lenet5_batchNorm1,84,2,0.47560975609756095,7,16
lenet5_batchNorm1,84,5,0.4732142857142857,7,16
lenet5_batchNorm1,92,7,0.3490566037735849,7,16
lenet5_batchNorm1,84,6,0.15217391304347827,7,16
lenet5_batchNorm1,84,7,0.36792452830188677,7,16
lenet5_batchNorm1,87,1,0.5125786163522013,7,16
lenet5_batchNorm1,87,5,0.45535714285714285,7,16
lenet5_batchNorm1,84,9,0.04819277108433735,7,16
lenet5_batchNorm1,88,1,0.550314465408805,7,16
lenet5_batchNorm1,87,8,0.6025641025641025,7,16
lenet5_batchNorm1,93,1,0.5,7,16
lenet5_batchNorm1,88,3,0.6771653543307087,7,16
lenet5_batchNorm1,87,3,0.5905511811023622,7,16
lenet5_batchNorm1,93,5,0.5625,7,16
lenet5_batchNorm1,88,4,0.6166666666666667,7,16
lenet5_batchNorm1,93,0,0.5113636363636364,7,16
lenet5_batchNorm1,87,2,0.45121951219512196,7,16
lenet5_batchNorm1,96,1,0.4937106918238994,7,16
lenet5_batchNorm1,88,7,0.33962264150943394,7,16
lenet5_batchNorm1,87,7,0.33962264150943394,7,16
lenet5_batchNorm1,93,8,0.6025641025641025,7,16
lenet5_batchNorm1,96,7,0.29245283018867924,7,16
lenet5_batchNorm1,88,2,0.5426829268292683,7,16
lenet5_batchNorm1,86,8,0.5897435897435898,7,16
lenet5_batchNorm1,87,4,0.6583333333333333,7,16
lenet5_batchNorm1,93,4,0.6333333333333333,7,16
lenet5_batchNorm1,96,4,0.5666666666666667,7,16
lenet5_batchNorm1,88,5,0.6071428571428571,7,16
lenet5_batchNorm1,86,7,0.36792452830188677,7,16
lenet5_batchNorm1,87,9,0.04819277108433735,7,16
lenet5_batchNorm1,96,5,0.5982142857142857,7,16
lenet5_batchNorm1,87,6,0.15217391304347827,7,16
lenet5_batchNorm1,87,0,0.4772727272727273,7,16
lenet5_batchNorm1,96,8,0.6410256410256411,7,16
lenet5_batchNorm1,96,3,0.6535433070866141,7,16
lenet5_batchNorm1,93,3,0.6614173228346457,7,16
lenet5_batchNorm1,88,8,0.6282051282051282,7,16
lenet5_batchNorm1,96,0,0.6022727272727273,7,16
lenet5_batchNorm1,86,3,0.6850393700787402,7,16
lenet5_batchNorm1,93,2,0.4695121951219512,7,16
lenet5_batchNorm1,96,6,0.17391304347826086,7,16
lenet5_batchNorm1,93,7,0.32075471698113206,7,16
lenet5_batchNorm1,88,0,0.48863636363636365,7,16
lenet5_batchNorm1,96,2,0.524390243902439,7,16
lenet5_batchNorm1,93,6,0.14130434782608695,7,16
lenet5_batchNorm1,86,9,0.08433734939759036,7,16
lenet5_batchNorm1,88,6,0.20652173913043478,7,16
lenet5_batchNorm1,96,9,0.04819277108433735,7,16
lenet5_batchNorm1,93,9,0.04819277108433735,7,16
lenet5_batchNorm1,86,1,0.49056603773584906,7,16
lenet5_batchNorm1,88,9,0.04819277108433735,7,16
lenet5_batchNorm1,86,4,0.5416666666666666,7,16
lenet5_batchNorm1,86,5,0.6071428571428571,7,16
lenet5_batchNorm1,86,2,0.5426829268292683,7,16
lenet5_batchNorm1,86,0,0.5113636363636364,7,16
lenet5_batchNorm1,86,6,0.14130434782608695,7,16
lenet5_batchNorm1,83,3,0.6535433070866141,7,16
lenet5_batchNorm1,83,1,0.5157232704402516,7,16
lenet5_batchNorm1,83,8,0.6153846153846154,7,16
lenet5_batchNorm1,83,2,0.5,7,16
lenet5_batchNorm1,83,5,0.49107142857142855,7,16
lenet5_batchNorm1,83,7,0.3113207547169811,7,16
lenet5_batchNorm1,89,1,0.550314465408805,7,16
lenet5_batchNorm1,83,4,0.6333333333333333,7,16
lenet5_batchNorm1,89,7,0.39622641509433965,7,16
lenet5_batchNorm1,83,0,0.5568181818181818,7,16
lenet5_batchNorm1,89,2,0.5426829268292683,7,16
lenet5_batchNorm1,83,6,0.18478260869565216,7,16
lenet5_batchNorm1,89,6,0.14130434782608695,7,16
lenet5_batchNorm1,89,3,0.6614173228346457,7,16
lenet5_batchNorm1,83,9,0.03614457831325301,7,16
lenet5_batchNorm1,89,5,0.625,7,16
lenet5_batchNorm1,89,4,0.6083333333333333,7,16
lenet5_batchNorm1,89,8,0.5769230769230769,7,16
lenet5_batchNorm1,89,0,0.5681818181818182,7,16
lenet5_batchNorm1,89,9,0.03614457831325301,7,16
