model_name,iteration,accuracy
ensemble_model_0,6,0.1172360248447205
ensemble_model_0,9,0.1172360248447205
ensemble_model_0,5,0.1172360248447205
ensemble_model_0,8,0.1172360248447205
ensemble_model_0,3,0.1172360248447205
ensemble_model_0,11,0.1172360248447205
ensemble_model_0,12,0.1172360248447205
ensemble_model_0,20,0.1172360248447205
ensemble_model_0,4,0.1172360248447205
ensemble_model_0,14,0.1172360248447205
ensemble_model_0,7,0.1172360248447205
ensemble_model_0,18,0.1172360248447205
ensemble_model_0,1,0.1172360248447205
ensemble_model_0,15,0.1172360248447205
ensemble_model_0,13,0.1172360248447205
ensemble_model_0,10,0.1172360248447205
ensemble_model_0,16,0.1172360248447205
ensemble_model_0,17,0.1172360248447205
ensemble_model_0,19,0.1172360248447205
ensemble_model_0,2,0.1172360248447205
ensemble_model_1,9,0.2670807453416149
ensemble_model_1,6,0.2670807453416149
ensemble_model_1,5,0.2670807453416149
ensemble_model_1,3,0.2670807453416149
ensemble_model_1,4,0.2670807453416149
ensemble_model_1,8,0.2670807453416149
ensemble_model_1,11,0.2670807453416149
ensemble_model_1,7,0.2670807453416149
ensemble_model_1,12,0.2670807453416149
ensemble_model_1,20,0.2670807453416149
ensemble_model_1,14,0.2670807453416149
ensemble_model_1,18,0.2670807453416149
ensemble_model_1,15,0.2670807453416149
ensemble_model_1,13,0.2670807453416149
ensemble_model_1,1,0.2670807453416149
ensemble_model_1,10,0.2670807453416149
ensemble_model_1,16,0.2670807453416149
ensemble_model_1,17,0.2670807453416149
ensemble_model_1,19,0.2670807453416149
ensemble_model_1,2,0.2670807453416149
ensemble_model_2,9,0.17624223602484473
ensemble_model_2,6,0.17624223602484473
ensemble_model_2,4,0.17624223602484473
ensemble_model_2,5,0.17624223602484473
ensemble_model_2,8,0.17624223602484473
ensemble_model_2,3,0.17624223602484473
ensemble_model_2,12,0.17624223602484473
ensemble_model_2,20,0.17624223602484473
ensemble_model_2,11,0.17624223602484473
ensemble_model_2,7,0.17624223602484473
ensemble_model_2,13,0.17624223602484473
ensemble_model_2,14,0.17624223602484473
ensemble_model_2,1,0.17624223602484473
ensemble_model_2,18,0.17624223602484473
ensemble_model_2,15,0.17624223602484473
ensemble_model_2,17,0.17624223602484473
ensemble_model_2,16,0.17624223602484473
ensemble_model_2,10,0.17624223602484473
ensemble_model_2,19,0.17624223602484473
ensemble_model_2,2,0.17624223602484473
ensemble_model_3,9,0.12111801242236025
ensemble_model_3,5,0.12111801242236025
ensemble_model_3,6,0.12111801242236025
ensemble_model_3,8,0.12111801242236025
ensemble_model_3,4,0.12111801242236025
ensemble_model_3,12,0.12111801242236025
ensemble_model_3,3,0.12111801242236025
ensemble_model_3,11,0.12111801242236025
ensemble_model_3,20,0.12111801242236025
ensemble_model_3,13,0.12111801242236025
ensemble_model_3,1,0.12111801242236025
ensemble_model_3,7,0.12111801242236025
ensemble_model_3,14,0.12111801242236025
ensemble_model_3,17,0.12111801242236025
ensemble_model_3,18,0.12111801242236025
ensemble_model_3,10,0.12111801242236025
ensemble_model_3,15,0.12111801242236025
ensemble_model_3,16,0.12111801242236025
ensemble_model_3,19,0.12111801242236025
ensemble_model_3,2,0.12111801242236025
ensemble_model_4,9,0.687888198757764
ensemble_model_4,5,0.687888198757764
ensemble_model_4,6,0.687888198757764
ensemble_model_4,4,0.687888198757764
ensemble_model_4,3,0.687888198757764
ensemble_model_4,8,0.687888198757764
ensemble_model_4,13,0.687888198757764
ensemble_model_4,11,0.687888198757764
ensemble_model_4,12,0.687888198757764
ensemble_model_4,20,0.687888198757764
ensemble_model_4,7,0.687888198757764
ensemble_model_4,17,0.687888198757764
ensemble_model_4,1,0.687888198757764
ensemble_model_4,18,0.687888198757764
ensemble_model_4,15,0.687888198757764
ensemble_model_4,14,0.687888198757764
ensemble_model_4,10,0.687888198757764
ensemble_model_4,16,0.687888198757764
ensemble_model_4,19,0.687888198757764
ensemble_model_4,2,0.687888198757764
ensemble_model_5,9,0.4107142857142857
ensemble_model_5,5,0.4107142857142857
ensemble_model_5,6,0.4107142857142857
ensemble_model_5,4,0.4107142857142857
ensemble_model_5,3,0.4107142857142857
ensemble_model_5,13,0.4107142857142857
ensemble_model_5,8,0.4107142857142857
ensemble_model_5,11,0.4107142857142857
ensemble_model_5,12,0.4107142857142857
ensemble_model_5,7,0.4107142857142857
ensemble_model_5,20,0.4107142857142857
ensemble_model_5,14,0.4107142857142857
ensemble_model_5,15,0.4107142857142857
ensemble_model_5,1,0.4107142857142857
ensemble_model_5,18,0.4107142857142857
ensemble_model_5,17,0.4107142857142857
ensemble_model_5,10,0.4107142857142857
ensemble_model_5,16,0.4107142857142857
ensemble_model_5,19,0.4107142857142857
ensemble_model_5,2,0.4107142857142857
ensemble_model_6,9,0.12888198757763975
ensemble_model_6,5,0.12888198757763975
ensemble_model_6,6,0.12888198757763975
ensemble_model_6,3,0.12888198757763975
ensemble_model_6,4,0.12888198757763975
ensemble_model_6,13,0.12888198757763975
ensemble_model_6,8,0.12888198757763975
ensemble_model_6,11,0.12888198757763975
ensemble_model_6,14,0.12888198757763975
ensemble_model_6,12,0.12888198757763975
ensemble_model_6,20,0.12888198757763975
ensemble_model_6,15,0.12888198757763975
ensemble_model_6,7,0.12888198757763975
ensemble_model_6,1,0.12888198757763975
ensemble_model_6,17,0.12888198757763975
ensemble_model_6,18,0.12888198757763975
ensemble_model_6,10,0.12888198757763975
ensemble_model_6,16,0.12888198757763975
ensemble_model_6,19,0.12888198757763975
ensemble_model_6,2,0.12888198757763975
ensemble_model_7,9,0.08540372670807453
ensemble_model_7,5,0.08540372670807453
ensemble_model_7,6,0.08540372670807453
ensemble_model_7,3,0.08540372670807453
ensemble_model_7,4,0.08540372670807453
ensemble_model_7,8,0.08540372670807453
ensemble_model_7,13,0.08540372670807453
ensemble_model_7,12,0.08540372670807453
ensemble_model_7,7,0.08540372670807453
ensemble_model_7,11,0.08540372670807453
ensemble_model_7,1,0.08540372670807453
ensemble_model_7,15,0.08540372670807453
ensemble_model_7,14,0.08540372670807453
ensemble_model_7,20,0.08540372670807453
ensemble_model_7,17,0.08540372670807453
ensemble_model_7,18,0.08540372670807453
ensemble_model_7,10,0.08540372670807453
ensemble_model_7,16,0.08540372670807453
ensemble_model_7,19,0.08540372670807453
ensemble_model_7,2,0.08540372670807453
ensemble_model_8,9,0.4720496894409938
ensemble_model_8,5,0.4720496894409938
ensemble_model_8,4,0.4720496894409938
ensemble_model_8,6,0.4720496894409938
ensemble_model_8,3,0.4720496894409938
ensemble_model_8,13,0.4720496894409938
ensemble_model_8,8,0.4720496894409938
ensemble_model_8,11,0.4720496894409938
ensemble_model_8,12,0.4720496894409938
ensemble_model_8,7,0.4720496894409938
ensemble_model_8,1,0.4720496894409938
ensemble_model_8,20,0.4720496894409938
ensemble_model_8,14,0.4720496894409938
ensemble_model_8,15,0.4720496894409938
ensemble_model_8,17,0.4720496894409938
ensemble_model_8,18,0.4720496894409938
ensemble_model_8,10,0.4720496894409938
ensemble_model_8,16,0.4720496894409938
ensemble_model_8,19,0.4720496894409938
ensemble_model_8,2,0.4720496894409938
ensemble_model_9,9,0.1234472049689441
ensemble_model_9,6,0.1234472049689441
ensemble_model_9,5,0.1234472049689441
ensemble_model_9,3,0.1234472049689441
ensemble_model_9,4,0.1234472049689441
ensemble_model_9,11,0.1234472049689441
ensemble_model_9,8,0.1234472049689441
ensemble_model_9,12,0.1234472049689441
ensemble_model_9,13,0.1234472049689441
ensemble_model_9,20,0.1234472049689441
ensemble_model_9,7,0.1234472049689441
ensemble_model_9,1,0.1234472049689441
ensemble_model_9,17,0.1234472049689441
ensemble_model_9,15,0.1234472049689441
ensemble_model_9,14,0.1234472049689441
ensemble_model_9,18,0.1234472049689441
ensemble_model_9,10,0.1234472049689441
ensemble_model_9,16,0.1234472049689441
ensemble_model_9,19,0.1234472049689441
ensemble_model_9,2,0.1234472049689441
ensemble_model_10,9,0.13975155279503104
ensemble_model_10,6,0.13975155279503104
ensemble_model_10,5,0.13975155279503104
ensemble_model_10,3,0.13975155279503104
ensemble_model_10,11,0.13975155279503104
ensemble_model_10,4,0.13975155279503104
ensemble_model_10,8,0.13975155279503104
ensemble_model_10,7,0.13975155279503104
ensemble_model_10,12,0.13975155279503104
ensemble_model_10,13,0.13975155279503104
ensemble_model_10,1,0.13975155279503104
ensemble_model_10,20,0.13975155279503104
ensemble_model_10,17,0.13975155279503104
ensemble_model_10,15,0.13975155279503104
ensemble_model_10,14,0.13975155279503104
ensemble_model_10,18,0.13975155279503104
ensemble_model_10,10,0.13975155279503104
ensemble_model_10,16,0.13975155279503104
ensemble_model_10,19,0.13975155279503104
ensemble_model_10,2,0.13975155279503104
ensemble_model_11,9,0.10947204968944099
ensemble_model_11,6,0.10947204968944099
ensemble_model_11,5,0.10947204968944099
ensemble_model_11,4,0.10947204968944099
ensemble_model_11,11,0.10947204968944099
ensemble_model_11,3,0.10947204968944099
ensemble_model_11,7,0.10947204968944099
ensemble_model_11,8,0.10947204968944099
ensemble_model_11,12,0.10947204968944099
ensemble_model_11,13,0.10947204968944099
ensemble_model_11,1,0.10947204968944099
ensemble_model_11,17,0.10947204968944099
ensemble_model_11,20,0.10947204968944099
ensemble_model_11,15,0.10947204968944099
ensemble_model_11,14,0.10947204968944099
ensemble_model_11,10,0.10947204968944099
ensemble_model_11,18,0.10947204968944099
ensemble_model_11,16,0.10947204968944099
ensemble_model_11,19,0.10947204968944099
ensemble_model_11,2,0.10947204968944099
ensemble_model_12,9,0.37577639751552794
ensemble_model_12,4,0.37577639751552794
ensemble_model_12,6,0.37577639751552794
ensemble_model_12,5,0.37577639751552794
ensemble_model_12,11,0.37577639751552794
ensemble_model_12,3,0.37577639751552794
ensemble_model_12,7,0.37577639751552794
ensemble_model_12,8,0.37577639751552794
ensemble_model_12,1,0.37577639751552794
ensemble_model_12,13,0.37577639751552794
ensemble_model_12,12,0.37577639751552794
ensemble_model_12,17,0.37577639751552794
ensemble_model_12,20,0.37577639751552794
ensemble_model_12,15,0.37577639751552794
ensemble_model_12,14,0.37577639751552794
ensemble_model_12,10,0.37577639751552794
ensemble_model_12,18,0.37577639751552794
ensemble_model_12,19,0.37577639751552794
ensemble_model_12,16,0.37577639751552794
ensemble_model_12,2,0.37577639751552794
ensemble_model_13,9,0.12732919254658384
ensemble_model_13,11,0.12732919254658384
ensemble_model_13,4,0.12732919254658384
ensemble_model_13,3,0.12732919254658384
ensemble_model_13,6,0.12732919254658384
ensemble_model_13,5,0.12732919254658384
ensemble_model_13,8,0.12732919254658384
ensemble_model_13,7,0.12732919254658384
ensemble_model_13,17,0.12732919254658384
ensemble_model_13,12,0.12732919254658384
ensemble_model_13,1,0.12732919254658384
ensemble_model_13,13,0.12732919254658384
ensemble_model_13,20,0.12732919254658384
ensemble_model_13,15,0.12732919254658384
ensemble_model_13,14,0.12732919254658384
ensemble_model_13,10,0.12732919254658384
ensemble_model_13,19,0.12732919254658384
ensemble_model_13,18,0.12732919254658384
ensemble_model_13,16,0.12732919254658384
ensemble_model_13,2,0.12732919254658384
ensemble_model_14,9,0.13664596273291926
ensemble_model_14,3,0.13664596273291926
ensemble_model_14,11,0.13664596273291926
ensemble_model_14,4,0.13664596273291926
ensemble_model_14,5,0.13664596273291926
ensemble_model_14,8,0.13664596273291926
ensemble_model_14,6,0.13664596273291926
ensemble_model_14,17,0.13664596273291926
ensemble_model_14,7,0.13664596273291926
ensemble_model_14,12,0.13664596273291926
ensemble_model_14,1,0.13664596273291926
ensemble_model_14,13,0.13664596273291926
ensemble_model_14,20,0.13664596273291926
ensemble_model_14,15,0.13664596273291926
ensemble_model_14,14,0.13664596273291926
ensemble_model_14,10,0.13664596273291926
ensemble_model_14,19,0.13664596273291926
ensemble_model_14,18,0.13664596273291926
ensemble_model_14,16,0.13664596273291926
ensemble_model_14,2,0.13664596273291926
ensemble_model_0,24,0.1172360248447205
ensemble_model_0,32,0.1172360248447205
ensemble_model_0,37,0.1172360248447205
ensemble_model_0,23,0.1172360248447205
ensemble_model_0,21,0.1172360248447205
ensemble_model_0,30,0.1172360248447205
ensemble_model_0,27,0.1172360248447205
ensemble_model_0,35,0.1172360248447205
ensemble_model_0,28,0.1172360248447205
ensemble_model_0,36,0.1172360248447205
ensemble_model_0,22,0.1172360248447205
ensemble_model_0,40,0.1172360248447205
ensemble_model_0,31,0.1172360248447205
ensemble_model_0,29,0.1172360248447205
ensemble_model_0,33,0.1172360248447205
ensemble_model_0,34,0.1172360248447205
ensemble_model_0,38,0.1172360248447205
ensemble_model_0,26,0.1172360248447205
ensemble_model_0,39,0.1172360248447205
ensemble_model_0,25,0.1172360248447205
ensemble_model_1,24,0.2670807453416149
ensemble_model_1,32,0.2670807453416149
ensemble_model_1,37,0.2670807453416149
ensemble_model_1,30,0.2670807453416149
ensemble_model_1,35,0.2670807453416149
ensemble_model_1,31,0.2670807453416149
ensemble_model_1,22,0.2670807453416149
ensemble_model_1,27,0.2670807453416149
ensemble_model_1,40,0.2670807453416149
ensemble_model_1,21,0.2670807453416149
ensemble_model_1,36,0.2670807453416149
ensemble_model_1,23,0.2670807453416149
ensemble_model_1,28,0.2670807453416149
ensemble_model_1,29,0.2670807453416149
ensemble_model_1,38,0.2670807453416149
ensemble_model_1,34,0.2670807453416149
ensemble_model_1,33,0.2670807453416149
ensemble_model_1,26,0.2670807453416149
ensemble_model_1,39,0.2670807453416149
ensemble_model_1,25,0.2670807453416149
ensemble_model_2,24,0.17624223602484473
ensemble_model_2,32,0.17624223602484473
ensemble_model_2,37,0.17624223602484473
ensemble_model_2,27,0.17624223602484473
ensemble_model_2,35,0.17624223602484473
ensemble_model_2,31,0.17624223602484473
ensemble_model_2,40,0.17624223602484473
ensemble_model_2,23,0.17624223602484473
ensemble_model_2,30,0.17624223602484473
ensemble_model_2,22,0.17624223602484473
ensemble_model_2,29,0.17624223602484473
ensemble_model_2,21,0.17624223602484473
ensemble_model_2,28,0.17624223602484473
ensemble_model_2,36,0.17624223602484473
ensemble_model_2,34,0.17624223602484473
ensemble_model_2,26,0.17624223602484473
ensemble_model_2,33,0.17624223602484473
ensemble_model_2,25,0.17624223602484473
ensemble_model_2,39,0.17624223602484473
ensemble_model_2,38,0.17624223602484473
ensemble_model_3,24,0.12111801242236025
ensemble_model_3,32,0.12111801242236025
ensemble_model_3,37,0.12111801242236025
ensemble_model_3,31,0.12111801242236025
ensemble_model_3,40,0.12111801242236025
ensemble_model_3,21,0.12111801242236025
ensemble_model_3,27,0.12111801242236025
ensemble_model_3,22,0.12111801242236025
ensemble_model_3,35,0.12111801242236025
ensemble_model_3,30,0.12111801242236025
ensemble_model_3,28,0.12111801242236025
ensemble_model_3,36,0.12111801242236025
ensemble_model_3,29,0.12111801242236025
ensemble_model_3,23,0.12111801242236025
ensemble_model_3,34,0.12111801242236025
ensemble_model_3,26,0.12111801242236025
ensemble_model_3,33,0.12111801242236025
ensemble_model_3,25,0.12111801242236025
ensemble_model_3,39,0.12111801242236025
ensemble_model_3,38,0.12111801242236025
ensemble_model_4,24,0.687888198757764
ensemble_model_4,32,0.687888198757764
ensemble_model_4,37,0.687888198757764
ensemble_model_4,27,0.687888198757764
ensemble_model_4,40,0.687888198757764
ensemble_model_4,31,0.687888198757764
ensemble_model_4,22,0.687888198757764
ensemble_model_4,21,0.687888198757764
ensemble_model_4,28,0.687888198757764
ensemble_model_4,35,0.687888198757764
ensemble_model_4,26,0.687888198757764
ensemble_model_4,34,0.687888198757764
ensemble_model_4,36,0.687888198757764
ensemble_model_4,29,0.687888198757764
ensemble_model_4,30,0.687888198757764
ensemble_model_4,23,0.687888198757764
ensemble_model_4,33,0.687888198757764
ensemble_model_4,25,0.687888198757764
ensemble_model_4,39,0.687888198757764
ensemble_model_4,38,0.687888198757764
ensemble_model_5,24,0.4107142857142857
ensemble_model_5,32,0.4107142857142857
ensemble_model_5,37,0.4107142857142857
ensemble_model_5,31,0.4107142857142857
ensemble_model_5,27,0.4107142857142857
ensemble_model_5,28,0.4107142857142857
ensemble_model_5,22,0.4107142857142857
ensemble_model_5,40,0.4107142857142857
ensemble_model_5,21,0.4107142857142857
ensemble_model_5,35,0.4107142857142857
ensemble_model_5,26,0.4107142857142857
ensemble_model_5,34,0.4107142857142857
ensemble_model_5,33,0.4107142857142857
ensemble_model_5,29,0.4107142857142857
ensemble_model_5,36,0.4107142857142857
ensemble_model_5,23,0.4107142857142857
ensemble_model_5,25,0.4107142857142857
ensemble_model_5,30,0.4107142857142857
ensemble_model_5,39,0.4107142857142857
ensemble_model_5,38,0.4107142857142857
ensemble_model_6,32,0.12888198757763975
ensemble_model_6,24,0.12888198757763975
ensemble_model_6,28,0.12888198757763975
ensemble_model_6,31,0.12888198757763975
ensemble_model_6,37,0.12888198757763975
ensemble_model_6,27,0.12888198757763975
ensemble_model_6,40,0.12888198757763975
ensemble_model_6,22,0.12888198757763975
ensemble_model_6,21,0.12888198757763975
ensemble_model_6,35,0.12888198757763975
ensemble_model_6,26,0.12888198757763975
ensemble_model_6,33,0.12888198757763975
ensemble_model_6,25,0.12888198757763975
ensemble_model_6,34,0.12888198757763975
ensemble_model_6,23,0.12888198757763975
ensemble_model_6,36,0.12888198757763975
ensemble_model_6,29,0.12888198757763975
ensemble_model_6,30,0.12888198757763975
ensemble_model_6,38,0.12888198757763975
ensemble_model_6,39,0.12888198757763975
ensemble_model_7,24,0.08540372670807453
ensemble_model_7,32,0.08540372670807453
ensemble_model_7,28,0.08540372670807453
ensemble_model_7,37,0.08540372670807453
ensemble_model_7,31,0.08540372670807453
ensemble_model_7,40,0.08540372670807453
ensemble_model_7,22,0.08540372670807453
ensemble_model_7,27,0.08540372670807453
ensemble_model_7,26,0.08540372670807453
ensemble_model_7,21,0.08540372670807453
ensemble_model_7,33,0.08540372670807453
ensemble_model_7,36,0.08540372670807453
ensemble_model_7,35,0.08540372670807453
ensemble_model_7,25,0.08540372670807453
ensemble_model_7,34,0.08540372670807453
ensemble_model_7,23,0.08540372670807453
ensemble_model_7,29,0.08540372670807453
ensemble_model_7,39,0.08540372670807453
ensemble_model_7,30,0.08540372670807453
ensemble_model_7,38,0.08540372670807453
ensemble_model_8,32,0.4720496894409938
ensemble_model_8,24,0.4720496894409938
ensemble_model_8,28,0.4720496894409938
ensemble_model_8,40,0.4720496894409938
ensemble_model_8,31,0.4720496894409938
ensemble_model_8,37,0.4720496894409938
ensemble_model_8,27,0.4720496894409938
ensemble_model_8,22,0.4720496894409938
ensemble_model_8,26,0.4720496894409938
ensemble_model_8,25,0.4720496894409938
ensemble_model_8,33,0.4720496894409938
ensemble_model_8,23,0.4720496894409938
ensemble_model_8,21,0.4720496894409938
ensemble_model_8,36,0.4720496894409938
ensemble_model_8,35,0.4720496894409938
ensemble_model_8,39,0.4720496894409938
ensemble_model_8,30,0.4720496894409938
ensemble_model_8,34,0.4720496894409938
ensemble_model_8,29,0.4720496894409938
ensemble_model_8,38,0.4720496894409938
ensemble_model_9,32,0.1234472049689441
ensemble_model_9,24,0.1234472049689441
ensemble_model_9,28,0.1234472049689441
ensemble_model_9,40,0.1234472049689441
ensemble_model_9,27,0.1234472049689441
ensemble_model_9,37,0.1234472049689441
ensemble_model_9,31,0.1234472049689441
ensemble_model_9,22,0.1234472049689441
ensemble_model_9,25,0.1234472049689441
ensemble_model_9,26,0.1234472049689441
ensemble_model_9,33,0.1234472049689441
ensemble_model_9,23,0.1234472049689441
ensemble_model_9,21,0.1234472049689441
ensemble_model_9,39,0.1234472049689441
ensemble_model_9,35,0.1234472049689441
ensemble_model_9,30,0.1234472049689441
ensemble_model_9,36,0.1234472049689441
ensemble_model_9,38,0.1234472049689441
ensemble_model_9,34,0.1234472049689441
ensemble_model_9,29,0.1234472049689441
ensemble_model_10,32,0.13975155279503104
ensemble_model_10,28,0.13975155279503104
ensemble_model_10,24,0.13975155279503104
ensemble_model_10,27,0.13975155279503104
ensemble_model_10,40,0.13975155279503104
ensemble_model_10,31,0.13975155279503104
ensemble_model_10,26,0.13975155279503104
ensemble_model_10,22,0.13975155279503104
ensemble_model_10,37,0.13975155279503104
ensemble_model_10,25,0.13975155279503104
ensemble_model_10,23,0.13975155279503104
ensemble_model_10,39,0.13975155279503104
ensemble_model_10,33,0.13975155279503104
ensemble_model_10,21,0.13975155279503104
ensemble_model_10,35,0.13975155279503104
ensemble_model_10,30,0.13975155279503104
ensemble_model_10,38,0.13975155279503104
ensemble_model_10,34,0.13975155279503104
ensemble_model_10,36,0.13975155279503104
ensemble_model_10,29,0.13975155279503104
ensemble_model_11,32,0.10947204968944099
ensemble_model_11,24,0.10947204968944099
ensemble_model_11,28,0.10947204968944099
ensemble_model_11,27,0.10947204968944099
ensemble_model_11,40,0.10947204968944099
ensemble_model_11,31,0.10947204968944099
ensemble_model_11,26,0.10947204968944099
ensemble_model_11,37,0.10947204968944099
ensemble_model_11,22,0.10947204968944099
ensemble_model_11,25,0.10947204968944099
ensemble_model_11,39,0.10947204968944099
ensemble_model_11,21,0.10947204968944099
ensemble_model_11,33,0.10947204968944099
ensemble_model_11,23,0.10947204968944099
ensemble_model_11,35,0.10947204968944099
ensemble_model_11,34,0.10947204968944099
ensemble_model_11,30,0.10947204968944099
ensemble_model_11,38,0.10947204968944099
ensemble_model_11,36,0.10947204968944099
ensemble_model_11,29,0.10947204968944099
ensemble_model_12,32,0.37577639751552794
ensemble_model_12,24,0.37577639751552794
ensemble_model_12,28,0.37577639751552794
ensemble_model_12,27,0.37577639751552794
ensemble_model_12,31,0.37577639751552794
ensemble_model_12,40,0.37577639751552794
ensemble_model_12,37,0.37577639751552794
ensemble_model_12,26,0.37577639751552794
ensemble_model_12,25,0.37577639751552794
ensemble_model_12,22,0.37577639751552794
ensemble_model_12,39,0.37577639751552794
ensemble_model_12,21,0.37577639751552794
ensemble_model_12,23,0.37577639751552794
ensemble_model_12,35,0.37577639751552794
ensemble_model_12,33,0.37577639751552794
ensemble_model_12,30,0.37577639751552794
ensemble_model_12,34,0.37577639751552794
ensemble_model_12,38,0.37577639751552794
ensemble_model_12,36,0.37577639751552794
ensemble_model_12,29,0.37577639751552794
ensemble_model_13,32,0.12732919254658384
ensemble_model_13,24,0.12732919254658384
ensemble_model_13,28,0.12732919254658384
ensemble_model_13,27,0.12732919254658384
ensemble_model_13,31,0.12732919254658384
ensemble_model_13,37,0.12732919254658384
ensemble_model_13,40,0.12732919254658384
ensemble_model_13,26,0.12732919254658384
ensemble_model_13,25,0.12732919254658384
ensemble_model_13,22,0.12732919254658384
ensemble_model_13,21,0.12732919254658384
ensemble_model_13,39,0.12732919254658384
ensemble_model_13,35,0.12732919254658384
ensemble_model_13,23,0.12732919254658384
ensemble_model_13,34,0.12732919254658384
ensemble_model_13,33,0.12732919254658384
ensemble_model_13,30,0.12732919254658384
ensemble_model_13,36,0.12732919254658384
ensemble_model_13,29,0.12732919254658384
ensemble_model_13,38,0.12732919254658384
ensemble_model_14,32,0.13664596273291926
ensemble_model_14,28,0.13664596273291926
ensemble_model_14,24,0.13664596273291926
ensemble_model_14,27,0.13664596273291926
ensemble_model_14,40,0.13664596273291926
ensemble_model_14,31,0.13664596273291926
ensemble_model_14,37,0.13664596273291926
ensemble_model_14,26,0.13664596273291926
ensemble_model_14,25,0.13664596273291926
ensemble_model_14,39,0.13664596273291926
ensemble_model_14,22,0.13664596273291926
ensemble_model_14,21,0.13664596273291926
ensemble_model_14,34,0.13664596273291926
ensemble_model_14,35,0.13664596273291926
ensemble_model_14,23,0.13664596273291926
ensemble_model_14,33,0.13664596273291926
ensemble_model_14,30,0.13664596273291926
ensemble_model_14,36,0.13664596273291926
ensemble_model_14,38,0.13664596273291926
ensemble_model_14,29,0.13664596273291926
ensemble_model_0,43,0.1172360248447205
ensemble_model_0,47,0.1172360248447205
ensemble_model_0,51,0.1172360248447205
ensemble_model_0,57,0.1172360248447205
ensemble_model_0,46,0.1172360248447205
ensemble_model_0,44,0.1172360248447205
ensemble_model_0,59,0.1172360248447205
ensemble_model_0,53,0.1172360248447205
ensemble_model_0,41,0.1172360248447205
ensemble_model_0,58,0.1172360248447205
ensemble_model_0,56,0.1172360248447205
ensemble_model_0,52,0.1172360248447205
ensemble_model_0,45,0.1172360248447205
ensemble_model_0,42,0.1172360248447205
ensemble_model_0,50,0.1172360248447205
ensemble_model_0,48,0.1172360248447205
ensemble_model_0,54,0.1172360248447205
ensemble_model_0,60,0.1172360248447205
ensemble_model_0,55,0.1172360248447205
ensemble_model_0,49,0.1172360248447205
ensemble_model_1,51,0.2670807453416149
ensemble_model_1,43,0.2670807453416149
ensemble_model_1,46,0.2670807453416149
ensemble_model_1,57,0.2670807453416149
ensemble_model_1,47,0.2670807453416149
ensemble_model_1,58,0.2670807453416149
ensemble_model_1,44,0.2670807453416149
ensemble_model_1,59,0.2670807453416149
ensemble_model_1,45,0.2670807453416149
ensemble_model_1,54,0.2670807453416149
ensemble_model_1,41,0.2670807453416149
ensemble_model_1,56,0.2670807453416149
ensemble_model_1,53,0.2670807453416149
ensemble_model_1,50,0.2670807453416149
ensemble_model_1,42,0.2670807453416149
ensemble_model_1,52,0.2670807453416149
ensemble_model_1,55,0.2670807453416149
ensemble_model_1,48,0.2670807453416149
ensemble_model_1,60,0.2670807453416149
ensemble_model_1,49,0.2670807453416149
ensemble_model_2,51,0.17624223602484473
ensemble_model_2,46,0.17624223602484473
ensemble_model_2,43,0.17624223602484473
ensemble_model_2,57,0.17624223602484473
ensemble_model_2,58,0.17624223602484473
ensemble_model_2,47,0.17624223602484473
ensemble_model_2,44,0.17624223602484473
ensemble_model_2,56,0.17624223602484473
ensemble_model_2,54,0.17624223602484473
ensemble_model_2,59,0.17624223602484473
ensemble_model_2,52,0.17624223602484473
ensemble_model_2,45,0.17624223602484473
ensemble_model_2,41,0.17624223602484473
ensemble_model_2,53,0.17624223602484473
ensemble_model_2,50,0.17624223602484473
ensemble_model_2,42,0.17624223602484473
ensemble_model_2,55,0.17624223602484473
ensemble_model_2,60,0.17624223602484473
ensemble_model_2,48,0.17624223602484473
ensemble_model_2,49,0.17624223602484473
ensemble_model_3,46,0.12111801242236025
ensemble_model_3,43,0.12111801242236025
ensemble_model_3,58,0.12111801242236025
ensemble_model_3,51,0.12111801242236025
ensemble_model_3,57,0.12111801242236025
ensemble_model_3,56,0.12111801242236025
ensemble_model_3,54,0.12111801242236025
ensemble_model_3,52,0.12111801242236025
ensemble_model_3,47,0.12111801242236025
ensemble_model_3,44,0.12111801242236025
ensemble_model_3,53,0.12111801242236025
ensemble_model_3,59,0.12111801242236025
ensemble_model_3,50,0.12111801242236025
ensemble_model_3,41,0.12111801242236025
ensemble_model_3,45,0.12111801242236025
ensemble_model_3,55,0.12111801242236025
ensemble_model_3,48,0.12111801242236025
ensemble_model_3,42,0.12111801242236025
ensemble_model_3,60,0.12111801242236025
ensemble_model_3,49,0.12111801242236025
ensemble_model_4,46,0.687888198757764
ensemble_model_4,58,0.687888198757764
ensemble_model_4,43,0.687888198757764
ensemble_model_4,56,0.687888198757764
ensemble_model_4,51,0.687888198757764
ensemble_model_4,57,0.687888198757764
ensemble_model_4,44,0.687888198757764
ensemble_model_4,53,0.687888198757764
ensemble_model_4,47,0.687888198757764
ensemble_model_4,50,0.687888198757764
ensemble_model_4,54,0.687888198757764
ensemble_model_4,52,0.687888198757764
ensemble_model_4,55,0.687888198757764
ensemble_model_4,59,0.687888198757764
ensemble_model_4,45,0.687888198757764
ensemble_model_4,41,0.687888198757764
ensemble_model_4,48,0.687888198757764
ensemble_model_4,42,0.687888198757764
ensemble_model_4,60,0.687888198757764
ensemble_model_4,49,0.687888198757764
ensemble_model_5,46,0.4107142857142857
ensemble_model_5,58,0.4107142857142857
ensemble_model_5,56,0.4107142857142857
ensemble_model_5,51,0.4107142857142857
ensemble_model_5,57,0.4107142857142857
ensemble_model_5,44,0.4107142857142857
ensemble_model_5,43,0.4107142857142857
ensemble_model_5,53,0.4107142857142857
ensemble_model_5,55,0.4107142857142857
ensemble_model_5,50,0.4107142857142857
ensemble_model_5,54,0.4107142857142857
ensemble_model_5,59,0.4107142857142857
ensemble_model_5,52,0.4107142857142857
ensemble_model_5,45,0.4107142857142857
ensemble_model_5,47,0.4107142857142857
ensemble_model_5,41,0.4107142857142857
ensemble_model_5,48,0.4107142857142857
ensemble_model_5,42,0.4107142857142857
ensemble_model_5,49,0.4107142857142857
ensemble_model_5,60,0.4107142857142857
ensemble_model_6,46,0.12888198757763975
ensemble_model_6,58,0.12888198757763975
ensemble_model_6,56,0.12888198757763975
ensemble_model_6,51,0.12888198757763975
ensemble_model_6,57,0.12888198757763975
ensemble_model_6,53,0.12888198757763975
ensemble_model_6,44,0.12888198757763975
ensemble_model_6,50,0.12888198757763975
ensemble_model_6,43,0.12888198757763975
ensemble_model_6,55,0.12888198757763975
ensemble_model_6,54,0.12888198757763975
ensemble_model_6,52,0.12888198757763975
ensemble_model_6,45,0.12888198757763975
ensemble_model_6,59,0.12888198757763975
ensemble_model_6,47,0.12888198757763975
ensemble_model_6,41,0.12888198757763975
ensemble_model_6,48,0.12888198757763975
ensemble_model_6,42,0.12888198757763975
ensemble_model_6,49,0.12888198757763975
ensemble_model_6,60,0.12888198757763975
ensemble_model_7,58,0.08540372670807453
ensemble_model_7,46,0.08540372670807453
ensemble_model_7,56,0.08540372670807453
ensemble_model_7,51,0.08540372670807453
ensemble_model_7,57,0.08540372670807453
ensemble_model_7,44,0.08540372670807453
ensemble_model_7,53,0.08540372670807453
ensemble_model_7,43,0.08540372670807453
ensemble_model_7,50,0.08540372670807453
ensemble_model_7,55,0.08540372670807453
ensemble_model_7,54,0.08540372670807453
ensemble_model_7,52,0.08540372670807453
ensemble_model_7,59,0.08540372670807453
ensemble_model_7,45,0.08540372670807453
ensemble_model_7,47,0.08540372670807453
ensemble_model_7,48,0.08540372670807453
ensemble_model_7,41,0.08540372670807453
ensemble_model_7,42,0.08540372670807453
ensemble_model_7,49,0.08540372670807453
ensemble_model_7,60,0.08540372670807453
ensemble_model_8,58,0.4720496894409938
ensemble_model_8,56,0.4720496894409938
ensemble_model_8,46,0.4720496894409938
ensemble_model_8,51,0.4720496894409938
ensemble_model_8,44,0.4720496894409938
ensemble_model_8,53,0.4720496894409938
ensemble_model_8,43,0.4720496894409938
ensemble_model_8,57,0.4720496894409938
ensemble_model_8,50,0.4720496894409938
ensemble_model_8,55,0.4720496894409938
ensemble_model_8,54,0.4720496894409938
ensemble_model_8,52,0.4720496894409938
ensemble_model_8,59,0.4720496894409938
ensemble_model_8,45,0.4720496894409938
ensemble_model_8,47,0.4720496894409938
ensemble_model_8,49,0.4720496894409938
ensemble_model_8,48,0.4720496894409938
ensemble_model_8,42,0.4720496894409938
ensemble_model_8,41,0.4720496894409938
ensemble_model_8,60,0.4720496894409938
ensemble_model_9,58,0.1234472049689441
ensemble_model_9,46,0.1234472049689441
ensemble_model_9,56,0.1234472049689441
ensemble_model_9,51,0.1234472049689441
ensemble_model_9,44,0.1234472049689441
ensemble_model_9,53,0.1234472049689441
ensemble_model_9,43,0.1234472049689441
ensemble_model_9,57,0.1234472049689441
ensemble_model_9,55,0.1234472049689441
ensemble_model_9,50,0.1234472049689441
ensemble_model_9,54,0.1234472049689441
ensemble_model_9,52,0.1234472049689441
ensemble_model_9,47,0.1234472049689441
ensemble_model_9,45,0.1234472049689441
ensemble_model_9,59,0.1234472049689441
ensemble_model_9,42,0.1234472049689441
ensemble_model_9,48,0.1234472049689441
ensemble_model_9,49,0.1234472049689441
ensemble_model_9,41,0.1234472049689441
ensemble_model_9,60,0.1234472049689441
ensemble_model_10,58,0.13975155279503104
ensemble_model_10,46,0.13975155279503104
ensemble_model_10,56,0.13975155279503104
ensemble_model_10,44,0.13975155279503104
ensemble_model_10,51,0.13975155279503104
ensemble_model_10,53,0.13975155279503104
ensemble_model_10,43,0.13975155279503104
ensemble_model_10,57,0.13975155279503104
ensemble_model_10,55,0.13975155279503104
ensemble_model_10,50,0.13975155279503104
ensemble_model_10,54,0.13975155279503104
ensemble_model_10,52,0.13975155279503104
ensemble_model_10,45,0.13975155279503104
ensemble_model_10,47,0.13975155279503104
ensemble_model_10,59,0.13975155279503104
ensemble_model_10,49,0.13975155279503104
ensemble_model_10,48,0.13975155279503104
ensemble_model_10,42,0.13975155279503104
ensemble_model_10,41,0.13975155279503104
ensemble_model_10,60,0.13975155279503104
ensemble_model_11,58,0.10947204968944099
ensemble_model_11,44,0.10947204968944099
ensemble_model_11,56,0.10947204968944099
ensemble_model_11,46,0.10947204968944099
ensemble_model_11,51,0.10947204968944099
ensemble_model_11,53,0.10947204968944099
ensemble_model_11,43,0.10947204968944099
ensemble_model_11,57,0.10947204968944099
ensemble_model_11,55,0.10947204968944099
ensemble_model_11,54,0.10947204968944099
ensemble_model_11,50,0.10947204968944099
ensemble_model_11,45,0.10947204968944099
ensemble_model_11,47,0.10947204968944099
ensemble_model_11,52,0.10947204968944099
ensemble_model_11,59,0.10947204968944099
ensemble_model_11,49,0.10947204968944099
ensemble_model_11,48,0.10947204968944099
ensemble_model_11,42,0.10947204968944099
ensemble_model_11,41,0.10947204968944099
ensemble_model_11,60,0.10947204968944099
ensemble_model_12,58,0.37577639751552794
ensemble_model_12,44,0.37577639751552794
ensemble_model_12,46,0.37577639751552794
ensemble_model_12,51,0.37577639751552794
ensemble_model_12,56,0.37577639751552794
ensemble_model_12,53,0.37577639751552794
ensemble_model_12,43,0.37577639751552794
ensemble_model_12,55,0.37577639751552794
ensemble_model_12,57,0.37577639751552794
ensemble_model_12,50,0.37577639751552794
ensemble_model_12,54,0.37577639751552794
ensemble_model_12,52,0.37577639751552794
ensemble_model_12,45,0.37577639751552794
ensemble_model_12,59,0.37577639751552794
ensemble_model_12,47,0.37577639751552794
ensemble_model_12,49,0.37577639751552794
ensemble_model_12,48,0.37577639751552794
ensemble_model_12,42,0.37577639751552794
ensemble_model_12,41,0.37577639751552794
ensemble_model_12,60,0.37577639751552794
ensemble_model_13,58,0.12732919254658384
ensemble_model_13,46,0.12732919254658384
ensemble_model_13,44,0.12732919254658384
ensemble_model_13,56,0.12732919254658384
ensemble_model_13,53,0.12732919254658384
ensemble_model_13,51,0.12732919254658384
ensemble_model_13,55,0.12732919254658384
ensemble_model_13,43,0.12732919254658384
ensemble_model_13,57,0.12732919254658384
ensemble_model_13,50,0.12732919254658384
ensemble_model_13,54,0.12732919254658384
ensemble_model_13,47,0.12732919254658384
ensemble_model_13,45,0.12732919254658384
ensemble_model_13,52,0.12732919254658384
ensemble_model_13,59,0.12732919254658384
ensemble_model_13,48,0.12732919254658384
ensemble_model_13,49,0.12732919254658384
ensemble_model_13,42,0.12732919254658384
ensemble_model_13,41,0.12732919254658384
ensemble_model_13,60,0.12732919254658384
ensemble_model_14,58,0.13664596273291926
ensemble_model_14,46,0.13664596273291926
ensemble_model_14,44,0.13664596273291926
ensemble_model_14,56,0.13664596273291926
ensemble_model_14,51,0.13664596273291926
ensemble_model_14,53,0.13664596273291926
ensemble_model_14,55,0.13664596273291926
ensemble_model_14,43,0.13664596273291926
ensemble_model_14,57,0.13664596273291926
ensemble_model_14,50,0.13664596273291926
ensemble_model_14,54,0.13664596273291926
ensemble_model_14,59,0.13664596273291926
ensemble_model_14,52,0.13664596273291926
ensemble_model_14,45,0.13664596273291926
ensemble_model_14,47,0.13664596273291926
ensemble_model_14,49,0.13664596273291926
ensemble_model_14,48,0.13664596273291926
ensemble_model_14,42,0.13664596273291926
ensemble_model_14,41,0.13664596273291926
ensemble_model_14,60,0.13664596273291926
ensemble_model_0,70,0.1172360248447205
ensemble_model_0,67,0.1172360248447205
ensemble_model_0,73,0.1172360248447205
ensemble_model_0,65,0.1172360248447205
ensemble_model_0,75,0.1172360248447205
ensemble_model_0,76,0.1172360248447205
ensemble_model_0,62,0.1172360248447205
ensemble_model_0,79,0.1172360248447205
ensemble_model_0,74,0.1172360248447205
ensemble_model_0,63,0.1172360248447205
ensemble_model_0,64,0.1172360248447205
ensemble_model_0,71,0.1172360248447205
ensemble_model_0,61,0.1172360248447205
ensemble_model_0,77,0.1172360248447205
ensemble_model_0,78,0.1172360248447205
ensemble_model_0,69,0.1172360248447205
ensemble_model_0,72,0.1172360248447205
ensemble_model_0,66,0.1172360248447205
ensemble_model_0,68,0.1172360248447205
ensemble_model_0,80,0.1172360248447205
ensemble_model_1,73,0.2670807453416149
ensemble_model_1,70,0.2670807453416149
ensemble_model_1,67,0.2670807453416149
ensemble_model_1,62,0.2670807453416149
ensemble_model_1,76,0.2670807453416149
ensemble_model_1,65,0.2670807453416149
ensemble_model_1,75,0.2670807453416149
ensemble_model_1,79,0.2670807453416149
ensemble_model_1,74,0.2670807453416149
ensemble_model_1,64,0.2670807453416149
ensemble_model_1,63,0.2670807453416149
ensemble_model_1,77,0.2670807453416149
ensemble_model_1,71,0.2670807453416149
ensemble_model_1,78,0.2670807453416149
ensemble_model_1,80,0.2670807453416149
ensemble_model_1,72,0.2670807453416149
ensemble_model_1,61,0.2670807453416149
ensemble_model_1,66,0.2670807453416149
ensemble_model_1,69,0.2670807453416149
ensemble_model_1,68,0.2670807453416149
ensemble_model_2,73,0.17624223602484473
ensemble_model_2,70,0.17624223602484473
ensemble_model_2,79,0.17624223602484473
ensemble_model_2,67,0.17624223602484473
ensemble_model_2,62,0.17624223602484473
ensemble_model_2,76,0.17624223602484473
ensemble_model_2,64,0.17624223602484473
ensemble_model_2,75,0.17624223602484473
ensemble_model_2,65,0.17624223602484473
ensemble_model_2,74,0.17624223602484473
ensemble_model_2,77,0.17624223602484473
ensemble_model_2,63,0.17624223602484473
ensemble_model_2,61,0.17624223602484473
ensemble_model_2,71,0.17624223602484473
ensemble_model_2,72,0.17624223602484473
ensemble_model_2,80,0.17624223602484473
ensemble_model_2,68,0.17624223602484473
ensemble_model_2,78,0.17624223602484473
ensemble_model_2,66,0.17624223602484473
ensemble_model_2,69,0.17624223602484473
ensemble_model_3,73,0.12111801242236025
ensemble_model_3,70,0.12111801242236025
ensemble_model_3,76,0.12111801242236025
ensemble_model_3,79,0.12111801242236025
ensemble_model_3,67,0.12111801242236025
ensemble_model_3,62,0.12111801242236025
ensemble_model_3,64,0.12111801242236025
ensemble_model_3,74,0.12111801242236025
ensemble_model_3,75,0.12111801242236025
ensemble_model_3,77,0.12111801242236025
ensemble_model_3,63,0.12111801242236025
ensemble_model_3,65,0.12111801242236025
ensemble_model_3,61,0.12111801242236025
ensemble_model_3,71,0.12111801242236025
ensemble_model_3,72,0.12111801242236025
ensemble_model_3,68,0.12111801242236025
ensemble_model_3,66,0.12111801242236025
ensemble_model_3,69,0.12111801242236025
ensemble_model_3,80,0.12111801242236025
ensemble_model_3,78,0.12111801242236025
ensemble_model_4,73,0.687888198757764
ensemble_model_4,70,0.687888198757764
ensemble_model_4,79,0.687888198757764
ensemble_model_4,76,0.687888198757764
ensemble_model_4,64,0.687888198757764
ensemble_model_4,62,0.687888198757764
ensemble_model_4,67,0.687888198757764
ensemble_model_4,74,0.687888198757764
ensemble_model_4,63,0.687888198757764
ensemble_model_4,77,0.687888198757764
ensemble_model_4,65,0.687888198757764
ensemble_model_4,75,0.687888198757764
ensemble_model_4,61,0.687888198757764
ensemble_model_4,71,0.687888198757764
ensemble_model_4,66,0.687888198757764
ensemble_model_4,78,0.687888198757764
ensemble_model_4,72,0.687888198757764
ensemble_model_4,69,0.687888198757764
ensemble_model_4,80,0.687888198757764
ensemble_model_4,68,0.687888198757764
ensemble_model_5,73,0.4107142857142857
ensemble_model_5,70,0.4107142857142857
ensemble_model_5,79,0.4107142857142857
ensemble_model_5,64,0.4107142857142857
ensemble_model_5,76,0.4107142857142857
ensemble_model_5,62,0.4107142857142857
ensemble_model_5,77,0.4107142857142857
ensemble_model_5,67,0.4107142857142857
ensemble_model_5,74,0.4107142857142857
ensemble_model_5,63,0.4107142857142857
ensemble_model_5,71,0.4107142857142857
ensemble_model_5,61,0.4107142857142857
ensemble_model_5,75,0.4107142857142857
ensemble_model_5,65,0.4107142857142857
ensemble_model_5,78,0.4107142857142857
ensemble_model_5,66,0.4107142857142857
ensemble_model_5,69,0.4107142857142857
ensemble_model_5,80,0.4107142857142857
ensemble_model_5,72,0.4107142857142857
ensemble_model_5,68,0.4107142857142857
ensemble_model_6,73,0.12888198757763975
ensemble_model_6,70,0.12888198757763975
ensemble_model_6,79,0.12888198757763975
ensemble_model_6,76,0.12888198757763975
ensemble_model_6,64,0.12888198757763975
ensemble_model_6,62,0.12888198757763975
ensemble_model_6,77,0.12888198757763975
ensemble_model_6,67,0.12888198757763975
ensemble_model_6,65,0.12888198757763975
ensemble_model_6,74,0.12888198757763975
ensemble_model_6,63,0.12888198757763975
ensemble_model_6,71,0.12888198757763975
ensemble_model_6,61,0.12888198757763975
ensemble_model_6,75,0.12888198757763975
ensemble_model_6,78,0.12888198757763975
ensemble_model_6,66,0.12888198757763975
ensemble_model_6,69,0.12888198757763975
ensemble_model_6,80,0.12888198757763975
ensemble_model_6,72,0.12888198757763975
ensemble_model_6,68,0.12888198757763975
ensemble_model_7,73,0.08540372670807453
ensemble_model_7,70,0.08540372670807453
ensemble_model_7,79,0.08540372670807453
ensemble_model_7,76,0.08540372670807453
ensemble_model_7,64,0.08540372670807453
ensemble_model_7,62,0.08540372670807453
ensemble_model_7,77,0.08540372670807453
ensemble_model_7,67,0.08540372670807453
ensemble_model_7,74,0.08540372670807453
ensemble_model_7,71,0.08540372670807453
ensemble_model_7,63,0.08540372670807453
ensemble_model_7,65,0.08540372670807453
ensemble_model_7,61,0.08540372670807453
ensemble_model_7,75,0.08540372670807453
ensemble_model_7,66,0.08540372670807453
ensemble_model_7,78,0.08540372670807453
ensemble_model_7,72,0.08540372670807453
ensemble_model_7,69,0.08540372670807453
ensemble_model_7,80,0.08540372670807453
ensemble_model_7,68,0.08540372670807453
ensemble_model_8,73,0.4720496894409938
ensemble_model_8,70,0.4720496894409938
ensemble_model_8,79,0.4720496894409938
ensemble_model_8,76,0.4720496894409938
ensemble_model_8,64,0.4720496894409938
ensemble_model_8,77,0.4720496894409938
ensemble_model_8,67,0.4720496894409938
ensemble_model_8,62,0.4720496894409938
ensemble_model_8,74,0.4720496894409938
ensemble_model_8,71,0.4720496894409938
ensemble_model_8,63,0.4720496894409938
ensemble_model_8,65,0.4720496894409938
ensemble_model_8,75,0.4720496894409938
ensemble_model_8,61,0.4720496894409938
ensemble_model_8,66,0.4720496894409938
ensemble_model_8,78,0.4720496894409938
ensemble_model_8,69,0.4720496894409938
ensemble_model_8,72,0.4720496894409938
ensemble_model_8,80,0.4720496894409938
ensemble_model_8,68,0.4720496894409938
ensemble_model_9,73,0.1234472049689441
ensemble_model_9,70,0.1234472049689441
ensemble_model_9,79,0.1234472049689441
ensemble_model_9,76,0.1234472049689441
ensemble_model_9,64,0.1234472049689441
ensemble_model_9,77,0.1234472049689441
ensemble_model_9,67,0.1234472049689441
ensemble_model_9,63,0.1234472049689441
ensemble_model_9,71,0.1234472049689441
ensemble_model_9,62,0.1234472049689441
ensemble_model_9,74,0.1234472049689441
ensemble_model_9,65,0.1234472049689441
ensemble_model_9,61,0.1234472049689441
ensemble_model_9,75,0.1234472049689441
ensemble_model_9,66,0.1234472049689441
ensemble_model_9,78,0.1234472049689441
ensemble_model_9,72,0.1234472049689441
ensemble_model_9,69,0.1234472049689441
ensemble_model_9,80,0.1234472049689441
ensemble_model_9,68,0.1234472049689441
ensemble_model_10,73,0.13975155279503104
ensemble_model_10,79,0.13975155279503104
ensemble_model_10,70,0.13975155279503104
ensemble_model_10,76,0.13975155279503104
ensemble_model_10,64,0.13975155279503104
ensemble_model_10,77,0.13975155279503104
ensemble_model_10,63,0.13975155279503104
ensemble_model_10,71,0.13975155279503104
ensemble_model_10,67,0.13975155279503104
ensemble_model_10,62,0.13975155279503104
ensemble_model_10,74,0.13975155279503104
ensemble_model_10,65,0.13975155279503104
ensemble_model_10,61,0.13975155279503104
ensemble_model_10,69,0.13975155279503104
ensemble_model_10,66,0.13975155279503104
ensemble_model_10,72,0.13975155279503104
ensemble_model_10,75,0.13975155279503104
ensemble_model_10,78,0.13975155279503104
ensemble_model_10,80,0.13975155279503104
ensemble_model_10,68,0.13975155279503104
ensemble_model_11,73,0.10947204968944099
ensemble_model_11,79,0.10947204968944099
ensemble_model_11,76,0.10947204968944099
ensemble_model_11,70,0.10947204968944099
ensemble_model_11,64,0.10947204968944099
ensemble_model_11,63,0.10947204968944099
ensemble_model_11,77,0.10947204968944099
ensemble_model_11,74,0.10947204968944099
ensemble_model_11,71,0.10947204968944099
ensemble_model_11,67,0.10947204968944099
ensemble_model_11,62,0.10947204968944099
ensemble_model_11,65,0.10947204968944099
ensemble_model_11,61,0.10947204968944099
ensemble_model_11,72,0.10947204968944099
ensemble_model_11,69,0.10947204968944099
ensemble_model_11,66,0.10947204968944099
ensemble_model_11,75,0.10947204968944099
ensemble_model_11,78,0.10947204968944099
ensemble_model_11,80,0.10947204968944099
ensemble_model_11,68,0.10947204968944099
ensemble_model_12,73,0.37577639751552794
ensemble_model_12,79,0.37577639751552794
ensemble_model_12,76,0.37577639751552794
ensemble_model_12,70,0.37577639751552794
ensemble_model_12,63,0.37577639751552794
ensemble_model_12,77,0.37577639751552794
ensemble_model_12,64,0.37577639751552794
ensemble_model_12,62,0.37577639751552794
ensemble_model_12,71,0.37577639751552794
ensemble_model_12,74,0.37577639751552794
ensemble_model_12,67,0.37577639751552794
ensemble_model_12,65,0.37577639751552794
ensemble_model_12,61,0.37577639751552794
ensemble_model_12,75,0.37577639751552794
ensemble_model_12,72,0.37577639751552794
ensemble_model_12,69,0.37577639751552794
ensemble_model_12,66,0.37577639751552794
ensemble_model_12,78,0.37577639751552794
ensemble_model_12,80,0.37577639751552794
ensemble_model_12,68,0.37577639751552794
ensemble_model_13,79,0.12732919254658384
ensemble_model_13,73,0.12732919254658384
ensemble_model_13,76,0.12732919254658384
ensemble_model_13,63,0.12732919254658384
ensemble_model_13,70,0.12732919254658384
ensemble_model_13,64,0.12732919254658384
ensemble_model_13,77,0.12732919254658384
ensemble_model_13,74,0.12732919254658384
ensemble_model_13,62,0.12732919254658384
ensemble_model_13,71,0.12732919254658384
ensemble_model_13,67,0.12732919254658384
ensemble_model_13,65,0.12732919254658384
ensemble_model_13,61,0.12732919254658384
ensemble_model_13,75,0.12732919254658384
ensemble_model_13,66,0.12732919254658384
ensemble_model_13,72,0.12732919254658384
ensemble_model_13,69,0.12732919254658384
ensemble_model_13,78,0.12732919254658384
ensemble_model_13,80,0.12732919254658384
ensemble_model_13,68,0.12732919254658384
ensemble_model_14,79,0.13664596273291926
ensemble_model_14,76,0.13664596273291926
ensemble_model_14,73,0.13664596273291926
ensemble_model_14,63,0.13664596273291926
ensemble_model_14,64,0.13664596273291926
ensemble_model_14,74,0.13664596273291926
ensemble_model_14,70,0.13664596273291926
ensemble_model_14,77,0.13664596273291926
ensemble_model_14,62,0.13664596273291926
ensemble_model_14,67,0.13664596273291926
ensemble_model_14,71,0.13664596273291926
ensemble_model_14,65,0.13664596273291926
ensemble_model_14,61,0.13664596273291926
ensemble_model_14,75,0.13664596273291926
ensemble_model_14,69,0.13664596273291926
ensemble_model_14,66,0.13664596273291926
ensemble_model_14,72,0.13664596273291926
ensemble_model_14,78,0.13664596273291926
ensemble_model_14,80,0.13664596273291926
ensemble_model_14,68,0.13664596273291926
ensemble_model_0,93,0.1172360248447205
ensemble_model_0,81,0.1172360248447205
ensemble_model_0,95,0.1172360248447205
ensemble_model_0,100,0.1172360248447205
ensemble_model_0,85,0.1172360248447205
ensemble_model_0,99,0.1172360248447205
ensemble_model_0,84,0.1172360248447205
ensemble_model_0,94,0.1172360248447205
ensemble_model_0,86,0.1172360248447205
ensemble_model_0,91,0.1172360248447205
ensemble_model_0,97,0.1172360248447205
ensemble_model_0,90,0.1172360248447205
ensemble_model_0,96,0.1172360248447205
ensemble_model_0,82,0.1172360248447205
ensemble_model_0,92,0.1172360248447205
ensemble_model_0,98,0.1172360248447205
ensemble_model_0,89,0.1172360248447205
ensemble_model_0,88,0.1172360248447205
ensemble_model_0,83,0.1172360248447205
ensemble_model_0,87,0.1172360248447205
ensemble_model_1,95,0.2670807453416149
ensemble_model_1,93,0.2670807453416149
ensemble_model_1,100,0.2670807453416149
ensemble_model_1,81,0.2670807453416149
ensemble_model_1,84,0.2670807453416149
ensemble_model_1,91,0.2670807453416149
ensemble_model_1,97,0.2670807453416149
ensemble_model_1,99,0.2670807453416149
ensemble_model_1,94,0.2670807453416149
ensemble_model_1,86,0.2670807453416149
ensemble_model_1,92,0.2670807453416149
ensemble_model_1,96,0.2670807453416149
ensemble_model_1,82,0.2670807453416149
ensemble_model_1,90,0.2670807453416149
ensemble_model_1,85,0.2670807453416149
ensemble_model_1,98,0.2670807453416149
ensemble_model_1,89,0.2670807453416149
ensemble_model_1,83,0.2670807453416149
ensemble_model_1,88,0.2670807453416149
ensemble_model_1,87,0.2670807453416149
ensemble_model_2,95,0.17624223602484473
ensemble_model_2,100,0.17624223602484473
ensemble_model_2,93,0.17624223602484473
ensemble_model_2,94,0.17624223602484473
ensemble_model_2,97,0.17624223602484473
ensemble_model_2,81,0.17624223602484473
ensemble_model_2,91,0.17624223602484473
ensemble_model_2,86,0.17624223602484473
ensemble_model_2,84,0.17624223602484473
ensemble_model_2,92,0.17624223602484473
ensemble_model_2,99,0.17624223602484473
ensemble_model_2,90,0.17624223602484473
ensemble_model_2,82,0.17624223602484473
ensemble_model_2,96,0.17624223602484473
ensemble_model_2,87,0.17624223602484473
ensemble_model_2,98,0.17624223602484473
ensemble_model_2,89,0.17624223602484473
ensemble_model_2,85,0.17624223602484473
ensemble_model_2,83,0.17624223602484473
ensemble_model_2,88,0.17624223602484473
ensemble_model_3,95,0.12111801242236025
ensemble_model_3,100,0.12111801242236025
ensemble_model_3,93,0.12111801242236025
ensemble_model_3,94,0.12111801242236025
ensemble_model_3,97,0.12111801242236025
ensemble_model_3,91,0.12111801242236025
ensemble_model_3,81,0.12111801242236025
ensemble_model_3,84,0.12111801242236025
ensemble_model_3,86,0.12111801242236025
ensemble_model_3,99,0.12111801242236025
ensemble_model_3,96,0.12111801242236025
ensemble_model_3,92,0.12111801242236025
ensemble_model_3,90,0.12111801242236025
ensemble_model_3,82,0.12111801242236025
ensemble_model_3,89,0.12111801242236025
ensemble_model_3,87,0.12111801242236025
ensemble_model_3,98,0.12111801242236025
ensemble_model_3,85,0.12111801242236025
ensemble_model_3,83,0.12111801242236025
ensemble_model_3,88,0.12111801242236025
ensemble_model_4,95,0.687888198757764
ensemble_model_4,100,0.687888198757764
ensemble_model_4,91,0.687888198757764
ensemble_model_4,97,0.687888198757764
ensemble_model_4,94,0.687888198757764
ensemble_model_4,93,0.687888198757764
ensemble_model_4,86,0.687888198757764
ensemble_model_4,84,0.687888198757764
ensemble_model_4,92,0.687888198757764
ensemble_model_4,81,0.687888198757764
ensemble_model_4,96,0.687888198757764
ensemble_model_4,90,0.687888198757764
ensemble_model_4,99,0.687888198757764
ensemble_model_4,82,0.687888198757764
ensemble_model_4,87,0.687888198757764
ensemble_model_4,89,0.687888198757764
ensemble_model_4,98,0.687888198757764
ensemble_model_4,85,0.687888198757764
ensemble_model_4,83,0.687888198757764
ensemble_model_4,88,0.687888198757764
ensemble_model_5,95,0.4107142857142857
ensemble_model_5,91,0.4107142857142857
ensemble_model_5,100,0.4107142857142857
ensemble_model_5,97,0.4107142857142857
ensemble_model_5,94,0.4107142857142857
ensemble_model_5,84,0.4107142857142857
ensemble_model_5,93,0.4107142857142857
ensemble_model_5,86,0.4107142857142857
ensemble_model_5,96,0.4107142857142857
ensemble_model_5,81,0.4107142857142857
ensemble_model_5,92,0.4107142857142857
ensemble_model_5,99,0.4107142857142857
ensemble_model_5,90,0.4107142857142857
ensemble_model_5,82,0.4107142857142857
ensemble_model_5,87,0.4107142857142857
ensemble_model_5,89,0.4107142857142857
ensemble_model_5,98,0.4107142857142857
ensemble_model_5,85,0.4107142857142857
ensemble_model_5,83,0.4107142857142857
ensemble_model_5,88,0.4107142857142857
ensemble_model_6,95,0.12888198757763975
ensemble_model_6,91,0.12888198757763975
ensemble_model_6,100,0.12888198757763975
ensemble_model_6,97,0.12888198757763975
ensemble_model_6,94,0.12888198757763975
ensemble_model_6,84,0.12888198757763975
ensemble_model_6,93,0.12888198757763975
ensemble_model_6,96,0.12888198757763975
ensemble_model_6,81,0.12888198757763975
ensemble_model_6,86,0.12888198757763975
ensemble_model_6,92,0.12888198757763975
ensemble_model_6,99,0.12888198757763975
ensemble_model_6,90,0.12888198757763975
ensemble_model_6,82,0.12888198757763975
ensemble_model_6,87,0.12888198757763975
ensemble_model_6,89,0.12888198757763975
ensemble_model_6,85,0.12888198757763975
ensemble_model_6,98,0.12888198757763975
ensemble_model_6,83,0.12888198757763975
ensemble_model_6,88,0.12888198757763975
ensemble_model_7,95,0.08540372670807453
ensemble_model_7,91,0.08540372670807453
ensemble_model_7,100,0.08540372670807453
ensemble_model_7,94,0.08540372670807453
ensemble_model_7,97,0.08540372670807453
ensemble_model_7,93,0.08540372670807453
ensemble_model_7,84,0.08540372670807453
ensemble_model_7,81,0.08540372670807453
ensemble_model_7,86,0.08540372670807453
ensemble_model_7,99,0.08540372670807453
ensemble_model_7,96,0.08540372670807453
ensemble_model_7,92,0.08540372670807453
ensemble_model_7,90,0.08540372670807453
ensemble_model_7,89,0.08540372670807453
ensemble_model_7,82,0.08540372670807453
ensemble_model_7,87,0.08540372670807453
ensemble_model_7,85,0.08540372670807453
ensemble_model_7,98,0.08540372670807453
ensemble_model_7,83,0.08540372670807453
ensemble_model_7,88,0.08540372670807453
ensemble_model_8,95,0.4720496894409938
ensemble_model_8,100,0.4720496894409938
ensemble_model_8,91,0.4720496894409938
ensemble_model_8,94,0.4720496894409938
ensemble_model_8,97,0.4720496894409938
ensemble_model_8,84,0.4720496894409938
ensemble_model_8,93,0.4720496894409938
ensemble_model_8,86,0.4720496894409938
ensemble_model_8,81,0.4720496894409938
ensemble_model_8,92,0.4720496894409938
ensemble_model_8,96,0.4720496894409938
ensemble_model_8,99,0.4720496894409938
ensemble_model_8,90,0.4720496894409938
ensemble_model_8,87,0.4720496894409938
ensemble_model_8,82,0.4720496894409938
ensemble_model_8,89,0.4720496894409938
ensemble_model_8,85,0.4720496894409938
ensemble_model_8,98,0.4720496894409938
ensemble_model_8,88,0.4720496894409938
ensemble_model_8,83,0.4720496894409938
ensemble_model_9,95,0.1234472049689441
ensemble_model_9,91,0.1234472049689441
ensemble_model_9,100,0.1234472049689441
ensemble_model_9,94,0.1234472049689441
ensemble_model_9,97,0.1234472049689441
ensemble_model_9,84,0.1234472049689441
ensemble_model_9,93,0.1234472049689441
ensemble_model_9,96,0.1234472049689441
ensemble_model_9,81,0.1234472049689441
ensemble_model_9,86,0.1234472049689441
ensemble_model_9,92,0.1234472049689441
ensemble_model_9,99,0.1234472049689441
ensemble_model_9,82,0.1234472049689441
ensemble_model_9,87,0.1234472049689441
ensemble_model_9,89,0.1234472049689441
ensemble_model_9,90,0.1234472049689441
ensemble_model_9,85,0.1234472049689441
ensemble_model_9,98,0.1234472049689441
ensemble_model_9,88,0.1234472049689441
ensemble_model_9,83,0.1234472049689441
ensemble_model_10,95,0.13975155279503104
ensemble_model_10,100,0.13975155279503104
ensemble_model_10,91,0.13975155279503104
ensemble_model_10,94,0.13975155279503104
ensemble_model_10,97,0.13975155279503104
ensemble_model_10,84,0.13975155279503104
ensemble_model_10,81,0.13975155279503104
ensemble_model_10,96,0.13975155279503104
ensemble_model_10,93,0.13975155279503104
ensemble_model_10,86,0.13975155279503104
ensemble_model_10,92,0.13975155279503104
ensemble_model_10,87,0.13975155279503104
ensemble_model_10,99,0.13975155279503104
ensemble_model_10,82,0.13975155279503104
ensemble_model_10,89,0.13975155279503104
ensemble_model_10,90,0.13975155279503104
ensemble_model_10,85,0.13975155279503104
ensemble_model_10,98,0.13975155279503104
ensemble_model_10,88,0.13975155279503104
ensemble_model_10,83,0.13975155279503104
ensemble_model_11,95,0.10947204968944099
ensemble_model_11,100,0.10947204968944099
ensemble_model_11,91,0.10947204968944099
ensemble_model_11,94,0.10947204968944099
ensemble_model_11,97,0.10947204968944099
ensemble_model_11,81,0.10947204968944099
ensemble_model_11,93,0.10947204968944099
ensemble_model_11,84,0.10947204968944099
ensemble_model_11,96,0.10947204968944099
ensemble_model_11,92,0.10947204968944099
ensemble_model_11,86,0.10947204968944099
ensemble_model_11,87,0.10947204968944099
ensemble_model_11,99,0.10947204968944099
ensemble_model_11,82,0.10947204968944099
ensemble_model_11,89,0.10947204968944099
ensemble_model_11,90,0.10947204968944099
ensemble_model_11,85,0.10947204968944099
ensemble_model_11,98,0.10947204968944099
ensemble_model_11,88,0.10947204968944099
ensemble_model_11,83,0.10947204968944099
ensemble_model_12,95,0.37577639751552794
ensemble_model_12,100,0.37577639751552794
ensemble_model_12,91,0.37577639751552794
ensemble_model_12,94,0.37577639751552794
ensemble_model_12,97,0.37577639751552794
ensemble_model_12,96,0.37577639751552794
ensemble_model_12,81,0.37577639751552794
ensemble_model_12,93,0.37577639751552794
ensemble_model_12,84,0.37577639751552794
ensemble_model_12,99,0.37577639751552794
ensemble_model_12,86,0.37577639751552794
ensemble_model_12,87,0.37577639751552794
ensemble_model_12,92,0.37577639751552794
ensemble_model_12,89,0.37577639751552794
ensemble_model_12,82,0.37577639751552794
ensemble_model_12,90,0.37577639751552794
ensemble_model_12,85,0.37577639751552794
ensemble_model_12,98,0.37577639751552794
ensemble_model_12,88,0.37577639751552794
ensemble_model_12,83,0.37577639751552794
ensemble_model_13,100,0.12732919254658384
ensemble_model_13,91,0.12732919254658384
ensemble_model_13,95,0.12732919254658384
ensemble_model_13,94,0.12732919254658384
ensemble_model_13,97,0.12732919254658384
ensemble_model_13,96,0.12732919254658384
ensemble_model_13,81,0.12732919254658384
ensemble_model_13,86,0.12732919254658384
ensemble_model_13,93,0.12732919254658384
ensemble_model_13,87,0.12732919254658384
ensemble_model_13,84,0.12732919254658384
ensemble_model_13,99,0.12732919254658384
ensemble_model_13,92,0.12732919254658384
ensemble_model_13,82,0.12732919254658384
ensemble_model_13,89,0.12732919254658384
ensemble_model_13,90,0.12732919254658384
ensemble_model_13,98,0.12732919254658384
ensemble_model_13,85,0.12732919254658384
ensemble_model_13,88,0.12732919254658384
ensemble_model_13,83,0.12732919254658384
ensemble_model_14,91,0.13664596273291926
ensemble_model_14,100,0.13664596273291926
ensemble_model_14,95,0.13664596273291926
ensemble_model_14,97,0.13664596273291926
ensemble_model_14,94,0.13664596273291926
ensemble_model_14,96,0.13664596273291926
ensemble_model_14,99,0.13664596273291926
ensemble_model_14,81,0.13664596273291926
ensemble_model_14,86,0.13664596273291926
ensemble_model_14,92,0.13664596273291926
ensemble_model_14,93,0.13664596273291926
ensemble_model_14,84,0.13664596273291926
ensemble_model_14,87,0.13664596273291926
ensemble_model_14,89,0.13664596273291926
ensemble_model_14,82,0.13664596273291926
ensemble_model_14,90,0.13664596273291926
ensemble_model_14,85,0.13664596273291926
ensemble_model_14,88,0.13664596273291926
ensemble_model_14,98,0.13664596273291926
ensemble_model_14,83,0.13664596273291926
