Accuracy,precision,recall,f1,iteration,dset_size
98.19,0.9820857959552841,0.9819,0.9819043803617573,8.0,0.1
98.19,0.9820857959552841,0.9819,0.9819043803617573,10.0,0.1
98.19,0.9820857959552841,0.9819,0.9819043803617573,7.0,0.1
98.19,0.9820857959552841,0.9819,0.9819043803617573,6.0,0.1
98.19,0.9820857959552841,0.9819,0.9819043803617573,2.0,0.1
98.19,0.9820857959552841,0.9819,0.9819043803617573,3.0,0.1
98.19,0.9820857959552841,0.9819,0.9819043803617573,5.0,0.1
98.19,0.9820857959552841,0.9819,0.9819043803617573,9.0,0.1
98.19,0.9820857959552841,0.9819,0.9819043803617573,4.0,0.1
98.19,0.9820857959552841,0.9819,0.9819043803617573,1.0,0.1
98.19,0.9820857959552841,0.9819,0.9819043803617573,20.0,0.1
98.19,0.9820857959552841,0.9819,0.9819043803617573,14.0,0.1
98.19,0.9820857959552841,0.9819,0.9819043803617573,6.0,0.1
98.19,0.9820857959552841,0.9819,0.9819043803617573,10.0,0.1
98.19,0.9820857959552841,0.9819,0.9819043803617573,2.0,0.1
98.19,0.9820857959552841,0.9819,0.9819043803617573,18.0,0.1
98.19,0.9820857959552841,0.9819,0.9819043803617573,16.0,0.1
98.19,0.9820857959552841,0.9819,0.9819043803617573,4.0,0.1
98.19,0.9820857959552841,0.9819,0.9819043803617573,8.0,0.1
98.19,0.9820857959552841,0.9819,0.9819043803617573,12.0,0.1
98.19,0.9820857959552841,0.9819,0.9819043803617573,30.0,0.1
98.19,0.9820857959552841,0.9819,0.9819043803617573,15.0,0.1
98.19,0.9820857959552841,0.9819,0.9819043803617573,27.0,0.1
98.19,0.9820857959552841,0.9819,0.9819043803617573,3.0,0.1
98.19,0.9820857959552841,0.9819,0.9819043803617573,18.0,0.1
98.19,0.9820857959552841,0.9819,0.9819043803617573,21.0,0.1
98.19,0.9820857959552841,0.9819,0.9819043803617573,12.0,0.1
98.19,0.9820857959552841,0.9819,0.9819043803617573,6.0,0.1
98.19,0.9820857959552841,0.9819,0.9819043803617573,24.0,0.1
98.19,0.9820857959552841,0.9819,0.9819043803617573,9.0,0.1
98.19,0.9820857959552841,0.9819,0.9819043803617573,12.0,0.1
98.19,0.9820857959552841,0.9819,0.9819043803617573,32.0,0.1
98.19,0.9820857959552841,0.9819,0.9819043803617573,8.0,0.1
98.19,0.9820857959552841,0.9819,0.9819043803617573,28.0,0.1
98.19,0.9820857959552841,0.9819,0.9819043803617573,40.0,0.1
98.19,0.9820857959552841,0.9819,0.9819043803617573,24.0,0.1
98.19,0.9820857959552841,0.9819,0.9819043803617573,16.0,0.1
98.19,0.9820857959552841,0.9819,0.9819043803617573,36.0,0.1
98.19,0.9820857959552841,0.9819,0.9819043803617573,20.0,0.1
98.19,0.9820857959552841,0.9819,0.9819043803617573,4.0,0.1
98.19,0.9820857959552841,0.9819,0.9819043803617573,35.0,0.1
98.19,0.9820857959552841,0.9819,0.9819043803617573,40.0,0.1
98.19,0.9820857959552841,0.9819,0.9819043803617573,10.0,0.1
98.19,0.9820857959552841,0.9819,0.9819043803617573,25.0,0.1
98.19,0.9820857959552841,0.9819,0.9819043803617573,20.0,0.1
98.19,0.9820857959552841,0.9819,0.9819043803617573,5.0,0.1
98.19,0.9820857959552841,0.9819,0.9819043803617573,45.0,0.1
98.19,0.9820857959552841,0.9819,0.9819043803617573,15.0,0.1
98.19,0.9820857959552841,0.9819,0.9819043803617573,30.0,0.1
98.19,0.9820857959552841,0.9819,0.9819043803617573,50.0,0.1
98.19,0.9820857959552841,0.9819,0.9819043803617573,48.0,0.1
98.19,0.9820857959552841,0.9819,0.9819043803617573,30.0,0.1
98.19,0.9820857959552841,0.9819,0.9819043803617573,60.0,0.1
98.19,0.9820857959552841,0.9819,0.9819043803617573,6.0,0.1
98.19,0.9820857959552841,0.9819,0.9819043803617573,24.0,0.1
98.19,0.9820857959552841,0.9819,0.9819043803617573,36.0,0.1
98.19,0.9820857959552841,0.9819,0.9819043803617573,54.0,0.1
98.19,0.9820857959552841,0.9819,0.9819043803617573,18.0,0.1
98.19,0.9820857959552841,0.9819,0.9819043803617573,12.0,0.1
98.19,0.9820857959552841,0.9819,0.9819043803617573,42.0,0.1
98.19,0.9820857959552841,0.9819,0.9819043803617573,14.0,0.1
98.19,0.9820857959552841,0.9819,0.9819043803617573,28.0,0.1
98.19,0.9820857959552841,0.9819,0.9819043803617573,56.0,0.1
98.19,0.9820857959552841,0.9819,0.9819043803617573,49.0,0.1
98.19,0.9820857959552841,0.9819,0.9819043803617573,70.0,0.1
98.19,0.9820857959552841,0.9819,0.9819043803617573,63.0,0.1
98.19,0.9820857959552841,0.9819,0.9819043803617573,42.0,0.1
98.19,0.9820857959552841,0.9819,0.9819043803617573,7.0,0.1
98.19,0.9820857959552841,0.9819,0.9819043803617573,21.0,0.1
98.19,0.9820857959552841,0.9819,0.9819043803617573,35.0,0.1
98.19,0.9820857959552841,0.9819,0.9819043803617573,32.0,0.1
98.19,0.9820857959552841,0.9819,0.9819043803617573,80.0,0.1
98.19,0.9820857959552841,0.9819,0.9819043803617573,72.0,0.1
98.19,0.9820857959552841,0.9819,0.9819043803617573,16.0,0.1
98.19,0.9820857959552841,0.9819,0.9819043803617573,24.0,0.1
98.19,0.9820857959552841,0.9819,0.9819043803617573,64.0,0.1
98.19,0.9820857959552841,0.9819,0.9819043803617573,8.0,0.1
98.19,0.9820857959552841,0.9819,0.9819043803617573,48.0,0.1
98.19,0.9820857959552841,0.9819,0.9819043803617573,56.0,0.1
98.19,0.9820857959552841,0.9819,0.9819043803617573,40.0,0.1
98.19,0.9820857959552841,0.9819,0.9819043803617573,72.0,0.1
98.19,0.9820857959552841,0.9819,0.9819043803617573,63.0,0.1
98.19,0.9820857959552841,0.9819,0.9819043803617573,90.0,0.1
98.19,0.9820857959552841,0.9819,0.9819043803617573,36.0,0.1
98.19,0.9820857959552841,0.9819,0.9819043803617573,27.0,0.1
98.19,0.9820857959552841,0.9819,0.9819043803617573,81.0,0.1
98.19,0.9820857959552841,0.9819,0.9819043803617573,45.0,0.1
98.19,0.9820857959552841,0.9819,0.9819043803617573,18.0,0.1
98.19,0.9820857959552841,0.9819,0.9819043803617573,54.0,0.1
98.19,0.9820857959552841,0.9819,0.9819043803617573,9.0,0.1
98.19,0.9820857959552841,0.9819,0.9819043803617573,10.0,0.1
98.19,0.9820857959552841,0.9819,0.9819043803617573,60.0,0.1
98.19,0.9820857959552841,0.9819,0.9819043803617573,80.0,0.1
98.19,0.9820857959552841,0.9819,0.9819043803617573,100.0,0.1
98.19,0.9820857959552841,0.9819,0.9819043803617573,30.0,0.1
98.19,0.9820857959552841,0.9819,0.9819043803617573,90.0,0.1
98.19,0.9820857959552841,0.9819,0.9819043803617573,20.0,0.1
98.19,0.9820857959552841,0.9819,0.9819043803617573,50.0,0.1
98.19,0.9820857959552841,0.9819,0.9819043803617573,70.0,0.1
98.19,0.9820857959552841,0.9819,0.9819043803617573,40.0,0.1
80.76,0.7834043626164325,0.8076,0.7815097037723575,8.0,0.2
80.76,0.7834043626164325,0.8076,0.7815097037723575,6.0,0.2
80.76,0.7834043626164325,0.8076,0.7815097037723575,5.0,0.2
80.76,0.7834043626164325,0.8076,0.7815097037723575,9.0,0.2
80.76,0.7834043626164325,0.8076,0.7815097037723575,1.0,0.2
80.76,0.7834043626164325,0.8076,0.7815097037723575,4.0,0.2
80.76,0.7834043626164325,0.8076,0.7815097037723575,7.0,0.2
80.76,0.7834043626164325,0.8076,0.7815097037723575,3.0,0.2
80.76,0.7834043626164325,0.8076,0.7815097037723575,2.0,0.2
80.76,0.7834043626164325,0.8076,0.7815097037723575,10.0,0.2
80.76,0.7834043626164325,0.8076,0.7815097037723575,18.0,0.2
80.76,0.7834043626164325,0.8076,0.7815097037723575,4.0,0.2
80.76,0.7834043626164325,0.8076,0.7815097037723575,20.0,0.2
80.76,0.7834043626164325,0.8076,0.7815097037723575,16.0,0.2
80.76,0.7834043626164325,0.8076,0.7815097037723575,6.0,0.2
80.76,0.7834043626164325,0.8076,0.7815097037723575,10.0,0.2
80.76,0.7834043626164325,0.8076,0.7815097037723575,12.0,0.2
80.76,0.7834043626164325,0.8076,0.7815097037723575,8.0,0.2
80.76,0.7834043626164325,0.8076,0.7815097037723575,2.0,0.2
80.76,0.7834043626164325,0.8076,0.7815097037723575,14.0,0.2
80.76,0.7834043626164325,0.8076,0.7815097037723575,3.0,0.2
80.76,0.7834043626164325,0.8076,0.7815097037723575,15.0,0.2
80.76,0.7834043626164325,0.8076,0.7815097037723575,30.0,0.2
80.76,0.7834043626164325,0.8076,0.7815097037723575,9.0,0.2
80.76,0.7834043626164325,0.8076,0.7815097037723575,21.0,0.2
80.76,0.7834043626164325,0.8076,0.7815097037723575,12.0,0.2
80.76,0.7834043626164325,0.8076,0.7815097037723575,24.0,0.2
80.76,0.7834043626164325,0.8076,0.7815097037723575,18.0,0.2
80.76,0.7834043626164325,0.8076,0.7815097037723575,6.0,0.2
80.76,0.7834043626164325,0.8076,0.7815097037723575,27.0,0.2
80.76,0.7834043626164325,0.8076,0.7815097037723575,36.0,0.2
80.76,0.7834043626164325,0.8076,0.7815097037723575,24.0,0.2
80.76,0.7834043626164325,0.8076,0.7815097037723575,16.0,0.2
80.76,0.7834043626164325,0.8076,0.7815097037723575,20.0,0.2
80.76,0.7834043626164325,0.8076,0.7815097037723575,12.0,0.2
80.76,0.7834043626164325,0.8076,0.7815097037723575,32.0,0.2
80.76,0.7834043626164325,0.8076,0.7815097037723575,8.0,0.2
80.76,0.7834043626164325,0.8076,0.7815097037723575,40.0,0.2
80.76,0.7834043626164325,0.8076,0.7815097037723575,28.0,0.2
80.76,0.7834043626164325,0.8076,0.7815097037723575,4.0,0.2
80.76,0.7834043626164325,0.8076,0.7815097037723575,20.0,0.2
80.76,0.7834043626164325,0.8076,0.7815097037723575,45.0,0.2
80.76,0.7834043626164325,0.8076,0.7815097037723575,15.0,0.2
80.76,0.7834043626164325,0.8076,0.7815097037723575,40.0,0.2
80.76,0.7834043626164325,0.8076,0.7815097037723575,25.0,0.2
80.76,0.7834043626164325,0.8076,0.7815097037723575,10.0,0.2
80.76,0.7834043626164325,0.8076,0.7815097037723575,50.0,0.2
80.76,0.7834043626164325,0.8076,0.7815097037723575,35.0,0.2
80.76,0.7834043626164325,0.8076,0.7815097037723575,5.0,0.2
80.76,0.7834043626164325,0.8076,0.7815097037723575,30.0,0.2
80.76,0.7834043626164325,0.8076,0.7815097037723575,30.0,0.2
80.76,0.7834043626164325,0.8076,0.7815097037723575,48.0,0.2
80.76,0.7834043626164325,0.8076,0.7815097037723575,12.0,0.2
80.76,0.7834043626164325,0.8076,0.7815097037723575,42.0,0.2
80.76,0.7834043626164325,0.8076,0.7815097037723575,60.0,0.2
80.76,0.7834043626164325,0.8076,0.7815097037723575,36.0,0.2
80.76,0.7834043626164325,0.8076,0.7815097037723575,6.0,0.2
80.76,0.7834043626164325,0.8076,0.7815097037723575,54.0,0.2
80.76,0.7834043626164325,0.8076,0.7815097037723575,18.0,0.2
80.76,0.7834043626164325,0.8076,0.7815097037723575,24.0,0.2
80.76,0.7834043626164325,0.8076,0.7815097037723575,21.0,0.2
80.76,0.7834043626164325,0.8076,0.7815097037723575,70.0,0.2
80.76,0.7834043626164325,0.8076,0.7815097037723575,56.0,0.2
80.76,0.7834043626164325,0.8076,0.7815097037723575,7.0,0.2
80.76,0.7834043626164325,0.8076,0.7815097037723575,42.0,0.2
80.76,0.7834043626164325,0.8076,0.7815097037723575,28.0,0.2
80.76,0.7834043626164325,0.8076,0.7815097037723575,35.0,0.2
80.76,0.7834043626164325,0.8076,0.7815097037723575,63.0,0.2
80.76,0.7834043626164325,0.8076,0.7815097037723575,49.0,0.2
80.76,0.7834043626164325,0.8076,0.7815097037723575,14.0,0.2
80.76,0.7834043626164325,0.8076,0.7815097037723575,24.0,0.2
80.76,0.7834043626164325,0.8076,0.7815097037723575,64.0,0.2
80.76,0.7834043626164325,0.8076,0.7815097037723575,80.0,0.2
80.76,0.7834043626164325,0.8076,0.7815097037723575,40.0,0.2
80.76,0.7834043626164325,0.8076,0.7815097037723575,72.0,0.2
80.76,0.7834043626164325,0.8076,0.7815097037723575,16.0,0.2
80.76,0.7834043626164325,0.8076,0.7815097037723575,8.0,0.2
80.76,0.7834043626164325,0.8076,0.7815097037723575,56.0,0.2
80.76,0.7834043626164325,0.8076,0.7815097037723575,32.0,0.2
80.76,0.7834043626164325,0.8076,0.7815097037723575,48.0,0.2
80.76,0.7834043626164325,0.8076,0.7815097037723575,18.0,0.2
80.76,0.7834043626164325,0.8076,0.7815097037723575,45.0,0.2
80.76,0.7834043626164325,0.8076,0.7815097037723575,72.0,0.2
80.76,0.7834043626164325,0.8076,0.7815097037723575,36.0,0.2
80.76,0.7834043626164325,0.8076,0.7815097037723575,54.0,0.2
80.76,0.7834043626164325,0.8076,0.7815097037723575,63.0,0.2
80.76,0.7834043626164325,0.8076,0.7815097037723575,81.0,0.2
80.76,0.7834043626164325,0.8076,0.7815097037723575,9.0,0.2
80.76,0.7834043626164325,0.8076,0.7815097037723575,90.0,0.2
80.76,0.7834043626164325,0.8076,0.7815097037723575,27.0,0.2
80.76,0.7834043626164325,0.8076,0.7815097037723575,70.0,0.2
80.76,0.7834043626164325,0.8076,0.7815097037723575,30.0,0.2
80.76,0.7834043626164325,0.8076,0.7815097037723575,20.0,0.2
80.76,0.7834043626164325,0.8076,0.7815097037723575,90.0,0.2
80.76,0.7834043626164325,0.8076,0.7815097037723575,40.0,0.2
80.76,0.7834043626164325,0.8076,0.7815097037723575,60.0,0.2
80.76,0.7834043626164325,0.8076,0.7815097037723575,50.0,0.2
80.76,0.7834043626164325,0.8076,0.7815097037723575,100.0,0.2
80.76,0.7834043626164325,0.8076,0.7815097037723575,80.0,0.2
80.76,0.7834043626164325,0.8076,0.7815097037723575,10.0,0.2
96.38,0.9645606938849741,0.9638,0.9637241485154892,6.0,0.3
96.38,0.9645606938849741,0.9638,0.9637241485154892,10.0,0.3
96.38,0.9645606938849741,0.9638,0.9637241485154892,5.0,0.3
96.38,0.9645606938849741,0.9638,0.9637241485154892,2.0,0.3
96.38,0.9645606938849741,0.9638,0.9637241485154892,8.0,0.3
96.38,0.9645606938849741,0.9638,0.9637241485154892,9.0,0.3
96.38,0.9645606938849741,0.9638,0.9637241485154892,1.0,0.3
96.38,0.9645606938849741,0.9638,0.9637241485154892,3.0,0.3
96.38,0.9645606938849741,0.9638,0.9637241485154892,7.0,0.3
96.38,0.9645606938849741,0.9638,0.9637241485154892,4.0,0.3
96.38,0.9645606938849741,0.9638,0.9637241485154892,18.0,0.3
96.38,0.9645606938849741,0.9638,0.9637241485154892,14.0,0.3
96.38,0.9645606938849741,0.9638,0.9637241485154892,16.0,0.3
96.38,0.9645606938849741,0.9638,0.9637241485154892,12.0,0.3
96.38,0.9645606938849741,0.9638,0.9637241485154892,6.0,0.3
96.38,0.9645606938849741,0.9638,0.9637241485154892,20.0,0.3
96.38,0.9645606938849741,0.9638,0.9637241485154892,4.0,0.3
96.38,0.9645606938849741,0.9638,0.9637241485154892,2.0,0.3
96.38,0.9645606938849741,0.9638,0.9637241485154892,10.0,0.3
96.38,0.9645606938849741,0.9638,0.9637241485154892,8.0,0.3
96.38,0.9645606938849741,0.9638,0.9637241485154892,27.0,0.3
96.38,0.9645606938849741,0.9638,0.9637241485154892,9.0,0.3
96.38,0.9645606938849741,0.9638,0.9637241485154892,12.0,0.3
96.38,0.9645606938849741,0.9638,0.9637241485154892,24.0,0.3
96.38,0.9645606938849741,0.9638,0.9637241485154892,30.0,0.3
96.38,0.9645606938849741,0.9638,0.9637241485154892,21.0,0.3
96.38,0.9645606938849741,0.9638,0.9637241485154892,15.0,0.3
96.38,0.9645606938849741,0.9638,0.9637241485154892,6.0,0.3
96.38,0.9645606938849741,0.9638,0.9637241485154892,18.0,0.3
96.38,0.9645606938849741,0.9638,0.9637241485154892,3.0,0.3
96.38,0.9645606938849741,0.9638,0.9637241485154892,36.0,0.3
96.38,0.9645606938849741,0.9638,0.9637241485154892,20.0,0.3
96.38,0.9645606938849741,0.9638,0.9637241485154892,12.0,0.3
96.38,0.9645606938849741,0.9638,0.9637241485154892,28.0,0.3
96.38,0.9645606938849741,0.9638,0.9637241485154892,32.0,0.3
96.38,0.9645606938849741,0.9638,0.9637241485154892,4.0,0.3
96.38,0.9645606938849741,0.9638,0.9637241485154892,24.0,0.3
96.38,0.9645606938849741,0.9638,0.9637241485154892,40.0,0.3
96.38,0.9645606938849741,0.9638,0.9637241485154892,16.0,0.3
96.38,0.9645606938849741,0.9638,0.9637241485154892,8.0,0.3
96.38,0.9645606938849741,0.9638,0.9637241485154892,50.0,0.3
96.38,0.9645606938849741,0.9638,0.9637241485154892,10.0,0.3
96.38,0.9645606938849741,0.9638,0.9637241485154892,15.0,0.3
96.38,0.9645606938849741,0.9638,0.9637241485154892,20.0,0.3
96.38,0.9645606938849741,0.9638,0.9637241485154892,40.0,0.3
96.38,0.9645606938849741,0.9638,0.9637241485154892,5.0,0.3
96.38,0.9645606938849741,0.9638,0.9637241485154892,35.0,0.3
96.38,0.9645606938849741,0.9638,0.9637241485154892,45.0,0.3
96.38,0.9645606938849741,0.9638,0.9637241485154892,30.0,0.3
96.38,0.9645606938849741,0.9638,0.9637241485154892,25.0,0.3
96.38,0.9645606938849741,0.9638,0.9637241485154892,6.0,0.3
96.38,0.9645606938849741,0.9638,0.9637241485154892,42.0,0.3
96.38,0.9645606938849741,0.9638,0.9637241485154892,30.0,0.3
96.38,0.9645606938849741,0.9638,0.9637241485154892,12.0,0.3
96.38,0.9645606938849741,0.9638,0.9637241485154892,54.0,0.3
96.38,0.9645606938849741,0.9638,0.9637241485154892,18.0,0.3
96.38,0.9645606938849741,0.9638,0.9637241485154892,48.0,0.3
96.38,0.9645606938849741,0.9638,0.9637241485154892,24.0,0.3
96.38,0.9645606938849741,0.9638,0.9637241485154892,36.0,0.3
96.38,0.9645606938849741,0.9638,0.9637241485154892,60.0,0.3
96.38,0.9645606938849741,0.9638,0.9637241485154892,70.0,0.3
96.38,0.9645606938849741,0.9638,0.9637241485154892,56.0,0.3
96.38,0.9645606938849741,0.9638,0.9637241485154892,63.0,0.3
96.38,0.9645606938849741,0.9638,0.9637241485154892,42.0,0.3
96.38,0.9645606938849741,0.9638,0.9637241485154892,49.0,0.3
96.38,0.9645606938849741,0.9638,0.9637241485154892,21.0,0.3
96.38,0.9645606938849741,0.9638,0.9637241485154892,14.0,0.3
96.38,0.9645606938849741,0.9638,0.9637241485154892,7.0,0.3
96.38,0.9645606938849741,0.9638,0.9637241485154892,28.0,0.3
96.38,0.9645606938849741,0.9638,0.9637241485154892,35.0,0.3
96.38,0.9645606938849741,0.9638,0.9637241485154892,40.0,0.3
96.38,0.9645606938849741,0.9638,0.9637241485154892,56.0,0.3
96.38,0.9645606938849741,0.9638,0.9637241485154892,24.0,0.3
96.38,0.9645606938849741,0.9638,0.9637241485154892,80.0,0.3
96.38,0.9645606938849741,0.9638,0.9637241485154892,16.0,0.3
96.38,0.9645606938849741,0.9638,0.9637241485154892,64.0,0.3
96.38,0.9645606938849741,0.9638,0.9637241485154892,72.0,0.3
96.38,0.9645606938849741,0.9638,0.9637241485154892,8.0,0.3
96.38,0.9645606938849741,0.9638,0.9637241485154892,32.0,0.3
96.38,0.9645606938849741,0.9638,0.9637241485154892,48.0,0.3
96.38,0.9645606938849741,0.9638,0.9637241485154892,9.0,0.3
96.38,0.9645606938849741,0.9638,0.9637241485154892,27.0,0.3
96.38,0.9645606938849741,0.9638,0.9637241485154892,90.0,0.3
96.38,0.9645606938849741,0.9638,0.9637241485154892,81.0,0.3
96.38,0.9645606938849741,0.9638,0.9637241485154892,72.0,0.3
96.38,0.9645606938849741,0.9638,0.9637241485154892,18.0,0.3
96.38,0.9645606938849741,0.9638,0.9637241485154892,54.0,0.3
96.38,0.9645606938849741,0.9638,0.9637241485154892,36.0,0.3
96.38,0.9645606938849741,0.9638,0.9637241485154892,63.0,0.3
96.38,0.9645606938849741,0.9638,0.9637241485154892,45.0,0.3
96.38,0.9645606938849741,0.9638,0.9637241485154892,10.0,0.3
96.38,0.9645606938849741,0.9638,0.9637241485154892,40.0,0.3
96.38,0.9645606938849741,0.9638,0.9637241485154892,50.0,0.3
96.38,0.9645606938849741,0.9638,0.9637241485154892,90.0,0.3
96.38,0.9645606938849741,0.9638,0.9637241485154892,80.0,0.3
96.38,0.9645606938849741,0.9638,0.9637241485154892,20.0,0.3
96.38,0.9645606938849741,0.9638,0.9637241485154892,30.0,0.3
96.38,0.9645606938849741,0.9638,0.9637241485154892,70.0,0.3
96.38,0.9645606938849741,0.9638,0.9637241485154892,100.0,0.3
96.38,0.9645606938849741,0.9638,0.9637241485154892,60.0,0.3
92.10000000000001,0.9333140934236575,0.921,0.9181889017958954,5.0,0.4
92.10000000000001,0.9333140934236575,0.921,0.9181889017958954,9.0,0.4
92.10000000000001,0.9333140934236575,0.921,0.9181889017958954,4.0,0.4
92.10000000000001,0.9333140934236575,0.921,0.9181889017958954,2.0,0.4
92.10000000000001,0.9333140934236575,0.921,0.9181889017958954,8.0,0.4
92.10000000000001,0.9333140934236575,0.921,0.9181889017958954,1.0,0.4
92.10000000000001,0.9333140934236575,0.921,0.9181889017958954,3.0,0.4
92.10000000000001,0.9333140934236575,0.921,0.9181889017958954,10.0,0.4
92.10000000000001,0.9333140934236575,0.921,0.9181889017958954,6.0,0.4
92.10000000000001,0.9333140934236575,0.921,0.9181889017958954,7.0,0.4
92.10000000000001,0.9333140934236575,0.921,0.9181889017958954,12.0,0.4
92.10000000000001,0.9333140934236575,0.921,0.9181889017958954,8.0,0.4
92.10000000000001,0.9333140934236575,0.921,0.9181889017958954,6.0,0.4
92.10000000000001,0.9333140934236575,0.921,0.9181889017958954,14.0,0.4
92.10000000000001,0.9333140934236575,0.921,0.9181889017958954,2.0,0.4
92.10000000000001,0.9333140934236575,0.921,0.9181889017958954,20.0,0.4
92.10000000000001,0.9333140934236575,0.921,0.9181889017958954,4.0,0.4
92.10000000000001,0.9333140934236575,0.921,0.9181889017958954,16.0,0.4
92.10000000000001,0.9333140934236575,0.921,0.9181889017958954,18.0,0.4
92.10000000000001,0.9333140934236575,0.921,0.9181889017958954,10.0,0.4
92.10000000000001,0.9333140934236575,0.921,0.9181889017958954,3.0,0.4
92.10000000000001,0.9333140934236575,0.921,0.9181889017958954,15.0,0.4
92.10000000000001,0.9333140934236575,0.921,0.9181889017958954,6.0,0.4
92.10000000000001,0.9333140934236575,0.921,0.9181889017958954,27.0,0.4
92.10000000000001,0.9333140934236575,0.921,0.9181889017958954,9.0,0.4
92.10000000000001,0.9333140934236575,0.921,0.9181889017958954,12.0,0.4
92.10000000000001,0.9333140934236575,0.921,0.9181889017958954,30.0,0.4
92.10000000000001,0.9333140934236575,0.921,0.9181889017958954,21.0,0.4
92.10000000000001,0.9333140934236575,0.921,0.9181889017958954,24.0,0.4
92.10000000000001,0.9333140934236575,0.921,0.9181889017958954,18.0,0.4
92.10000000000001,0.9333140934236575,0.921,0.9181889017958954,28.0,0.4
92.10000000000001,0.9333140934236575,0.921,0.9181889017958954,36.0,0.4
92.10000000000001,0.9333140934236575,0.921,0.9181889017958954,20.0,0.4
92.10000000000001,0.9333140934236575,0.921,0.9181889017958954,40.0,0.4
92.10000000000001,0.9333140934236575,0.921,0.9181889017958954,24.0,0.4
92.10000000000001,0.9333140934236575,0.921,0.9181889017958954,4.0,0.4
92.10000000000001,0.9333140934236575,0.921,0.9181889017958954,16.0,0.4
92.10000000000001,0.9333140934236575,0.921,0.9181889017958954,8.0,0.4
92.10000000000001,0.9333140934236575,0.921,0.9181889017958954,32.0,0.4
92.10000000000001,0.9333140934236575,0.921,0.9181889017958954,12.0,0.4
92.10000000000001,0.9333140934236575,0.921,0.9181889017958954,50.0,0.4
92.10000000000001,0.9333140934236575,0.921,0.9181889017958954,25.0,0.4
92.10000000000001,0.9333140934236575,0.921,0.9181889017958954,20.0,0.4
92.10000000000001,0.9333140934236575,0.921,0.9181889017958954,30.0,0.4
92.10000000000001,0.9333140934236575,0.921,0.9181889017958954,45.0,0.4
92.10000000000001,0.9333140934236575,0.921,0.9181889017958954,40.0,0.4
92.10000000000001,0.9333140934236575,0.921,0.9181889017958954,15.0,0.4
92.10000000000001,0.9333140934236575,0.921,0.9181889017958954,35.0,0.4
92.10000000000001,0.9333140934236575,0.921,0.9181889017958954,5.0,0.4
92.10000000000001,0.9333140934236575,0.921,0.9181889017958954,10.0,0.4
92.10000000000001,0.9333140934236575,0.921,0.9181889017958954,42.0,0.4
92.10000000000001,0.9333140934236575,0.921,0.9181889017958954,60.0,0.4
92.10000000000001,0.9333140934236575,0.921,0.9181889017958954,24.0,0.4
92.10000000000001,0.9333140934236575,0.921,0.9181889017958954,48.0,0.4
92.10000000000001,0.9333140934236575,0.921,0.9181889017958954,18.0,0.4
92.10000000000001,0.9333140934236575,0.921,0.9181889017958954,12.0,0.4
92.10000000000001,0.9333140934236575,0.921,0.9181889017958954,6.0,0.4
92.10000000000001,0.9333140934236575,0.921,0.9181889017958954,54.0,0.4
92.10000000000001,0.9333140934236575,0.921,0.9181889017958954,30.0,0.4
92.10000000000001,0.9333140934236575,0.921,0.9181889017958954,36.0,0.4
92.10000000000001,0.9333140934236575,0.921,0.9181889017958954,28.0,0.4
92.10000000000001,0.9333140934236575,0.921,0.9181889017958954,42.0,0.4
92.10000000000001,0.9333140934236575,0.921,0.9181889017958954,56.0,0.4
92.10000000000001,0.9333140934236575,0.921,0.9181889017958954,49.0,0.4
92.10000000000001,0.9333140934236575,0.921,0.9181889017958954,14.0,0.4
92.10000000000001,0.9333140934236575,0.921,0.9181889017958954,21.0,0.4
92.10000000000001,0.9333140934236575,0.921,0.9181889017958954,7.0,0.4
92.10000000000001,0.9333140934236575,0.921,0.9181889017958954,63.0,0.4
92.10000000000001,0.9333140934236575,0.921,0.9181889017958954,70.0,0.4
92.10000000000001,0.9333140934236575,0.921,0.9181889017958954,35.0,0.4
92.10000000000001,0.9333140934236575,0.921,0.9181889017958954,16.0,0.4
92.10000000000001,0.9333140934236575,0.921,0.9181889017958954,24.0,0.4
92.10000000000001,0.9333140934236575,0.921,0.9181889017958954,56.0,0.4
92.10000000000001,0.9333140934236575,0.921,0.9181889017958954,8.0,0.4
92.10000000000001,0.9333140934236575,0.921,0.9181889017958954,40.0,0.4
92.10000000000001,0.9333140934236575,0.921,0.9181889017958954,48.0,0.4
92.10000000000001,0.9333140934236575,0.921,0.9181889017958954,80.0,0.4
92.10000000000001,0.9333140934236575,0.921,0.9181889017958954,32.0,0.4
92.10000000000001,0.9333140934236575,0.921,0.9181889017958954,72.0,0.4
92.10000000000001,0.9333140934236575,0.921,0.9181889017958954,64.0,0.4
92.10000000000001,0.9333140934236575,0.921,0.9181889017958954,81.0,0.4
92.10000000000001,0.9333140934236575,0.921,0.9181889017958954,45.0,0.4
92.10000000000001,0.9333140934236575,0.921,0.9181889017958954,63.0,0.4
92.10000000000001,0.9333140934236575,0.921,0.9181889017958954,36.0,0.4
92.10000000000001,0.9333140934236575,0.921,0.9181889017958954,54.0,0.4
92.10000000000001,0.9333140934236575,0.921,0.9181889017958954,72.0,0.4
92.10000000000001,0.9333140934236575,0.921,0.9181889017958954,27.0,0.4
92.10000000000001,0.9333140934236575,0.921,0.9181889017958954,9.0,0.4
92.10000000000001,0.9333140934236575,0.921,0.9181889017958954,90.0,0.4
92.10000000000001,0.9333140934236575,0.921,0.9181889017958954,18.0,0.4
92.10000000000001,0.9333140934236575,0.921,0.9181889017958954,70.0,0.4
92.10000000000001,0.9333140934236575,0.921,0.9181889017958954,50.0,0.4
92.10000000000001,0.9333140934236575,0.921,0.9181889017958954,90.0,0.4
92.10000000000001,0.9333140934236575,0.921,0.9181889017958954,100.0,0.4
92.10000000000001,0.9333140934236575,0.921,0.9181889017958954,10.0,0.4
92.10000000000001,0.9333140934236575,0.921,0.9181889017958954,20.0,0.4
92.10000000000001,0.9333140934236575,0.921,0.9181889017958954,30.0,0.4
92.10000000000001,0.9333140934236575,0.921,0.9181889017958954,80.0,0.4
92.10000000000001,0.9333140934236575,0.921,0.9181889017958954,40.0,0.4
92.10000000000001,0.9333140934236575,0.921,0.9181889017958954,60.0,0.4
93.36,0.9363498243471918,0.9336,0.9329497652240649,8.0,0.5
93.36,0.9363498243471918,0.9336,0.9329497652240649,10.0,0.5
93.36,0.9363498243471918,0.9336,0.9329497652240649,4.0,0.5
93.36,0.9363498243471918,0.9336,0.9329497652240649,2.0,0.5
93.36,0.9363498243471918,0.9336,0.9329497652240649,1.0,0.5
93.36,0.9363498243471918,0.9336,0.9329497652240649,3.0,0.5
93.36,0.9363498243471918,0.9336,0.9329497652240649,6.0,0.5
93.36,0.9363498243471918,0.9336,0.9329497652240649,5.0,0.5
93.36,0.9363498243471918,0.9336,0.9329497652240649,7.0,0.5
93.36,0.9363498243471918,0.9336,0.9329497652240649,9.0,0.5
93.36,0.9363498243471918,0.9336,0.9329497652240649,12.0,0.5
93.36,0.9363498243471918,0.9336,0.9329497652240649,16.0,0.5
93.36,0.9363498243471918,0.9336,0.9329497652240649,20.0,0.5
93.36,0.9363498243471918,0.9336,0.9329497652240649,10.0,0.5
93.36,0.9363498243471918,0.9336,0.9329497652240649,8.0,0.5
93.36,0.9363498243471918,0.9336,0.9329497652240649,14.0,0.5
93.36,0.9363498243471918,0.9336,0.9329497652240649,2.0,0.5
93.36,0.9363498243471918,0.9336,0.9329497652240649,6.0,0.5
93.36,0.9363498243471918,0.9336,0.9329497652240649,4.0,0.5
93.36,0.9363498243471918,0.9336,0.9329497652240649,18.0,0.5
93.36,0.9363498243471918,0.9336,0.9329497652240649,6.0,0.5
93.36,0.9363498243471918,0.9336,0.9329497652240649,21.0,0.5
93.36,0.9363498243471918,0.9336,0.9329497652240649,30.0,0.5
93.36,0.9363498243471918,0.9336,0.9329497652240649,18.0,0.5
93.36,0.9363498243471918,0.9336,0.9329497652240649,27.0,0.5
93.36,0.9363498243471918,0.9336,0.9329497652240649,9.0,0.5
93.36,0.9363498243471918,0.9336,0.9329497652240649,15.0,0.5
93.36,0.9363498243471918,0.9336,0.9329497652240649,3.0,0.5
93.36,0.9363498243471918,0.9336,0.9329497652240649,24.0,0.5
93.36,0.9363498243471918,0.9336,0.9329497652240649,12.0,0.5
93.36,0.9363498243471918,0.9336,0.9329497652240649,24.0,0.5
93.36,0.9363498243471918,0.9336,0.9329497652240649,40.0,0.5
93.36,0.9363498243471918,0.9336,0.9329497652240649,16.0,0.5
93.36,0.9363498243471918,0.9336,0.9329497652240649,8.0,0.5
93.36,0.9363498243471918,0.9336,0.9329497652240649,4.0,0.5
93.36,0.9363498243471918,0.9336,0.9329497652240649,28.0,0.5
93.36,0.9363498243471918,0.9336,0.9329497652240649,36.0,0.5
93.36,0.9363498243471918,0.9336,0.9329497652240649,32.0,0.5
93.36,0.9363498243471918,0.9336,0.9329497652240649,20.0,0.5
93.36,0.9363498243471918,0.9336,0.9329497652240649,12.0,0.5
93.36,0.9363498243471918,0.9336,0.9329497652240649,15.0,0.5
93.36,0.9363498243471918,0.9336,0.9329497652240649,10.0,0.5
93.36,0.9363498243471918,0.9336,0.9329497652240649,35.0,0.5
93.36,0.9363498243471918,0.9336,0.9329497652240649,50.0,0.5
93.36,0.9363498243471918,0.9336,0.9329497652240649,5.0,0.5
93.36,0.9363498243471918,0.9336,0.9329497652240649,30.0,0.5
93.36,0.9363498243471918,0.9336,0.9329497652240649,20.0,0.5
93.36,0.9363498243471918,0.9336,0.9329497652240649,25.0,0.5
93.36,0.9363498243471918,0.9336,0.9329497652240649,40.0,0.5
93.36,0.9363498243471918,0.9336,0.9329497652240649,45.0,0.5
93.36,0.9363498243471918,0.9336,0.9329497652240649,36.0,0.5
93.36,0.9363498243471918,0.9336,0.9329497652240649,48.0,0.5
93.36,0.9363498243471918,0.9336,0.9329497652240649,6.0,0.5
93.36,0.9363498243471918,0.9336,0.9329497652240649,24.0,0.5
93.36,0.9363498243471918,0.9336,0.9329497652240649,30.0,0.5
93.36,0.9363498243471918,0.9336,0.9329497652240649,42.0,0.5
93.36,0.9363498243471918,0.9336,0.9329497652240649,54.0,0.5
93.36,0.9363498243471918,0.9336,0.9329497652240649,60.0,0.5
93.36,0.9363498243471918,0.9336,0.9329497652240649,18.0,0.5
93.36,0.9363498243471918,0.9336,0.9329497652240649,12.0,0.5
93.36,0.9363498243471918,0.9336,0.9329497652240649,42.0,0.5
93.36,0.9363498243471918,0.9336,0.9329497652240649,28.0,0.5
93.36,0.9363498243471918,0.9336,0.9329497652240649,49.0,0.5
93.36,0.9363498243471918,0.9336,0.9329497652240649,14.0,0.5
93.36,0.9363498243471918,0.9336,0.9329497652240649,7.0,0.5
93.36,0.9363498243471918,0.9336,0.9329497652240649,70.0,0.5
93.36,0.9363498243471918,0.9336,0.9329497652240649,56.0,0.5
93.36,0.9363498243471918,0.9336,0.9329497652240649,35.0,0.5
93.36,0.9363498243471918,0.9336,0.9329497652240649,63.0,0.5
93.36,0.9363498243471918,0.9336,0.9329497652240649,21.0,0.5
93.36,0.9363498243471918,0.9336,0.9329497652240649,8.0,0.5
93.36,0.9363498243471918,0.9336,0.9329497652240649,16.0,0.5
93.36,0.9363498243471918,0.9336,0.9329497652240649,40.0,0.5
93.36,0.9363498243471918,0.9336,0.9329497652240649,64.0,0.5
93.36,0.9363498243471918,0.9336,0.9329497652240649,72.0,0.5
93.36,0.9363498243471918,0.9336,0.9329497652240649,56.0,0.5
93.36,0.9363498243471918,0.9336,0.9329497652240649,80.0,0.5
93.36,0.9363498243471918,0.9336,0.9329497652240649,24.0,0.5
93.36,0.9363498243471918,0.9336,0.9329497652240649,32.0,0.5
93.36,0.9363498243471918,0.9336,0.9329497652240649,48.0,0.5
93.36,0.9363498243471918,0.9336,0.9329497652240649,27.0,0.5
93.36,0.9363498243471918,0.9336,0.9329497652240649,36.0,0.5
93.36,0.9363498243471918,0.9336,0.9329497652240649,18.0,0.5
93.36,0.9363498243471918,0.9336,0.9329497652240649,9.0,0.5
93.36,0.9363498243471918,0.9336,0.9329497652240649,72.0,0.5
93.36,0.9363498243471918,0.9336,0.9329497652240649,63.0,0.5
93.36,0.9363498243471918,0.9336,0.9329497652240649,90.0,0.5
93.36,0.9363498243471918,0.9336,0.9329497652240649,81.0,0.5
93.36,0.9363498243471918,0.9336,0.9329497652240649,54.0,0.5
93.36,0.9363498243471918,0.9336,0.9329497652240649,45.0,0.5
93.36,0.9363498243471918,0.9336,0.9329497652240649,100.0,0.5
93.36,0.9363498243471918,0.9336,0.9329497652240649,90.0,0.5
93.36,0.9363498243471918,0.9336,0.9329497652240649,50.0,0.5
93.36,0.9363498243471918,0.9336,0.9329497652240649,70.0,0.5
93.36,0.9363498243471918,0.9336,0.9329497652240649,40.0,0.5
93.36,0.9363498243471918,0.9336,0.9329497652240649,60.0,0.5
93.36,0.9363498243471918,0.9336,0.9329497652240649,30.0,0.5
93.36,0.9363498243471918,0.9336,0.9329497652240649,20.0,0.5
93.36,0.9363498243471918,0.9336,0.9329497652240649,10.0,0.5
93.36,0.9363498243471918,0.9336,0.9329497652240649,80.0,0.5
92.07,0.929054947312958,0.9207,0.9198138123955049,10.0,0.6
92.07,0.929054947312958,0.9207,0.9198138123955049,1.0,0.6
92.07,0.929054947312958,0.9207,0.9198138123955049,6.0,0.6
92.07,0.929054947312958,0.9207,0.9198138123955049,2.0,0.6
92.07,0.929054947312958,0.9207,0.9198138123955049,3.0,0.6
92.07,0.929054947312958,0.9207,0.9198138123955049,7.0,0.6
92.07,0.929054947312958,0.9207,0.9198138123955049,5.0,0.6
92.07,0.929054947312958,0.9207,0.9198138123955049,8.0,0.6
92.07,0.929054947312958,0.9207,0.9198138123955049,9.0,0.6
92.07,0.929054947312958,0.9207,0.9198138123955049,4.0,0.6
92.07,0.929054947312958,0.9207,0.9198138123955049,2.0,0.6
92.07,0.929054947312958,0.9207,0.9198138123955049,16.0,0.6
92.07,0.929054947312958,0.9207,0.9198138123955049,4.0,0.6
92.07,0.929054947312958,0.9207,0.9198138123955049,10.0,0.6
92.07,0.929054947312958,0.9207,0.9198138123955049,6.0,0.6
92.07,0.929054947312958,0.9207,0.9198138123955049,14.0,0.6
92.07,0.929054947312958,0.9207,0.9198138123955049,8.0,0.6
92.07,0.929054947312958,0.9207,0.9198138123955049,18.0,0.6
92.07,0.929054947312958,0.9207,0.9198138123955049,12.0,0.6
92.07,0.929054947312958,0.9207,0.9198138123955049,20.0,0.6
92.07,0.929054947312958,0.9207,0.9198138123955049,18.0,0.6
92.07,0.929054947312958,0.9207,0.9198138123955049,3.0,0.6
92.07,0.929054947312958,0.9207,0.9198138123955049,27.0,0.6
92.07,0.929054947312958,0.9207,0.9198138123955049,21.0,0.6
92.07,0.929054947312958,0.9207,0.9198138123955049,9.0,0.6
92.07,0.929054947312958,0.9207,0.9198138123955049,30.0,0.6
92.07,0.929054947312958,0.9207,0.9198138123955049,24.0,0.6
92.07,0.929054947312958,0.9207,0.9198138123955049,15.0,0.6
92.07,0.929054947312958,0.9207,0.9198138123955049,12.0,0.6
92.07,0.929054947312958,0.9207,0.9198138123955049,6.0,0.6
92.07,0.929054947312958,0.9207,0.9198138123955049,8.0,0.6
92.07,0.929054947312958,0.9207,0.9198138123955049,40.0,0.6
92.07,0.929054947312958,0.9207,0.9198138123955049,36.0,0.6
92.07,0.929054947312958,0.9207,0.9198138123955049,12.0,0.6
92.07,0.929054947312958,0.9207,0.9198138123955049,16.0,0.6
92.07,0.929054947312958,0.9207,0.9198138123955049,20.0,0.6
92.07,0.929054947312958,0.9207,0.9198138123955049,28.0,0.6
92.07,0.929054947312958,0.9207,0.9198138123955049,24.0,0.6
92.07,0.929054947312958,0.9207,0.9198138123955049,32.0,0.6
92.07,0.929054947312958,0.9207,0.9198138123955049,4.0,0.6
92.07,0.929054947312958,0.9207,0.9198138123955049,30.0,0.6
92.07,0.929054947312958,0.9207,0.9198138123955049,45.0,0.6
92.07,0.929054947312958,0.9207,0.9198138123955049,40.0,0.6
92.07,0.929054947312958,0.9207,0.9198138123955049,10.0,0.6
92.07,0.929054947312958,0.9207,0.9198138123955049,20.0,0.6
92.07,0.929054947312958,0.9207,0.9198138123955049,15.0,0.6
92.07,0.929054947312958,0.9207,0.9198138123955049,25.0,0.6
92.07,0.929054947312958,0.9207,0.9198138123955049,5.0,0.6
92.07,0.929054947312958,0.9207,0.9198138123955049,35.0,0.6
92.07,0.929054947312958,0.9207,0.9198138123955049,50.0,0.6
92.07,0.929054947312958,0.9207,0.9198138123955049,18.0,0.6
92.07,0.929054947312958,0.9207,0.9198138123955049,60.0,0.6
92.07,0.929054947312958,0.9207,0.9198138123955049,42.0,0.6
92.07,0.929054947312958,0.9207,0.9198138123955049,36.0,0.6
92.07,0.929054947312958,0.9207,0.9198138123955049,6.0,0.6
92.07,0.929054947312958,0.9207,0.9198138123955049,12.0,0.6
92.07,0.929054947312958,0.9207,0.9198138123955049,30.0,0.6
92.07,0.929054947312958,0.9207,0.9198138123955049,24.0,0.6
92.07,0.929054947312958,0.9207,0.9198138123955049,54.0,0.6
92.07,0.929054947312958,0.9207,0.9198138123955049,48.0,0.6
92.07,0.929054947312958,0.9207,0.9198138123955049,35.0,0.6
92.07,0.929054947312958,0.9207,0.9198138123955049,14.0,0.6
92.07,0.929054947312958,0.9207,0.9198138123955049,28.0,0.6
92.07,0.929054947312958,0.9207,0.9198138123955049,70.0,0.6
92.07,0.929054947312958,0.9207,0.9198138123955049,63.0,0.6
92.07,0.929054947312958,0.9207,0.9198138123955049,42.0,0.6
92.07,0.929054947312958,0.9207,0.9198138123955049,56.0,0.6
92.07,0.929054947312958,0.9207,0.9198138123955049,21.0,0.6
92.07,0.929054947312958,0.9207,0.9198138123955049,7.0,0.6
92.07,0.929054947312958,0.9207,0.9198138123955049,49.0,0.6
92.07,0.929054947312958,0.9207,0.9198138123955049,48.0,0.6
92.07,0.929054947312958,0.9207,0.9198138123955049,80.0,0.6
92.07,0.929054947312958,0.9207,0.9198138123955049,72.0,0.6
92.07,0.929054947312958,0.9207,0.9198138123955049,8.0,0.6
92.07,0.929054947312958,0.9207,0.9198138123955049,16.0,0.6
92.07,0.929054947312958,0.9207,0.9198138123955049,40.0,0.6
92.07,0.929054947312958,0.9207,0.9198138123955049,24.0,0.6
92.07,0.929054947312958,0.9207,0.9198138123955049,56.0,0.6
92.07,0.929054947312958,0.9207,0.9198138123955049,32.0,0.6
92.07,0.929054947312958,0.9207,0.9198138123955049,64.0,0.6
92.07,0.929054947312958,0.9207,0.9198138123955049,18.0,0.6
92.07,0.929054947312958,0.9207,0.9198138123955049,27.0,0.6
92.07,0.929054947312958,0.9207,0.9198138123955049,9.0,0.6
92.07,0.929054947312958,0.9207,0.9198138123955049,72.0,0.6
92.07,0.929054947312958,0.9207,0.9198138123955049,63.0,0.6
92.07,0.929054947312958,0.9207,0.9198138123955049,45.0,0.6
92.07,0.929054947312958,0.9207,0.9198138123955049,54.0,0.6
92.07,0.929054947312958,0.9207,0.9198138123955049,81.0,0.6
92.07,0.929054947312958,0.9207,0.9198138123955049,36.0,0.6
92.07,0.929054947312958,0.9207,0.9198138123955049,90.0,0.6
92.07,0.929054947312958,0.9207,0.9198138123955049,20.0,0.6
92.07,0.929054947312958,0.9207,0.9198138123955049,30.0,0.6
92.07,0.929054947312958,0.9207,0.9198138123955049,70.0,0.6
92.07,0.929054947312958,0.9207,0.9198138123955049,90.0,0.6
92.07,0.929054947312958,0.9207,0.9198138123955049,40.0,0.6
92.07,0.929054947312958,0.9207,0.9198138123955049,80.0,0.6
92.07,0.929054947312958,0.9207,0.9198138123955049,10.0,0.6
92.07,0.929054947312958,0.9207,0.9198138123955049,50.0,0.6
92.07,0.929054947312958,0.9207,0.9198138123955049,60.0,0.6
92.07,0.929054947312958,0.9207,0.9198138123955049,100.0,0.6
89.96,0.9080878648774257,0.8996,0.8977983945542164,8.0,0.7
89.96,0.9080878648774257,0.8996,0.8977983945542164,5.0,0.7
89.96,0.9080878648774257,0.8996,0.8977983945542164,6.0,0.7
89.96,0.9080878648774257,0.8996,0.8977983945542164,3.0,0.7
89.96,0.9080878648774257,0.8996,0.8977983945542164,9.0,0.7
89.96,0.9080878648774257,0.8996,0.8977983945542164,1.0,0.7
89.96,0.9080878648774257,0.8996,0.8977983945542164,2.0,0.7
89.96,0.9080878648774257,0.8996,0.8977983945542164,7.0,0.7
89.96,0.9080878648774257,0.8996,0.8977983945542164,10.0,0.7
89.96,0.9080878648774257,0.8996,0.8977983945542164,4.0,0.7
89.96,0.9080878648774257,0.8996,0.8977983945542164,8.0,0.7
89.96,0.9080878648774257,0.8996,0.8977983945542164,6.0,0.7
89.96,0.9080878648774257,0.8996,0.8977983945542164,4.0,0.7
89.96,0.9080878648774257,0.8996,0.8977983945542164,10.0,0.7
89.96,0.9080878648774257,0.8996,0.8977983945542164,14.0,0.7
89.96,0.9080878648774257,0.8996,0.8977983945542164,18.0,0.7
89.96,0.9080878648774257,0.8996,0.8977983945542164,20.0,0.7
89.96,0.9080878648774257,0.8996,0.8977983945542164,16.0,0.7
89.96,0.9080878648774257,0.8996,0.8977983945542164,12.0,0.7
89.96,0.9080878648774257,0.8996,0.8977983945542164,2.0,0.7
89.96,0.9080878648774257,0.8996,0.8977983945542164,15.0,0.7
89.96,0.9080878648774257,0.8996,0.8977983945542164,21.0,0.7
89.96,0.9080878648774257,0.8996,0.8977983945542164,27.0,0.7
89.96,0.9080878648774257,0.8996,0.8977983945542164,9.0,0.7
89.96,0.9080878648774257,0.8996,0.8977983945542164,12.0,0.7
89.96,0.9080878648774257,0.8996,0.8977983945542164,18.0,0.7
89.96,0.9080878648774257,0.8996,0.8977983945542164,24.0,0.7
89.96,0.9080878648774257,0.8996,0.8977983945542164,3.0,0.7
89.96,0.9080878648774257,0.8996,0.8977983945542164,30.0,0.7
89.96,0.9080878648774257,0.8996,0.8977983945542164,6.0,0.7
89.96,0.9080878648774257,0.8996,0.8977983945542164,12.0,0.7
89.96,0.9080878648774257,0.8996,0.8977983945542164,20.0,0.7
89.96,0.9080878648774257,0.8996,0.8977983945542164,4.0,0.7
89.96,0.9080878648774257,0.8996,0.8977983945542164,36.0,0.7
89.96,0.9080878648774257,0.8996,0.8977983945542164,28.0,0.7
89.96,0.9080878648774257,0.8996,0.8977983945542164,8.0,0.7
89.96,0.9080878648774257,0.8996,0.8977983945542164,32.0,0.7
89.96,0.9080878648774257,0.8996,0.8977983945542164,40.0,0.7
89.96,0.9080878648774257,0.8996,0.8977983945542164,16.0,0.7
89.96,0.9080878648774257,0.8996,0.8977983945542164,24.0,0.7
89.96,0.9080878648774257,0.8996,0.8977983945542164,5.0,0.7
89.96,0.9080878648774257,0.8996,0.8977983945542164,40.0,0.7
89.96,0.9080878648774257,0.8996,0.8977983945542164,35.0,0.7
89.96,0.9080878648774257,0.8996,0.8977983945542164,25.0,0.7
89.96,0.9080878648774257,0.8996,0.8977983945542164,45.0,0.7
89.96,0.9080878648774257,0.8996,0.8977983945542164,30.0,0.7
89.96,0.9080878648774257,0.8996,0.8977983945542164,10.0,0.7
89.96,0.9080878648774257,0.8996,0.8977983945542164,20.0,0.7
89.96,0.9080878648774257,0.8996,0.8977983945542164,50.0,0.7
89.96,0.9080878648774257,0.8996,0.8977983945542164,15.0,0.7
89.96,0.9080878648774257,0.8996,0.8977983945542164,6.0,0.7
89.96,0.9080878648774257,0.8996,0.8977983945542164,36.0,0.7
89.96,0.9080878648774257,0.8996,0.8977983945542164,12.0,0.7
89.96,0.9080878648774257,0.8996,0.8977983945542164,18.0,0.7
89.96,0.9080878648774257,0.8996,0.8977983945542164,42.0,0.7
89.96,0.9080878648774257,0.8996,0.8977983945542164,48.0,0.7
89.96,0.9080878648774257,0.8996,0.8977983945542164,60.0,0.7
89.96,0.9080878648774257,0.8996,0.8977983945542164,54.0,0.7
89.96,0.9080878648774257,0.8996,0.8977983945542164,30.0,0.7
89.96,0.9080878648774257,0.8996,0.8977983945542164,24.0,0.7
89.96,0.9080878648774257,0.8996,0.8977983945542164,63.0,0.7
89.96,0.9080878648774257,0.8996,0.8977983945542164,56.0,0.7
89.96,0.9080878648774257,0.8996,0.8977983945542164,21.0,0.7
89.96,0.9080878648774257,0.8996,0.8977983945542164,35.0,0.7
89.96,0.9080878648774257,0.8996,0.8977983945542164,28.0,0.7
89.96,0.9080878648774257,0.8996,0.8977983945542164,70.0,0.7
89.96,0.9080878648774257,0.8996,0.8977983945542164,14.0,0.7
89.96,0.9080878648774257,0.8996,0.8977983945542164,42.0,0.7
89.96,0.9080878648774257,0.8996,0.8977983945542164,49.0,0.7
89.96,0.9080878648774257,0.8996,0.8977983945542164,7.0,0.7
89.96,0.9080878648774257,0.8996,0.8977983945542164,80.0,0.7
89.96,0.9080878648774257,0.8996,0.8977983945542164,40.0,0.7
89.96,0.9080878648774257,0.8996,0.8977983945542164,16.0,0.7
89.96,0.9080878648774257,0.8996,0.8977983945542164,48.0,0.7
89.96,0.9080878648774257,0.8996,0.8977983945542164,32.0,0.7
89.96,0.9080878648774257,0.8996,0.8977983945542164,56.0,0.7
89.96,0.9080878648774257,0.8996,0.8977983945542164,64.0,0.7
89.96,0.9080878648774257,0.8996,0.8977983945542164,72.0,0.7
89.96,0.9080878648774257,0.8996,0.8977983945542164,24.0,0.7
89.96,0.9080878648774257,0.8996,0.8977983945542164,8.0,0.7
89.96,0.9080878648774257,0.8996,0.8977983945542164,45.0,0.7
89.96,0.9080878648774257,0.8996,0.8977983945542164,18.0,0.7
89.96,0.9080878648774257,0.8996,0.8977983945542164,81.0,0.7
89.96,0.9080878648774257,0.8996,0.8977983945542164,27.0,0.7
89.96,0.9080878648774257,0.8996,0.8977983945542164,54.0,0.7
89.96,0.9080878648774257,0.8996,0.8977983945542164,36.0,0.7
89.96,0.9080878648774257,0.8996,0.8977983945542164,90.0,0.7
89.96,0.9080878648774257,0.8996,0.8977983945542164,63.0,0.7
89.96,0.9080878648774257,0.8996,0.8977983945542164,9.0,0.7
89.96,0.9080878648774257,0.8996,0.8977983945542164,72.0,0.7
89.96,0.9080878648774257,0.8996,0.8977983945542164,90.0,0.7
89.96,0.9080878648774257,0.8996,0.8977983945542164,50.0,0.7
89.96,0.9080878648774257,0.8996,0.8977983945542164,70.0,0.7
89.96,0.9080878648774257,0.8996,0.8977983945542164,10.0,0.7
89.96,0.9080878648774257,0.8996,0.8977983945542164,80.0,0.7
89.96,0.9080878648774257,0.8996,0.8977983945542164,20.0,0.7
89.96,0.9080878648774257,0.8996,0.8977983945542164,100.0,0.7
89.96,0.9080878648774257,0.8996,0.8977983945542164,40.0,0.7
89.96,0.9080878648774257,0.8996,0.8977983945542164,60.0,0.7
89.96,0.9080878648774257,0.8996,0.8977983945542164,30.0,0.7
78.16,0.8479566141913785,0.7816,0.7446548191423187,2.0,0.8
78.16,0.8479566141913785,0.7816,0.7446548191423187,3.0,0.8
78.16,0.8479566141913785,0.7816,0.7446548191423187,1.0,0.8
78.16,0.8479566141913785,0.7816,0.7446548191423187,9.0,0.8
78.16,0.8479566141913785,0.7816,0.7446548191423187,8.0,0.8
78.16,0.8479566141913785,0.7816,0.7446548191423187,10.0,0.8
78.16,0.8479566141913785,0.7816,0.7446548191423187,7.0,0.8
78.16,0.8479566141913785,0.7816,0.7446548191423187,6.0,0.8
78.16,0.8479566141913785,0.7816,0.7446548191423187,4.0,0.8
78.16,0.8479566141913785,0.7816,0.7446548191423187,5.0,0.8
78.16,0.8479566141913785,0.7816,0.7446548191423187,16.0,0.8
78.16,0.8479566141913785,0.7816,0.7446548191423187,18.0,0.8
78.16,0.8479566141913785,0.7816,0.7446548191423187,4.0,0.8
78.16,0.8479566141913785,0.7816,0.7446548191423187,20.0,0.8
78.16,0.8479566141913785,0.7816,0.7446548191423187,2.0,0.8
78.16,0.8479566141913785,0.7816,0.7446548191423187,10.0,0.8
78.16,0.8479566141913785,0.7816,0.7446548191423187,6.0,0.8
78.16,0.8479566141913785,0.7816,0.7446548191423187,8.0,0.8
78.16,0.8479566141913785,0.7816,0.7446548191423187,12.0,0.8
78.16,0.8479566141913785,0.7816,0.7446548191423187,14.0,0.8
78.16,0.8479566141913785,0.7816,0.7446548191423187,24.0,0.8
78.16,0.8479566141913785,0.7816,0.7446548191423187,9.0,0.8
78.16,0.8479566141913785,0.7816,0.7446548191423187,6.0,0.8
78.16,0.8479566141913785,0.7816,0.7446548191423187,18.0,0.8
78.16,0.8479566141913785,0.7816,0.7446548191423187,27.0,0.8
78.16,0.8479566141913785,0.7816,0.7446548191423187,3.0,0.8
78.16,0.8479566141913785,0.7816,0.7446548191423187,15.0,0.8
78.16,0.8479566141913785,0.7816,0.7446548191423187,12.0,0.8
78.16,0.8479566141913785,0.7816,0.7446548191423187,30.0,0.8
78.16,0.8479566141913785,0.7816,0.7446548191423187,21.0,0.8
78.16,0.8479566141913785,0.7816,0.7446548191423187,12.0,0.8
78.16,0.8479566141913785,0.7816,0.7446548191423187,36.0,0.8
78.16,0.8479566141913785,0.7816,0.7446548191423187,24.0,0.8
78.16,0.8479566141913785,0.7816,0.7446548191423187,32.0,0.8
78.16,0.8479566141913785,0.7816,0.7446548191423187,16.0,0.8
78.16,0.8479566141913785,0.7816,0.7446548191423187,20.0,0.8
78.16,0.8479566141913785,0.7816,0.7446548191423187,40.0,0.8
78.16,0.8479566141913785,0.7816,0.7446548191423187,4.0,0.8
78.16,0.8479566141913785,0.7816,0.7446548191423187,8.0,0.8
78.16,0.8479566141913785,0.7816,0.7446548191423187,28.0,0.8
78.16,0.8479566141913785,0.7816,0.7446548191423187,45.0,0.8
78.16,0.8479566141913785,0.7816,0.7446548191423187,5.0,0.8
78.16,0.8479566141913785,0.7816,0.7446548191423187,25.0,0.8
78.16,0.8479566141913785,0.7816,0.7446548191423187,10.0,0.8
78.16,0.8479566141913785,0.7816,0.7446548191423187,15.0,0.8
78.16,0.8479566141913785,0.7816,0.7446548191423187,50.0,0.8
78.16,0.8479566141913785,0.7816,0.7446548191423187,35.0,0.8
78.16,0.8479566141913785,0.7816,0.7446548191423187,20.0,0.8
78.16,0.8479566141913785,0.7816,0.7446548191423187,40.0,0.8
78.16,0.8479566141913785,0.7816,0.7446548191423187,30.0,0.8
78.16,0.8479566141913785,0.7816,0.7446548191423187,30.0,0.8
78.16,0.8479566141913785,0.7816,0.7446548191423187,54.0,0.8
78.16,0.8479566141913785,0.7816,0.7446548191423187,36.0,0.8
78.16,0.8479566141913785,0.7816,0.7446548191423187,24.0,0.8
78.16,0.8479566141913785,0.7816,0.7446548191423187,6.0,0.8
78.16,0.8479566141913785,0.7816,0.7446548191423187,18.0,0.8
78.16,0.8479566141913785,0.7816,0.7446548191423187,42.0,0.8
78.16,0.8479566141913785,0.7816,0.7446548191423187,48.0,0.8
78.16,0.8479566141913785,0.7816,0.7446548191423187,12.0,0.8
78.16,0.8479566141913785,0.7816,0.7446548191423187,60.0,0.8
78.16,0.8479566141913785,0.7816,0.7446548191423187,14.0,0.8
78.16,0.8479566141913785,0.7816,0.7446548191423187,42.0,0.8
78.16,0.8479566141913785,0.7816,0.7446548191423187,70.0,0.8
78.16,0.8479566141913785,0.7816,0.7446548191423187,35.0,0.8
78.16,0.8479566141913785,0.7816,0.7446548191423187,7.0,0.8
78.16,0.8479566141913785,0.7816,0.7446548191423187,28.0,0.8
78.16,0.8479566141913785,0.7816,0.7446548191423187,21.0,0.8
78.16,0.8479566141913785,0.7816,0.7446548191423187,63.0,0.8
78.16,0.8479566141913785,0.7816,0.7446548191423187,49.0,0.8
78.16,0.8479566141913785,0.7816,0.7446548191423187,56.0,0.8
78.16,0.8479566141913785,0.7816,0.7446548191423187,8.0,0.8
78.16,0.8479566141913785,0.7816,0.7446548191423187,72.0,0.8
78.16,0.8479566141913785,0.7816,0.7446548191423187,24.0,0.8
78.16,0.8479566141913785,0.7816,0.7446548191423187,80.0,0.8
78.16,0.8479566141913785,0.7816,0.7446548191423187,32.0,0.8
78.16,0.8479566141913785,0.7816,0.7446548191423187,64.0,0.8
78.16,0.8479566141913785,0.7816,0.7446548191423187,16.0,0.8
78.16,0.8479566141913785,0.7816,0.7446548191423187,56.0,0.8
78.16,0.8479566141913785,0.7816,0.7446548191423187,48.0,0.8
78.16,0.8479566141913785,0.7816,0.7446548191423187,40.0,0.8
78.16,0.8479566141913785,0.7816,0.7446548191423187,9.0,0.8
78.16,0.8479566141913785,0.7816,0.7446548191423187,72.0,0.8
78.16,0.8479566141913785,0.7816,0.7446548191423187,18.0,0.8
78.16,0.8479566141913785,0.7816,0.7446548191423187,27.0,0.8
78.16,0.8479566141913785,0.7816,0.7446548191423187,81.0,0.8
78.16,0.8479566141913785,0.7816,0.7446548191423187,63.0,0.8
78.16,0.8479566141913785,0.7816,0.7446548191423187,54.0,0.8
78.16,0.8479566141913785,0.7816,0.7446548191423187,36.0,0.8
78.16,0.8479566141913785,0.7816,0.7446548191423187,45.0,0.8
78.16,0.8479566141913785,0.7816,0.7446548191423187,90.0,0.8
78.16,0.8479566141913785,0.7816,0.7446548191423187,10.0,0.8
78.16,0.8479566141913785,0.7816,0.7446548191423187,60.0,0.8
78.16,0.8479566141913785,0.7816,0.7446548191423187,100.0,0.8
78.16,0.8479566141913785,0.7816,0.7446548191423187,20.0,0.8
78.16,0.8479566141913785,0.7816,0.7446548191423187,50.0,0.8
78.16,0.8479566141913785,0.7816,0.7446548191423187,80.0,0.8
78.16,0.8479566141913785,0.7816,0.7446548191423187,30.0,0.8
78.16,0.8479566141913785,0.7816,0.7446548191423187,40.0,0.8
78.16,0.8479566141913785,0.7816,0.7446548191423187,70.0,0.8
78.16,0.8479566141913785,0.7816,0.7446548191423187,90.0,0.8
80.02,0.838843658481978,0.8002,0.7850397726786085,5.0,0.9
80.02,0.838843658481978,0.8002,0.7850397726786085,4.0,0.9
80.02,0.838843658481978,0.8002,0.7850397726786085,9.0,0.9
80.02,0.838843658481978,0.8002,0.7850397726786085,2.0,0.9
80.02,0.838843658481978,0.8002,0.7850397726786085,1.0,0.9
80.02,0.838843658481978,0.8002,0.7850397726786085,6.0,0.9
80.02,0.838843658481978,0.8002,0.7850397726786085,8.0,0.9
80.02,0.838843658481978,0.8002,0.7850397726786085,3.0,0.9
80.02,0.838843658481978,0.8002,0.7850397726786085,7.0,0.9
80.02,0.838843658481978,0.8002,0.7850397726786085,10.0,0.9
80.02,0.838843658481978,0.8002,0.7850397726786085,2.0,0.9
80.02,0.838843658481978,0.8002,0.7850397726786085,14.0,0.9
80.02,0.838843658481978,0.8002,0.7850397726786085,6.0,0.9
80.02,0.838843658481978,0.8002,0.7850397726786085,20.0,0.9
80.02,0.838843658481978,0.8002,0.7850397726786085,12.0,0.9
80.02,0.838843658481978,0.8002,0.7850397726786085,8.0,0.9
80.02,0.838843658481978,0.8002,0.7850397726786085,10.0,0.9
80.02,0.838843658481978,0.8002,0.7850397726786085,16.0,0.9
80.02,0.838843658481978,0.8002,0.7850397726786085,4.0,0.9
80.02,0.838843658481978,0.8002,0.7850397726786085,18.0,0.9
80.02,0.838843658481978,0.8002,0.7850397726786085,15.0,0.9
80.02,0.838843658481978,0.8002,0.7850397726786085,24.0,0.9
80.02,0.838843658481978,0.8002,0.7850397726786085,27.0,0.9
80.02,0.838843658481978,0.8002,0.7850397726786085,6.0,0.9
80.02,0.838843658481978,0.8002,0.7850397726786085,21.0,0.9
80.02,0.838843658481978,0.8002,0.7850397726786085,3.0,0.9
80.02,0.838843658481978,0.8002,0.7850397726786085,30.0,0.9
80.02,0.838843658481978,0.8002,0.7850397726786085,12.0,0.9
80.02,0.838843658481978,0.8002,0.7850397726786085,9.0,0.9
80.02,0.838843658481978,0.8002,0.7850397726786085,18.0,0.9
80.02,0.838843658481978,0.8002,0.7850397726786085,36.0,0.9
80.02,0.838843658481978,0.8002,0.7850397726786085,4.0,0.9
80.02,0.838843658481978,0.8002,0.7850397726786085,20.0,0.9
80.02,0.838843658481978,0.8002,0.7850397726786085,12.0,0.9
80.02,0.838843658481978,0.8002,0.7850397726786085,8.0,0.9
80.02,0.838843658481978,0.8002,0.7850397726786085,24.0,0.9
80.02,0.838843658481978,0.8002,0.7850397726786085,40.0,0.9
80.02,0.838843658481978,0.8002,0.7850397726786085,28.0,0.9
80.02,0.838843658481978,0.8002,0.7850397726786085,32.0,0.9
80.02,0.838843658481978,0.8002,0.7850397726786085,16.0,0.9
80.02,0.838843658481978,0.8002,0.7850397726786085,35.0,0.9
80.02,0.838843658481978,0.8002,0.7850397726786085,45.0,0.9
80.02,0.838843658481978,0.8002,0.7850397726786085,10.0,0.9
80.02,0.838843658481978,0.8002,0.7850397726786085,25.0,0.9
80.02,0.838843658481978,0.8002,0.7850397726786085,50.0,0.9
80.02,0.838843658481978,0.8002,0.7850397726786085,40.0,0.9
80.02,0.838843658481978,0.8002,0.7850397726786085,20.0,0.9
80.02,0.838843658481978,0.8002,0.7850397726786085,5.0,0.9
80.02,0.838843658481978,0.8002,0.7850397726786085,15.0,0.9
80.02,0.838843658481978,0.8002,0.7850397726786085,30.0,0.9
80.02,0.838843658481978,0.8002,0.7850397726786085,18.0,0.9
80.02,0.838843658481978,0.8002,0.7850397726786085,48.0,0.9
80.02,0.838843658481978,0.8002,0.7850397726786085,60.0,0.9
80.02,0.838843658481978,0.8002,0.7850397726786085,54.0,0.9
80.02,0.838843658481978,0.8002,0.7850397726786085,6.0,0.9
80.02,0.838843658481978,0.8002,0.7850397726786085,42.0,0.9
80.02,0.838843658481978,0.8002,0.7850397726786085,36.0,0.9
80.02,0.838843658481978,0.8002,0.7850397726786085,30.0,0.9
80.02,0.838843658481978,0.8002,0.7850397726786085,12.0,0.9
80.02,0.838843658481978,0.8002,0.7850397726786085,24.0,0.9
80.02,0.838843658481978,0.8002,0.7850397726786085,7.0,0.9
80.02,0.838843658481978,0.8002,0.7850397726786085,28.0,0.9
80.02,0.838843658481978,0.8002,0.7850397726786085,56.0,0.9
80.02,0.838843658481978,0.8002,0.7850397726786085,21.0,0.9
80.02,0.838843658481978,0.8002,0.7850397726786085,70.0,0.9
80.02,0.838843658481978,0.8002,0.7850397726786085,63.0,0.9
80.02,0.838843658481978,0.8002,0.7850397726786085,42.0,0.9
80.02,0.838843658481978,0.8002,0.7850397726786085,49.0,0.9
80.02,0.838843658481978,0.8002,0.7850397726786085,14.0,0.9
80.02,0.838843658481978,0.8002,0.7850397726786085,35.0,0.9
80.02,0.838843658481978,0.8002,0.7850397726786085,8.0,0.9
80.02,0.838843658481978,0.8002,0.7850397726786085,48.0,0.9
80.02,0.838843658481978,0.8002,0.7850397726786085,64.0,0.9
80.02,0.838843658481978,0.8002,0.7850397726786085,16.0,0.9
80.02,0.838843658481978,0.8002,0.7850397726786085,24.0,0.9
80.02,0.838843658481978,0.8002,0.7850397726786085,40.0,0.9
80.02,0.838843658481978,0.8002,0.7850397726786085,32.0,0.9
80.02,0.838843658481978,0.8002,0.7850397726786085,72.0,0.9
80.02,0.838843658481978,0.8002,0.7850397726786085,56.0,0.9
80.02,0.838843658481978,0.8002,0.7850397726786085,80.0,0.9
80.02,0.838843658481978,0.8002,0.7850397726786085,36.0,0.9
80.02,0.838843658481978,0.8002,0.7850397726786085,9.0,0.9
80.02,0.838843658481978,0.8002,0.7850397726786085,81.0,0.9
80.02,0.838843658481978,0.8002,0.7850397726786085,90.0,0.9
80.02,0.838843658481978,0.8002,0.7850397726786085,63.0,0.9
80.02,0.838843658481978,0.8002,0.7850397726786085,54.0,0.9
80.02,0.838843658481978,0.8002,0.7850397726786085,72.0,0.9
80.02,0.838843658481978,0.8002,0.7850397726786085,18.0,0.9
80.02,0.838843658481978,0.8002,0.7850397726786085,45.0,0.9
80.02,0.838843658481978,0.8002,0.7850397726786085,27.0,0.9
80.02,0.838843658481978,0.8002,0.7850397726786085,90.0,0.9
80.02,0.838843658481978,0.8002,0.7850397726786085,80.0,0.9
80.02,0.838843658481978,0.8002,0.7850397726786085,10.0,0.9
80.02,0.838843658481978,0.8002,0.7850397726786085,30.0,0.9
80.02,0.838843658481978,0.8002,0.7850397726786085,60.0,0.9
80.02,0.838843658481978,0.8002,0.7850397726786085,20.0,0.9
80.02,0.838843658481978,0.8002,0.7850397726786085,50.0,0.9
80.02,0.838843658481978,0.8002,0.7850397726786085,70.0,0.9
80.02,0.838843658481978,0.8002,0.7850397726786085,40.0,0.9
80.02,0.838843658481978,0.8002,0.7850397726786085,100.0,0.9
