iteration,step_size,model_name,accuracy,batch_size
3,2,resnet18.pt,0.593167701863354,16
5,2,resnet18.pt,0.6079192546583851,16
6,2,resnet18.pt,0.5807453416149069,16
9,2,resnet18.pt,0.6040372670807453,16
10,2,resnet18.pt,0.6017080745341615,16
7,2,resnet18.pt,0.6017080745341615,16
1,2,resnet18.pt,0.6017080745341615,16
2,2,resnet18.pt,0.5900621118012422,16
8,2,resnet18.pt,0.59472049689441,16
4,2,resnet18.pt,0.5978260869565217,16
1,3,resnet18.pt,0.59472049689441,16
8,3,resnet18.pt,0.5970496894409938,16
10,3,resnet18.pt,0.6125776397515528,16
3,3,resnet18.pt,0.6055900621118012,16
7,3,resnet18.pt,0.6055900621118012,16
5,3,resnet18.pt,0.6032608695652174,16
9,3,resnet18.pt,0.6149068322981367,16
6,3,resnet18.pt,0.6079192546583851,16
2,3,resnet18.pt,0.6017080745341615,16
4,3,resnet18.pt,0.6187888198757764,16
8,4,resnet18.pt,0.5822981366459627,16
7,4,resnet18.pt,0.5799689440993789,16
10,4,resnet18.pt,0.6017080745341615,16
1,4,resnet18.pt,0.6125776397515528,16
6,4,resnet18.pt,0.6141304347826086,16
3,4,resnet18.pt,0.6242236024844721,16
9,4,resnet18.pt,0.5760869565217391,16
2,4,resnet18.pt,0.5807453416149069,16
5,4,resnet18.pt,0.5722049689440993,16
4,4,resnet18.pt,0.5908385093167702,16
10,5,resnet18.pt,0.5916149068322981,16
1,5,resnet18.pt,0.5892857142857143,16
7,5,resnet18.pt,0.6063664596273292,16
6,5,resnet18.pt,0.593944099378882,16
8,5,resnet18.pt,0.6009316770186336,16
3,5,resnet18.pt,0.6312111801242236,16
2,5,resnet18.pt,0.5807453416149069,16
5,5,resnet18.pt,0.6055900621118012,16
9,5,resnet18.pt,0.5745341614906833,16
4,5,resnet18.pt,0.5962732919254659,16
7,6,resnet18.pt,0.6234472049689441,16
10,6,resnet18.pt,0.6327639751552795,16
1,6,resnet18.pt,0.5838509316770186,16
6,6,resnet18.pt,0.6032608695652174,16
8,6,resnet18.pt,0.5854037267080745,16
2,6,resnet18.pt,0.6086956521739131,16
5,6,resnet18.pt,0.5869565217391305,16
3,6,resnet18.pt,0.6055900621118012,16
9,6,resnet18.pt,0.6001552795031055,16
4,6,resnet18.pt,0.6187888198757764,16
8,7,resnet18.pt,0.6048136645962733,16
7,7,resnet18.pt,0.6288819875776398,16
10,7,resnet18.pt,0.592391304347826,16
1,7,resnet18.pt,0.6257763975155279,16
6,7,resnet18.pt,0.640527950310559,16
5,7,resnet18.pt,0.5683229813664596,16
2,7,resnet18.pt,0.6350931677018633,16
3,7,resnet18.pt,0.5962732919254659,16
9,7,resnet18.pt,0.5768633540372671,16
4,7,resnet18.pt,0.6032608695652174,16
8,8,resnet18.pt,0.6413043478260869,16
7,8,resnet18.pt,0.5916149068322981,16
10,8,resnet18.pt,0.5986024844720497,16
1,8,resnet18.pt,0.5900621118012422,16
3,8,resnet18.pt,0.6304347826086957,16
2,8,resnet18.pt,0.5978260869565217,16
5,8,resnet18.pt,0.6110248447204969,16
6,8,resnet18.pt,0.6149068322981367,16
9,8,resnet18.pt,0.5900621118012422,16
4,8,resnet18.pt,0.6172360248447205,16
8,9,resnet18.pt,0.5877329192546584,16
7,9,resnet18.pt,0.6226708074534162,16
10,9,resnet18.pt,0.5861801242236024,16
1,9,resnet18.pt,0.6203416149068323,16
2,9,resnet18.pt,0.5659937888198758,16
3,9,resnet18.pt,0.5636645962732919,16
9,9,resnet18.pt,0.5799689440993789,16
6,9,resnet18.pt,0.6203416149068323,16
5,9,resnet18.pt,0.5970496894409938,16
4,9,resnet18.pt,0.6164596273291926,16
7,10,resnet18.pt,0.6001552795031055,16
8,10,resnet18.pt,0.6071428571428571,16
10,10,resnet18.pt,0.6343167701863354,16
1,10,resnet18.pt,0.5900621118012422,16
3,10,resnet18.pt,0.5605590062111802,16
2,10,resnet18.pt,0.6009316770186336,16
9,10,resnet18.pt,0.610248447204969,16
6,10,resnet18.pt,0.6226708074534162,16
5,10,resnet18.pt,0.5791925465838509,16
4,10,resnet18.pt,0.5559006211180124,16
8,2,resnet18.pt,0.6055900621118012,32
10,2,resnet18.pt,0.6273291925465838,32
3,2,resnet18.pt,0.6195652173913043,32
7,2,resnet18.pt,0.6032608695652174,32
1,2,resnet18.pt,0.6040372670807453,32
9,2,resnet18.pt,0.6079192546583851,32
5,2,resnet18.pt,0.6226708074534162,32
2,2,resnet18.pt,0.6180124223602484,32
6,2,resnet18.pt,0.5986024844720497,32
4,2,resnet18.pt,0.6296583850931677,32
10,3,resnet18.pt,0.6211180124223602,32
7,3,resnet18.pt,0.6242236024844721,32
1,3,resnet18.pt,0.6164596273291926,32
8,3,resnet18.pt,0.6374223602484472,32
9,3,resnet18.pt,0.5954968944099379,32
3,3,resnet18.pt,0.6125776397515528,32
5,3,resnet18.pt,0.6350931677018633,32
6,3,resnet18.pt,0.6195652173913043,32
2,3,resnet18.pt,0.6281055900621118,32
4,3,resnet18.pt,0.6211180124223602,32
7,4,resnet18.pt,0.6273291925465838,32
8,4,resnet18.pt,0.6156832298136646,32
1,4,resnet18.pt,0.6273291925465838,32
9,4,resnet18.pt,0.6273291925465838,32
10,4,resnet18.pt,0.6281055900621118,32
3,4,resnet18.pt,0.6265527950310559,32
6,4,resnet18.pt,0.6312111801242236,32
2,4,resnet18.pt,0.6079192546583851,32
5,4,resnet18.pt,0.6304347826086957,32
4,4,resnet18.pt,0.6110248447204969,32
8,5,resnet18.pt,0.6017080745341615,32
7,5,resnet18.pt,0.6195652173913043,32
1,5,resnet18.pt,0.6506211180124224,32
3,5,resnet18.pt,0.6133540372670807,32
6,5,resnet18.pt,0.6218944099378882,32
10,5,resnet18.pt,0.610248447204969,32
9,5,resnet18.pt,0.6234472049689441,32
5,5,resnet18.pt,0.6055900621118012,32
2,5,resnet18.pt,0.6381987577639752,32
4,5,resnet18.pt,0.6444099378881988,32
8,6,resnet18.pt,0.657608695652174,32
1,6,resnet18.pt,0.6273291925465838,32
3,6,resnet18.pt,0.6420807453416149,32
7,6,resnet18.pt,0.6125776397515528,32
6,6,resnet18.pt,0.6327639751552795,32
9,6,resnet18.pt,0.6288819875776398,32
5,6,resnet18.pt,0.6032608695652174,32
2,6,resnet18.pt,0.5885093167701864,32
10,6,resnet18.pt,0.6350931677018633,32
4,6,resnet18.pt,0.6040372670807453,32
7,7,resnet18.pt,0.6335403726708074,32
8,7,resnet18.pt,0.593167701863354,32
1,7,resnet18.pt,0.6304347826086957,32
3,7,resnet18.pt,0.6583850931677019,32
6,7,resnet18.pt,0.6218944099378882,32
9,7,resnet18.pt,0.6444099378881988,32
5,7,resnet18.pt,0.6079192546583851,32
10,7,resnet18.pt,0.6118012422360248,32
2,7,resnet18.pt,0.6032608695652174,32
4,7,resnet18.pt,0.6288819875776398,32
7,8,resnet18.pt,0.6001552795031055,32
3,8,resnet18.pt,0.6482919254658385,32
1,8,resnet18.pt,0.6444099378881988,32
6,8,resnet18.pt,0.656832298136646,32
8,8,resnet18.pt,0.6296583850931677,32
5,8,resnet18.pt,0.6304347826086957,32
10,8,resnet18.pt,0.6055900621118012,32
9,8,resnet18.pt,0.5869565217391305,32
2,8,resnet18.pt,0.6195652173913043,32
4,8,resnet18.pt,0.6273291925465838,32
1,9,resnet18.pt,0.5807453416149069,32
7,9,resnet18.pt,0.6133540372670807,32
8,9,resnet18.pt,0.6017080745341615,32
6,9,resnet18.pt,0.6521739130434783,32
3,9,resnet18.pt,0.6211180124223602,32
10,9,resnet18.pt,0.6475155279503105,32
5,9,resnet18.pt,0.6677018633540373,32
9,9,resnet18.pt,0.639751552795031,32
2,9,resnet18.pt,0.6149068322981367,32
4,9,resnet18.pt,0.6149068322981367,32
7,10,resnet18.pt,0.6024844720496895,32
1,10,resnet18.pt,0.6513975155279503,32
3,10,resnet18.pt,0.6319875776397516,32
8,10,resnet18.pt,0.6319875776397516,32
10,10,resnet18.pt,0.671583850931677,32
6,10,resnet18.pt,0.6296583850931677,32
9,10,resnet18.pt,0.6048136645962733,32
5,10,resnet18.pt,0.672360248447205,32
2,10,resnet18.pt,0.6017080745341615,32
4,10,resnet18.pt,0.6110248447204969,32
7,2,resnet18.pt,0.6288819875776398,64
8,2,resnet18.pt,0.6312111801242236,64
6,2,resnet18.pt,0.6381987577639752,64
1,2,resnet18.pt,0.610248447204969,64
2,2,resnet18.pt,0.6327639751552795,64
10,2,resnet18.pt,0.6327639751552795,64
3,2,resnet18.pt,0.6281055900621118,64
5,2,resnet18.pt,0.6451863354037267,64
4,2,resnet18.pt,0.6366459627329193,64
9,2,resnet18.pt,0.6335403726708074,64
8,3,resnet18.pt,0.6428571428571429,64
7,3,resnet18.pt,0.6513975155279503,64
6,3,resnet18.pt,0.6304347826086957,64
2,3,resnet18.pt,0.65527950310559,64
10,3,resnet18.pt,0.6304347826086957,64
1,3,resnet18.pt,0.6288819875776398,64
5,3,resnet18.pt,0.6335403726708074,64
3,3,resnet18.pt,0.6242236024844721,64
4,3,resnet18.pt,0.6312111801242236,64
9,3,resnet18.pt,0.6110248447204969,64
8,4,resnet18.pt,0.6312111801242236,64
2,4,resnet18.pt,0.6281055900621118,64
6,4,resnet18.pt,0.6133540372670807,64
7,4,resnet18.pt,0.6374223602484472,64
1,4,resnet18.pt,0.6436335403726708,64
3,4,resnet18.pt,0.6420807453416149,64
10,4,resnet18.pt,0.6366459627329193,64
5,4,resnet18.pt,0.6319875776397516,64
4,4,resnet18.pt,0.6467391304347826,64
9,4,resnet18.pt,0.6226708074534162,64
10,5,resnet18.pt,0.6381987577639752,64
3,5,resnet18.pt,0.625,64
1,5,resnet18.pt,0.6420807453416149,64
5,5,resnet18.pt,0.6265527950310559,64
9,5,resnet18.pt,0.6350931677018633,64
7,5,resnet18.pt,0.6451863354037267,64
2,5,resnet18.pt,0.6413043478260869,64
8,5,resnet18.pt,0.6343167701863354,64
6,5,resnet18.pt,0.6490683229813664,64
4,5,resnet18.pt,0.6350931677018633,64
10,6,resnet18.pt,0.6319875776397516,64
3,6,resnet18.pt,0.6288819875776398,64
1,6,resnet18.pt,0.6327639751552795,64
5,6,resnet18.pt,0.6335403726708074,64
9,6,resnet18.pt,0.6350931677018633,64
7,6,resnet18.pt,0.6350931677018633,64
8,6,resnet18.pt,0.6436335403726708,64
2,6,resnet18.pt,0.6195652173913043,64
6,6,resnet18.pt,0.6475155279503105,64
4,6,resnet18.pt,0.6475155279503105,64
3,7,resnet18.pt,0.6708074534161491,64
1,7,resnet18.pt,0.6467391304347826,64
10,7,resnet18.pt,0.6172360248447205,64
5,7,resnet18.pt,0.6187888198757764,64
2,7,resnet18.pt,0.6381987577639752,64
7,7,resnet18.pt,0.6506211180124224,64
9,7,resnet18.pt,0.6009316770186336,64
8,7,resnet18.pt,0.6459627329192547,64
6,7,resnet18.pt,0.6444099378881988,64
4,7,resnet18.pt,0.6475155279503105,64
10,8,resnet18.pt,0.6226708074534162,64
5,8,resnet18.pt,0.6350931677018633,64
3,8,resnet18.pt,0.6234472049689441,64
1,8,resnet18.pt,0.6645962732919255,64
9,8,resnet18.pt,0.6436335403726708,64
2,8,resnet18.pt,0.6350931677018633,64
7,8,resnet18.pt,0.6358695652173914,64
8,8,resnet18.pt,0.6467391304347826,64
6,8,resnet18.pt,0.6265527950310559,64
4,8,resnet18.pt,0.6366459627329193,64
10,9,resnet18.pt,0.6428571428571429,64
5,9,resnet18.pt,0.6265527950310559,64
7,9,resnet18.pt,0.6001552795031055,64
2,9,resnet18.pt,0.6599378881987578,64
1,9,resnet18.pt,0.6482919254658385,64
3,9,resnet18.pt,0.6234472049689441,64
9,9,resnet18.pt,0.6125776397515528,64
8,9,resnet18.pt,0.6296583850931677,64
6,9,resnet18.pt,0.6319875776397516,64
4,9,resnet18.pt,0.6506211180124224,64
5,10,resnet18.pt,0.6436335403726708,64
10,10,resnet18.pt,0.6513975155279503,64
3,10,resnet18.pt,0.6591614906832298,64
7,10,resnet18.pt,0.6521739130434783,64
1,10,resnet18.pt,0.6420807453416149,64
9,10,resnet18.pt,0.6444099378881988,64
2,10,resnet18.pt,0.657608695652174,64
8,10,resnet18.pt,0.639751552795031,64
6,10,resnet18.pt,0.6498447204968945,64
4,10,resnet18.pt,0.6281055900621118,64
10,2,resnet18.pt,0.639751552795031,128
3,2,resnet18.pt,0.639751552795031,128
9,2,resnet18.pt,0.6490683229813664,128
5,2,resnet18.pt,0.6413043478260869,128
7,2,resnet18.pt,0.6343167701863354,128
1,2,resnet18.pt,0.6428571428571429,128
2,2,resnet18.pt,0.640527950310559,128
8,2,resnet18.pt,0.6413043478260869,128
6,2,resnet18.pt,0.6281055900621118,128
4,2,resnet18.pt,0.6389751552795031,128
10,3,resnet18.pt,0.6451863354037267,128
5,3,resnet18.pt,0.6436335403726708,128
3,3,resnet18.pt,0.6428571428571429,128
7,3,resnet18.pt,0.6381987577639752,128
9,3,resnet18.pt,0.6420807453416149,128
1,3,resnet18.pt,0.6482919254658385,128
2,3,resnet18.pt,0.6374223602484472,128
8,3,resnet18.pt,0.6389751552795031,128
6,3,resnet18.pt,0.6374223602484472,128
4,3,resnet18.pt,0.6358695652173914,128
5,4,resnet18.pt,0.6389751552795031,128
7,4,resnet18.pt,0.6490683229813664,128
10,4,resnet18.pt,0.6521739130434783,128
1,4,resnet18.pt,0.65527950310559,128
3,4,resnet18.pt,0.6482919254658385,128
9,4,resnet18.pt,0.6420807453416149,128
2,4,resnet18.pt,0.6350931677018633,128
8,4,resnet18.pt,0.6319875776397516,128
6,4,resnet18.pt,0.6444099378881988,128
4,4,resnet18.pt,0.6374223602484472,128
7,5,resnet18.pt,0.6172360248447205,128
1,5,resnet18.pt,0.6614906832298136,128
10,5,resnet18.pt,0.6413043478260869,128
2,5,resnet18.pt,0.6467391304347826,128
3,5,resnet18.pt,0.6583850931677019,128
5,5,resnet18.pt,0.6529503105590062,128
9,5,resnet18.pt,0.6444099378881988,128
8,5,resnet18.pt,0.656832298136646,128
6,5,resnet18.pt,0.6327639751552795,128
4,5,resnet18.pt,0.6374223602484472,128
10,6,resnet18.pt,0.6281055900621118,128
1,6,resnet18.pt,0.6529503105590062,128
7,6,resnet18.pt,0.6335403726708074,128
3,6,resnet18.pt,0.656832298136646,128
5,6,resnet18.pt,0.6614906832298136,128
9,6,resnet18.pt,0.6583850931677019,128
8,6,resnet18.pt,0.6529503105590062,128
2,6,resnet18.pt,0.6490683229813664,128
6,6,resnet18.pt,0.6444099378881988,128
4,6,resnet18.pt,0.6498447204968945,128
1,7,resnet18.pt,0.6545031055900621,128
10,7,resnet18.pt,0.6273291925465838,128
7,7,resnet18.pt,0.6265527950310559,128
5,7,resnet18.pt,0.6296583850931677,128
3,7,resnet18.pt,0.6537267080745341,128
9,7,resnet18.pt,0.6599378881987578,128
2,7,resnet18.pt,0.639751552795031,128
8,7,resnet18.pt,0.6506211180124224,128
6,7,resnet18.pt,0.6630434782608695,128
4,7,resnet18.pt,0.640527950310559,128
7,8,resnet18.pt,0.6521739130434783,128
1,8,resnet18.pt,0.657608695652174,128
10,8,resnet18.pt,0.6490683229813664,128
2,8,resnet18.pt,0.6521739130434783,128
3,8,resnet18.pt,0.6335403726708074,128
8,8,resnet18.pt,0.6583850931677019,128
5,8,resnet18.pt,0.6645962732919255,128
9,8,resnet18.pt,0.6187888198757764,128
6,8,resnet18.pt,0.6545031055900621,128
4,8,resnet18.pt,0.6521739130434783,128
1,9,resnet18.pt,0.656832298136646,128
7,9,resnet18.pt,0.6684782608695652,128
6,9,resnet18.pt,0.6498447204968945,128
8,9,resnet18.pt,0.656055900621118,128
10,9,resnet18.pt,0.6459627329192547,128
2,9,resnet18.pt,0.6513975155279503,128
5,9,resnet18.pt,0.6607142857142857,128
3,9,resnet18.pt,0.6343167701863354,128
9,9,resnet18.pt,0.6490683229813664,128
4,9,resnet18.pt,0.6607142857142857,128
5,10,resnet18.pt,0.6506211180124224,128
8,10,resnet18.pt,0.6296583850931677,128
7,10,resnet18.pt,0.6653726708074534,128
2,10,resnet18.pt,0.6226708074534162,128
1,10,resnet18.pt,0.656832298136646,128
10,10,resnet18.pt,0.6475155279503105,128
6,10,resnet18.pt,0.656832298136646,128
4,10,resnet18.pt,0.6537267080745341,128
3,10,resnet18.pt,0.6653726708074534,128
9,10,resnet18.pt,0.6467391304347826,128
7,2,resnet18.pt,0.6389751552795031,256
10,2,resnet18.pt,0.6482919254658385,256
1,2,resnet18.pt,0.6350931677018633,256
5,2,resnet18.pt,0.6444099378881988,256
2,2,resnet18.pt,0.6304347826086957,256
8,2,resnet18.pt,0.6381987577639752,256
6,2,resnet18.pt,0.6436335403726708,256
4,2,resnet18.pt,0.6420807453416149,256
3,2,resnet18.pt,0.6490683229813664,256
9,2,resnet18.pt,0.6374223602484472,256
7,3,resnet18.pt,0.6327639751552795,256
10,3,resnet18.pt,0.639751552795031,256
2,3,resnet18.pt,0.6350931677018633,256
1,3,resnet18.pt,0.6389751552795031,256
5,3,resnet18.pt,0.6312111801242236,256
6,3,resnet18.pt,0.6490683229813664,256
3,3,resnet18.pt,0.6444099378881988,256
4,3,resnet18.pt,0.6381987577639752,256
8,3,resnet18.pt,0.6498447204968945,256
9,3,resnet18.pt,0.6482919254658385,256
2,4,resnet18.pt,0.6545031055900621,256
7,4,resnet18.pt,0.65527950310559,256
5,4,resnet18.pt,0.6374223602484472,256
3,4,resnet18.pt,0.6475155279503105,256
6,4,resnet18.pt,0.6428571428571429,256
10,4,resnet18.pt,0.6420807453416149,256
4,4,resnet18.pt,0.6436335403726708,256
8,4,resnet18.pt,0.6413043478260869,256
1,4,resnet18.pt,0.6521739130434783,256
9,4,resnet18.pt,0.6545031055900621,256
3,5,resnet18.pt,0.6529503105590062,256
2,5,resnet18.pt,0.6467391304347826,256
5,5,resnet18.pt,0.6467391304347826,256
10,5,resnet18.pt,0.6374223602484472,256
7,5,resnet18.pt,0.6444099378881988,256
4,5,resnet18.pt,0.6482919254658385,256
6,5,resnet18.pt,0.6459627329192547,256
9,5,resnet18.pt,0.6498447204968945,256
1,5,resnet18.pt,0.6374223602484472,256
8,5,resnet18.pt,0.6537267080745341,256
5,6,resnet18.pt,0.640527950310559,256
7,6,resnet18.pt,0.6506211180124224,256
3,6,resnet18.pt,0.6436335403726708,256
2,6,resnet18.pt,0.6475155279503105,256
6,6,resnet18.pt,0.6288819875776398,256
10,6,resnet18.pt,0.6381987577639752,256
4,6,resnet18.pt,0.6506211180124224,256
8,6,resnet18.pt,0.6521739130434783,256
9,6,resnet18.pt,0.6436335403726708,256
1,6,resnet18.pt,0.6513975155279503,256
5,7,resnet18.pt,0.6529503105590062,256
2,7,resnet18.pt,0.6296583850931677,256
3,7,resnet18.pt,0.6482919254658385,256
10,7,resnet18.pt,0.6645962732919255,256
4,7,resnet18.pt,0.6366459627329193,256
7,7,resnet18.pt,0.6521739130434783,256
6,7,resnet18.pt,0.6444099378881988,256
8,7,resnet18.pt,0.656832298136646,256
9,7,resnet18.pt,0.6482919254658385,256
1,7,resnet18.pt,0.656832298136646,256
3,8,resnet18.pt,0.6420807453416149,256
4,8,resnet18.pt,0.6420807453416149,256
5,8,resnet18.pt,0.6498447204968945,256
2,8,resnet18.pt,0.6622670807453416,256
10,8,resnet18.pt,0.6521739130434783,256
7,8,resnet18.pt,0.6591614906832298,256
9,8,resnet18.pt,0.6420807453416149,256
6,8,resnet18.pt,0.6327639751552795,256
8,8,resnet18.pt,0.6545031055900621,256
1,8,resnet18.pt,0.6545031055900621,256
5,9,resnet18.pt,0.6513975155279503,256
4,9,resnet18.pt,0.6529503105590062,256
2,9,resnet18.pt,0.6506211180124224,256
10,9,resnet18.pt,0.639751552795031,256
3,9,resnet18.pt,0.6335403726708074,256
8,9,resnet18.pt,0.6482919254658385,256
9,9,resnet18.pt,0.65527950310559,256
7,9,resnet18.pt,0.6467391304347826,256
1,9,resnet18.pt,0.6490683229813664,256
6,9,resnet18.pt,0.6607142857142857,256
4,10,resnet18.pt,0.6653726708074534,256
5,10,resnet18.pt,0.639751552795031,256
10,10,resnet18.pt,0.656832298136646,256
2,10,resnet18.pt,0.6444099378881988,256
3,10,resnet18.pt,0.6645962732919255,256
7,10,resnet18.pt,0.6451863354037267,256
8,10,resnet18.pt,0.6420807453416149,256
6,10,resnet18.pt,0.6381987577639752,256
1,10,resnet18.pt,0.6335403726708074,256
9,10,resnet18.pt,0.6498447204968945,256
2,2,resnet18.pt,0.5954968944099379,16
16,2,resnet18.pt,0.610248447204969,16
6,2,resnet18.pt,0.5970496894409938,16
8,2,resnet18.pt,0.5916149068322981,16
10,2,resnet18.pt,0.593167701863354,16
14,2,resnet18.pt,0.5993788819875776,16
4,2,resnet18.pt,0.5760869565217391,16
12,2,resnet18.pt,0.6024844720496895,16
20,2,resnet18.pt,0.5768633540372671,16
18,2,resnet18.pt,0.5869565217391305,16
16,3,resnet18.pt,0.6164596273291926,16
2,3,resnet18.pt,0.5854037267080745,16
10,3,resnet18.pt,0.6017080745341615,16
6,3,resnet18.pt,0.5978260869565217,16
20,3,resnet18.pt,0.5970496894409938,16
8,3,resnet18.pt,0.6110248447204969,16
14,3,resnet18.pt,0.6071428571428571,16
4,3,resnet18.pt,0.6125776397515528,16
12,3,resnet18.pt,0.5745341614906833,16
18,3,resnet18.pt,0.6211180124223602,16
16,4,resnet18.pt,0.6017080745341615,16
10,4,resnet18.pt,0.6125776397515528,16
2,4,resnet18.pt,0.5978260869565217,16
20,4,resnet18.pt,0.5993788819875776,16
6,4,resnet18.pt,0.562888198757764,16
8,4,resnet18.pt,0.6296583850931677,16
14,4,resnet18.pt,0.5411490683229814,16
18,4,resnet18.pt,0.6304347826086957,16
12,4,resnet18.pt,0.6009316770186336,16
4,4,resnet18.pt,0.6040372670807453,16
10,5,resnet18.pt,0.5807453416149069,16
20,5,resnet18.pt,0.5986024844720497,16
2,5,resnet18.pt,0.5892857142857143,16
16,5,resnet18.pt,0.5753105590062112,16
8,5,resnet18.pt,0.6001552795031055,16
6,5,resnet18.pt,0.6063664596273292,16
14,5,resnet18.pt,0.5916149068322981,16
18,5,resnet18.pt,0.5970496894409938,16
12,5,resnet18.pt,0.5877329192546584,16
4,5,resnet18.pt,0.593944099378882,16
10,6,resnet18.pt,0.5675465838509317,16
20,6,resnet18.pt,0.5869565217391305,16
16,6,resnet18.pt,0.5978260869565217,16
8,6,resnet18.pt,0.6079192546583851,16
6,6,resnet18.pt,0.5993788819875776,16
2,6,resnet18.pt,0.6125776397515528,16
18,6,resnet18.pt,0.5753105590062112,16
14,6,resnet18.pt,0.5986024844720497,16
12,6,resnet18.pt,0.5854037267080745,16
4,6,resnet18.pt,0.6156832298136646,16
10,7,resnet18.pt,0.5869565217391305,16
20,7,resnet18.pt,0.578416149068323,16
16,7,resnet18.pt,0.5722049689440993,16
8,7,resnet18.pt,0.6187888198757764,16
6,7,resnet18.pt,0.640527950310559,16
2,7,resnet18.pt,0.5869565217391305,16
18,7,resnet18.pt,0.5900621118012422,16
14,7,resnet18.pt,0.562888198757764,16
12,7,resnet18.pt,0.6226708074534162,16
4,7,resnet18.pt,0.5706521739130435,16
20,8,resnet18.pt,0.5768633540372671,16
10,8,resnet18.pt,0.5861801242236024,16
16,8,resnet18.pt,0.6172360248447205,16
8,8,resnet18.pt,0.5993788819875776,16
6,8,resnet18.pt,0.5760869565217391,16
18,8,resnet18.pt,0.6187888198757764,16
2,8,resnet18.pt,0.6009316770186336,16
14,8,resnet18.pt,0.6024844720496895,16
4,8,resnet18.pt,0.5722049689440993,16
12,8,resnet18.pt,0.6234472049689441,16
20,9,resnet18.pt,0.6133540372670807,16
16,9,resnet18.pt,0.6001552795031055,16
8,9,resnet18.pt,0.6009316770186336,16
6,9,resnet18.pt,0.6040372670807453,16
10,9,resnet18.pt,0.6288819875776398,16
18,9,resnet18.pt,0.5349378881987578,16
2,9,resnet18.pt,0.5582298136645962,16
4,9,resnet18.pt,0.5885093167701864,16
14,9,resnet18.pt,0.5667701863354038,16
12,9,resnet18.pt,0.5822981366459627,16
20,10,resnet18.pt,0.6164596273291926,16
10,10,resnet18.pt,0.6040372670807453,16
8,10,resnet18.pt,0.5597826086956522,16
6,10,resnet18.pt,0.6125776397515528,16
16,10,resnet18.pt,0.5729813664596274,16
2,10,resnet18.pt,0.5768633540372671,16
18,10,resnet18.pt,0.5970496894409938,16
4,10,resnet18.pt,0.6374223602484472,16
14,10,resnet18.pt,0.5854037267080745,16
20,2,resnet18.pt,0.625,32
6,2,resnet18.pt,0.6288819875776398,32
10,2,resnet18.pt,0.6180124223602484,32
8,2,resnet18.pt,0.609472049689441,32
2,2,resnet18.pt,0.6079192546583851,32
16,2,resnet18.pt,0.6265527950310559,32
18,2,resnet18.pt,0.6180124223602484,32
12,10,resnet18.pt,0.5551242236024845,16
14,2,resnet18.pt,0.6055900621118012,32
4,2,resnet18.pt,0.6172360248447205,32
12,2,resnet18.pt,0.5970496894409938,32
6,3,resnet18.pt,0.6118012422360248,32
20,3,resnet18.pt,0.609472049689441,32
10,3,resnet18.pt,0.6319875776397516,32
2,3,resnet18.pt,0.6257763975155279,32
8,3,resnet18.pt,0.609472049689441,32
16,3,resnet18.pt,0.6118012422360248,32
18,3,resnet18.pt,0.6133540372670807,32
4,3,resnet18.pt,0.5993788819875776,32
14,3,resnet18.pt,0.6304347826086957,32
12,3,resnet18.pt,0.6288819875776398,32
6,4,resnet18.pt,0.6017080745341615,32
20,4,resnet18.pt,0.6327639751552795,32
8,4,resnet18.pt,0.6343167701863354,32
2,4,resnet18.pt,0.6164596273291926,32
16,4,resnet18.pt,0.625,32
10,4,resnet18.pt,0.609472049689441,32
18,4,resnet18.pt,0.640527950310559,32
14,4,resnet18.pt,0.6343167701863354,32
4,4,resnet18.pt,0.6234472049689441,32
12,4,resnet18.pt,0.6327639751552795,32
6,5,resnet18.pt,0.6545031055900621,32
8,5,resnet18.pt,0.593167701863354,32
20,5,resnet18.pt,0.5916149068322981,32
2,5,resnet18.pt,0.5962732919254659,32
16,5,resnet18.pt,0.5978260869565217,32
10,5,resnet18.pt,0.6242236024844721,32
18,5,resnet18.pt,0.6118012422360248,32
14,5,resnet18.pt,0.6413043478260869,32
12,5,resnet18.pt,0.6187888198757764,32
4,5,resnet18.pt,0.6141304347826086,32
8,6,resnet18.pt,0.6374223602484472,32
10,6,resnet18.pt,0.6187888198757764,32
6,6,resnet18.pt,0.6172360248447205,32
20,6,resnet18.pt,0.625,32
2,6,resnet18.pt,0.6319875776397516,32
16,6,resnet18.pt,0.6482919254658385,32
18,6,resnet18.pt,0.6296583850931677,32
4,6,resnet18.pt,0.6156832298136646,32
12,6,resnet18.pt,0.6242236024844721,32
14,6,resnet18.pt,0.6545031055900621,32
20,7,resnet18.pt,0.6149068322981367,32
10,7,resnet18.pt,0.6537267080745341,32
8,7,resnet18.pt,0.6133540372670807,32
6,7,resnet18.pt,0.6444099378881988,32
2,7,resnet18.pt,0.610248447204969,32
16,7,resnet18.pt,0.6257763975155279,32
18,7,resnet18.pt,0.6149068322981367,32
14,7,resnet18.pt,0.6444099378881988,32
4,7,resnet18.pt,0.5892857142857143,32
12,7,resnet18.pt,0.6149068322981367,32
20,8,resnet18.pt,0.6513975155279503,32
8,8,resnet18.pt,0.6265527950310559,32
10,8,resnet18.pt,0.6063664596273292,32
6,8,resnet18.pt,0.6273291925465838,32
16,8,resnet18.pt,0.6545031055900621,32
2,8,resnet18.pt,0.6374223602484472,32
18,8,resnet18.pt,0.6506211180124224,32
12,8,resnet18.pt,0.6048136645962733,32
14,8,resnet18.pt,0.6156832298136646,32
4,8,resnet18.pt,0.6273291925465838,32
20,9,resnet18.pt,0.6133540372670807,32
8,9,resnet18.pt,0.6125776397515528,32
10,9,resnet18.pt,0.6444099378881988,32
16,9,resnet18.pt,0.6467391304347826,32
6,9,resnet18.pt,0.6358695652173914,32
2,9,resnet18.pt,0.5916149068322981,32
18,9,resnet18.pt,0.610248447204969,32
12,9,resnet18.pt,0.6304347826086957,32
14,9,resnet18.pt,0.6490683229813664,32
4,9,resnet18.pt,0.6366459627329193,32
6,10,resnet18.pt,0.6475155279503105,32
16,10,resnet18.pt,0.6583850931677019,32
8,10,resnet18.pt,0.6009316770186336,32
10,10,resnet18.pt,0.6366459627329193,32
2,10,resnet18.pt,0.657608695652174,32
20,10,resnet18.pt,0.6063664596273292,32
18,10,resnet18.pt,0.6513975155279503,32
16,2,resnet18.pt,0.6211180124223602,64
8,2,resnet18.pt,0.6218944099378882,64
10,2,resnet18.pt,0.6187888198757764,64
6,2,resnet18.pt,0.6381987577639752,64
2,2,resnet18.pt,0.6327639751552795,64
20,2,resnet18.pt,0.6055900621118012,64
18,2,resnet18.pt,0.639751552795031,64
16,3,resnet18.pt,0.6428571428571429,64
8,3,resnet18.pt,0.6358695652173914,64
10,3,resnet18.pt,0.6055900621118012,64
6,3,resnet18.pt,0.6428571428571429,64
2,3,resnet18.pt,0.6203416149068323,64
12,10,resnet18.pt,0.593944099378882,32
20,3,resnet18.pt,0.6389751552795031,64
14,10,resnet18.pt,0.6304347826086957,32
4,10,resnet18.pt,0.6024844720496895,32
18,3,resnet18.pt,0.6327639751552795,64
12,2,resnet18.pt,0.6312111801242236,64
8,4,resnet18.pt,0.6506211180124224,64
16,4,resnet18.pt,0.6312111801242236,64
6,4,resnet18.pt,0.6149068322981367,64
10,4,resnet18.pt,0.6149068322981367,64
2,4,resnet18.pt,0.6288819875776398,64
4,2,resnet18.pt,0.6304347826086957,64
14,2,resnet18.pt,0.6187888198757764,64
20,4,resnet18.pt,0.6513975155279503,64
18,4,resnet18.pt,0.6234472049689441,64
12,3,resnet18.pt,0.625,64
14,3,resnet18.pt,0.6459627329192547,64
4,3,resnet18.pt,0.6273291925465838,64
2,5,resnet18.pt,0.6428571428571429,64
6,5,resnet18.pt,0.6459627329192547,64
8,5,resnet18.pt,0.6389751552795031,64
16,5,resnet18.pt,0.6451863354037267,64
10,5,resnet18.pt,0.6149068322981367,64
20,5,resnet18.pt,0.6358695652173914,64
18,5,resnet18.pt,0.6366459627329193,64
14,4,resnet18.pt,0.6350931677018633,64
12,4,resnet18.pt,0.6490683229813664,64
4,4,resnet18.pt,0.6482919254658385,64
6,6,resnet18.pt,0.6614906832298136,64
2,6,resnet18.pt,0.6374223602484472,64
8,6,resnet18.pt,0.6366459627329193,64
16,6,resnet18.pt,0.656832298136646,64
20,6,resnet18.pt,0.6467391304347826,64
10,6,resnet18.pt,0.6358695652173914,64
18,6,resnet18.pt,0.6428571428571429,64
12,5,resnet18.pt,0.6335403726708074,64
14,5,resnet18.pt,0.640527950310559,64
4,5,resnet18.pt,0.6234472049689441,64
2,7,resnet18.pt,0.6281055900621118,64
6,7,resnet18.pt,0.6490683229813664,64
8,7,resnet18.pt,0.6591614906832298,64
16,7,resnet18.pt,0.6226708074534162,64
20,7,resnet18.pt,0.6583850931677019,64
10,7,resnet18.pt,0.6506211180124224,64
18,7,resnet18.pt,0.6281055900621118,64
12,6,resnet18.pt,0.6420807453416149,64
14,6,resnet18.pt,0.6498447204968945,64
4,6,resnet18.pt,0.65527950310559,64
8,8,resnet18.pt,0.6304347826086957,64
2,8,resnet18.pt,0.6350931677018633,64
6,8,resnet18.pt,0.6350931677018633,64
20,8,resnet18.pt,0.6700310559006211,64
16,8,resnet18.pt,0.6513975155279503,64
10,8,resnet18.pt,0.6304347826086957,64
18,8,resnet18.pt,0.6475155279503105,64
12,7,resnet18.pt,0.6521739130434783,64
14,7,resnet18.pt,0.6389751552795031,64
4,7,resnet18.pt,0.6506211180124224,64
2,9,resnet18.pt,0.6490683229813664,64
8,9,resnet18.pt,0.6622670807453416,64
6,9,resnet18.pt,0.6529503105590062,64
16,9,resnet18.pt,0.6343167701863354,64
20,9,resnet18.pt,0.6428571428571429,64
10,9,resnet18.pt,0.6583850931677019,64
18,9,resnet18.pt,0.6234472049689441,64
12,8,resnet18.pt,0.6591614906832298,64
4,8,resnet18.pt,0.6420807453416149,64
14,8,resnet18.pt,0.639751552795031,64
8,10,resnet18.pt,0.6358695652173914,64
6,10,resnet18.pt,0.6506211180124224,64
2,10,resnet18.pt,0.6451863354037267,64
16,10,resnet18.pt,0.5877329192546584,64
20,10,resnet18.pt,0.6366459627329193,64
10,10,resnet18.pt,0.6459627329192547,64
18,10,resnet18.pt,0.6389751552795031,64
6,2,resnet18.pt,0.6444099378881988,128
2,2,resnet18.pt,0.639751552795031,128
8,2,resnet18.pt,0.6381987577639752,128
20,2,resnet18.pt,0.6312111801242236,128
16,2,resnet18.pt,0.6319875776397516,128
10,2,resnet18.pt,0.6226708074534162,128
18,2,resnet18.pt,0.6319875776397516,128
6,3,resnet18.pt,0.6444099378881988,128
2,3,resnet18.pt,0.6164596273291926,128
12,9,resnet18.pt,0.6350931677018633,64
20,3,resnet18.pt,0.6335403726708074,128
8,3,resnet18.pt,0.6366459627329193,128
16,3,resnet18.pt,0.6312111801242236,128
18,3,resnet18.pt,0.6537267080745341,128
10,3,resnet18.pt,0.6451863354037267,128
14,9,resnet18.pt,0.657608695652174,64
4,9,resnet18.pt,0.6482919254658385,64
2,4,resnet18.pt,0.6482919254658385,128
6,4,resnet18.pt,0.6506211180124224,128
20,4,resnet18.pt,0.6475155279503105,128
16,4,resnet18.pt,0.6265527950310559,128
8,4,resnet18.pt,0.6490683229813664,128
10,4,resnet18.pt,0.639751552795031,128
18,4,resnet18.pt,0.6335403726708074,128
16,5,resnet18.pt,0.6529503105590062,128
8,5,resnet18.pt,0.65527950310559,128
20,5,resnet18.pt,0.6141304347826086,128
6,5,resnet18.pt,0.6304347826086957,128
2,5,resnet18.pt,0.6459627329192547,128
10,5,resnet18.pt,0.6304347826086957,128
18,5,resnet18.pt,0.6537267080745341,128
12,10,resnet18.pt,0.656055900621118,64
14,10,resnet18.pt,0.6226708074534162,64
4,10,resnet18.pt,0.6381987577639752,64
16,6,resnet18.pt,0.6459627329192547,128
6,6,resnet18.pt,0.6669254658385093,128
2,6,resnet18.pt,0.6420807453416149,128
12,2,resnet18.pt,0.6296583850931677,128
20,6,resnet18.pt,0.6506211180124224,128
18,6,resnet18.pt,0.6521739130434783,128
10,6,resnet18.pt,0.6677018633540373,128
8,6,resnet18.pt,0.6638198757763976,128
14,2,resnet18.pt,0.6343167701863354,128
4,2,resnet18.pt,0.640527950310559,128
12,3,resnet18.pt,0.6537267080745341,128
14,3,resnet18.pt,0.6281055900621118,128
20,7,resnet18.pt,0.6529503105590062,128
16,7,resnet18.pt,0.6513975155279503,128
6,7,resnet18.pt,0.6506211180124224,128
18,7,resnet18.pt,0.6583850931677019,128
10,7,resnet18.pt,0.6506211180124224,128
2,7,resnet18.pt,0.6459627329192547,128
8,7,resnet18.pt,0.6622670807453416,128
4,3,resnet18.pt,0.640527950310559,128
12,4,resnet18.pt,0.6498447204968945,128
14,4,resnet18.pt,0.6459627329192547,128
16,8,resnet18.pt,0.6498447204968945,128
20,8,resnet18.pt,0.6343167701863354,128
18,8,resnet18.pt,0.6381987577639752,128
6,8,resnet18.pt,0.6374223602484472,128
2,8,resnet18.pt,0.6366459627329193,128
8,8,resnet18.pt,0.6389751552795031,128
10,8,resnet18.pt,0.6358695652173914,128
4,4,resnet18.pt,0.6343167701863354,128
12,5,resnet18.pt,0.6436335403726708,128
14,5,resnet18.pt,0.6482919254658385,128
20,9,resnet18.pt,0.6420807453416149,128
16,9,resnet18.pt,0.639751552795031,128
6,9,resnet18.pt,0.6358695652173914,128
4,5,resnet18.pt,0.6583850931677019,128
8,9,resnet18.pt,0.6389751552795031,128
10,9,resnet18.pt,0.6490683229813664,128
2,9,resnet18.pt,0.6118012422360248,128
18,9,resnet18.pt,0.6296583850931677,128
12,6,resnet18.pt,0.6513975155279503,128
14,6,resnet18.pt,0.6281055900621118,128
4,6,resnet18.pt,0.6583850931677019,128
16,10,resnet18.pt,0.6529503105590062,128
6,10,resnet18.pt,0.6444099378881988,128
20,10,resnet18.pt,0.6638198757763976,128
10,10,resnet18.pt,0.6638198757763976,128
2,10,resnet18.pt,0.6436335403726708,128
8,10,resnet18.pt,0.6513975155279503,128
18,10,resnet18.pt,0.6630434782608695,128
20,2,resnet18.pt,0.6428571428571429,256
16,2,resnet18.pt,0.6335403726708074,256
10,2,resnet18.pt,0.6335403726708074,256
12,7,resnet18.pt,0.6638198757763976,128
6,2,resnet18.pt,0.6444099378881988,256
8,2,resnet18.pt,0.6475155279503105,256
2,2,resnet18.pt,0.6475155279503105,256
18,2,resnet18.pt,0.639751552795031,256
14,7,resnet18.pt,0.6273291925465838,128
4,7,resnet18.pt,0.656055900621118,128
10,3,resnet18.pt,0.6459627329192547,256
20,3,resnet18.pt,0.6444099378881988,256
8,3,resnet18.pt,0.6265527950310559,256
16,3,resnet18.pt,0.6420807453416149,256
2,3,resnet18.pt,0.6506211180124224,256
6,3,resnet18.pt,0.6459627329192547,256
18,3,resnet18.pt,0.6296583850931677,256
12,8,resnet18.pt,0.6513975155279503,128
14,8,resnet18.pt,0.6428571428571429,128
4,8,resnet18.pt,0.6413043478260869,128
8,4,resnet18.pt,0.6319875776397516,256
2,4,resnet18.pt,0.6436335403726708,256
6,4,resnet18.pt,0.6436335403726708,256
20,4,resnet18.pt,0.6428571428571429,256
16,4,resnet18.pt,0.6428571428571429,256
10,4,resnet18.pt,0.6389751552795031,256
18,4,resnet18.pt,0.6498447204968945,256
12,9,resnet18.pt,0.6335403726708074,128
14,9,resnet18.pt,0.6591614906832298,128
8,5,resnet18.pt,0.6482919254658385,256
20,5,resnet18.pt,0.6358695652173914,256
10,5,resnet18.pt,0.6490683229813664,256
6,5,resnet18.pt,0.6467391304347826,256
2,5,resnet18.pt,0.6506211180124224,256
16,5,resnet18.pt,0.65527950310559,256
18,5,resnet18.pt,0.6482919254658385,256
4,9,resnet18.pt,0.639751552795031,128
20,6,resnet18.pt,0.6513975155279503,256
8,6,resnet18.pt,0.6583850931677019,256
10,6,resnet18.pt,0.6545031055900621,256
6,6,resnet18.pt,0.6436335403726708,256
16,6,resnet18.pt,0.6545031055900621,256
2,6,resnet18.pt,0.640527950310559,256
18,6,resnet18.pt,0.6521739130434783,256
12,10,resnet18.pt,0.6677018633540373,128
14,10,resnet18.pt,0.639751552795031,128
4,10,resnet18.pt,0.65527950310559,128
12,2,resnet18.pt,0.6506211180124224,256
14,2,resnet18.pt,0.6350931677018633,256
8,7,resnet18.pt,0.6335403726708074,256
20,7,resnet18.pt,0.6482919254658385,256
10,7,resnet18.pt,0.6607142857142857,256
4,2,resnet18.pt,0.6529503105590062,256
16,7,resnet18.pt,0.6444099378881988,256
6,7,resnet18.pt,0.6614906832298136,256
2,7,resnet18.pt,0.6358695652173914,256
18,7,resnet18.pt,0.6622670807453416,256
12,3,resnet18.pt,0.6451863354037267,256
14,3,resnet18.pt,0.6335403726708074,256
4,3,resnet18.pt,0.6490683229813664,256
20,8,resnet18.pt,0.6545031055900621,256
8,8,resnet18.pt,0.6537267080745341,256
16,8,resnet18.pt,0.6739130434782609,256
10,8,resnet18.pt,0.6343167701863354,256
6,8,resnet18.pt,0.6436335403726708,256
2,8,resnet18.pt,0.6482919254658385,256
18,8,resnet18.pt,0.640527950310559,256
4,4,resnet18.pt,0.6428571428571429,256
12,4,resnet18.pt,0.6350931677018633,256
14,4,resnet18.pt,0.6428571428571429,256
20,9,resnet18.pt,0.6459627329192547,256
8,9,resnet18.pt,0.657608695652174,256
10,9,resnet18.pt,0.6467391304347826,256
16,9,resnet18.pt,0.6513975155279503,256
2,9,resnet18.pt,0.6599378881987578,256
6,9,resnet18.pt,0.6288819875776398,256
18,9,resnet18.pt,0.65527950310559,256
12,5,resnet18.pt,0.6459627329192547,256
4,5,resnet18.pt,0.6413043478260869,256
14,5,resnet18.pt,0.6420807453416149,256
20,10,resnet18.pt,0.6677018633540373,256
8,10,resnet18.pt,0.6436335403726708,256
10,10,resnet18.pt,0.6436335403726708,256
2,10,resnet18.pt,0.640527950310559,256
6,10,resnet18.pt,0.6374223602484472,256
16,10,resnet18.pt,0.6482919254658385,256
18,10,resnet18.pt,0.6459627329192547,256
12,6,resnet18.pt,0.6591614906832298,256
4,6,resnet18.pt,0.6350931677018633,256
14,6,resnet18.pt,0.640527950310559,256
12,7,resnet18.pt,0.6475155279503105,256
14,7,resnet18.pt,0.6358695652173914,256
4,7,resnet18.pt,0.6529503105590062,256
14,8,resnet18.pt,0.6513975155279503,256
4,8,resnet18.pt,0.6506211180124224,256
12,8,resnet18.pt,0.6513975155279503,256
14,9,resnet18.pt,0.6638198757763976,256
4,9,resnet18.pt,0.6692546583850931,256
12,9,resnet18.pt,0.6420807453416149,256
14,10,resnet18.pt,0.656055900621118,256
4,10,resnet18.pt,0.6319875776397516,256
12,10,resnet18.pt,0.6444099378881988,256
9,2,resnet18.pt,0.593167701863354,16
21,2,resnet18.pt,0.577639751552795,16
30,2,resnet18.pt,0.5807453416149069,16
24,2,resnet18.pt,0.610248447204969,16
12,2,resnet18.pt,0.5885093167701864,16
6,2,resnet18.pt,0.578416149068323,16
15,2,resnet18.pt,0.5900621118012422,16
3,2,resnet18.pt,0.592391304347826,16
27,2,resnet18.pt,0.5854037267080745,16
18,2,resnet18.pt,0.5830745341614907,16
9,3,resnet18.pt,0.5729813664596274,16
21,3,resnet18.pt,0.6040372670807453,16
24,3,resnet18.pt,0.592391304347826,16
30,3,resnet18.pt,0.59472049689441,16
12,3,resnet18.pt,0.6180124223602484,16
15,3,resnet18.pt,0.6024844720496895,16
27,3,resnet18.pt,0.6172360248447205,16
6,3,resnet18.pt,0.5978260869565217,16
3,3,resnet18.pt,0.6110248447204969,16
18,3,resnet18.pt,0.6040372670807453,16
24,4,resnet18.pt,0.6164596273291926,16
30,4,resnet18.pt,0.5667701863354038,16
9,4,resnet18.pt,0.593944099378882,16
21,4,resnet18.pt,0.6001552795031055,16
12,4,resnet18.pt,0.5768633540372671,16
15,4,resnet18.pt,0.578416149068323,16
6,4,resnet18.pt,0.5892857142857143,16
3,4,resnet18.pt,0.5970496894409938,16
27,4,resnet18.pt,0.5675465838509317,16
18,4,resnet18.pt,0.5970496894409938,16
24,5,resnet18.pt,0.5954968944099379,16
30,5,resnet18.pt,0.578416149068323,16
9,5,resnet18.pt,0.6055900621118012,16
12,5,resnet18.pt,0.6032608695652174,16
21,5,resnet18.pt,0.5986024844720497,16
6,5,resnet18.pt,0.5722049689440993,16
15,5,resnet18.pt,0.5970496894409938,16
27,5,resnet18.pt,0.5768633540372671,16
3,5,resnet18.pt,0.6017080745341615,16
18,5,resnet18.pt,0.6009316770186336,16
24,6,resnet18.pt,0.5768633540372671,16
9,6,resnet18.pt,0.6133540372670807,16
12,6,resnet18.pt,0.6024844720496895,16
21,6,resnet18.pt,0.5737577639751553,16
30,6,resnet18.pt,0.6304347826086957,16
27,6,resnet18.pt,0.6218944099378882,16
15,6,resnet18.pt,0.6436335403726708,16
6,6,resnet18.pt,0.5760869565217391,16
3,6,resnet18.pt,0.609472049689441,16
18,6,resnet18.pt,0.5822981366459627,16
24,7,resnet18.pt,0.5869565217391305,16
21,7,resnet18.pt,0.6343167701863354,16
12,7,resnet18.pt,0.6141304347826086,16
9,7,resnet18.pt,0.6218944099378882,16
30,7,resnet18.pt,0.6079192546583851,16
15,7,resnet18.pt,0.5807453416149069,16
27,7,resnet18.pt,0.6312111801242236,16
3,7,resnet18.pt,0.562111801242236,16
6,7,resnet18.pt,0.5970496894409938,16
18,7,resnet18.pt,0.5722049689440993,16
21,8,resnet18.pt,0.6319875776397516,16
15,8,resnet18.pt,0.593944099378882,16
12,8,resnet18.pt,0.6327639751552795,16
24,8,resnet18.pt,0.5271739130434783,16
27,8,resnet18.pt,0.5892857142857143,16
30,8,resnet18.pt,0.5861801242236024,16
6,8,resnet18.pt,0.5722049689440993,16
9,8,resnet18.pt,0.592391304347826,16
3,8,resnet18.pt,0.6180124223602484,16
18,8,resnet18.pt,0.6133540372670807,16
15,9,resnet18.pt,0.625,16
12,9,resnet18.pt,0.6001552795031055,16
21,9,resnet18.pt,0.6040372670807453,16
24,9,resnet18.pt,0.593167701863354,16
27,9,resnet18.pt,0.6187888198757764,16
30,9,resnet18.pt,0.6459627329192547,16
3,9,resnet18.pt,0.577639751552795,16
6,9,resnet18.pt,0.5838509316770186,16
9,9,resnet18.pt,0.6156832298136646,16
18,9,resnet18.pt,0.5869565217391305,16
15,10,resnet18.pt,0.6234472049689441,16
24,10,resnet18.pt,0.5916149068322981,16
12,10,resnet18.pt,0.6211180124223602,16
21,10,resnet18.pt,0.6055900621118012,16
3,10,resnet18.pt,0.5885093167701864,16
30,10,resnet18.pt,0.6475155279503105,16
6,10,resnet18.pt,0.6335403726708074,16
27,10,resnet18.pt,0.5722049689440993,16
9,10,resnet18.pt,0.6149068322981367,16
15,2,resnet18.pt,0.6149068322981367,32
30,2,resnet18.pt,0.6125776397515528,32
6,2,resnet18.pt,0.609472049689441,32
12,2,resnet18.pt,0.610248447204969,32
3,2,resnet18.pt,0.6156832298136646,32
21,2,resnet18.pt,0.6141304347826086,32
24,2,resnet18.pt,0.6024844720496895,32
9,2,resnet18.pt,0.6195652173913043,32
27,2,resnet18.pt,0.6141304347826086,32
18,10,resnet18.pt,0.5690993788819876,16
3,3,resnet18.pt,0.610248447204969,32
6,3,resnet18.pt,0.6265527950310559,32
12,3,resnet18.pt,0.6257763975155279,32
15,3,resnet18.pt,0.6086956521739131,32
30,3,resnet18.pt,0.6110248447204969,32
24,3,resnet18.pt,0.6226708074534162,32
9,3,resnet18.pt,0.6319875776397516,32
21,3,resnet18.pt,0.6312111801242236,32
27,3,resnet18.pt,0.6350931677018633,32
18,2,resnet18.pt,0.625,32
3,4,resnet18.pt,0.6265527950310559,32
15,4,resnet18.pt,0.6273291925465838,32
30,4,resnet18.pt,0.6288819875776398,32
12,4,resnet18.pt,0.6327639751552795,32
9,4,resnet18.pt,0.6350931677018633,32
6,4,resnet18.pt,0.6319875776397516,32
21,4,resnet18.pt,0.6141304347826086,32
24,4,resnet18.pt,0.6164596273291926,32
27,4,resnet18.pt,0.6444099378881988,32
18,3,resnet18.pt,0.6172360248447205,32
3,5,resnet18.pt,0.6343167701863354,32
12,5,resnet18.pt,0.6281055900621118,32
30,5,resnet18.pt,0.6242236024844721,32
15,5,resnet18.pt,0.6187888198757764,32
9,5,resnet18.pt,0.6335403726708074,32
24,5,resnet18.pt,0.6281055900621118,32
21,5,resnet18.pt,0.6172360248447205,32
6,5,resnet18.pt,0.6343167701863354,32
27,5,resnet18.pt,0.6459627329192547,32
18,4,resnet18.pt,0.6281055900621118,32
30,6,resnet18.pt,0.6428571428571429,32
15,6,resnet18.pt,0.6296583850931677,32
3,6,resnet18.pt,0.6498447204968945,32
12,6,resnet18.pt,0.6537267080745341,32
21,6,resnet18.pt,0.6234472049689441,32
6,6,resnet18.pt,0.6381987577639752,32
24,6,resnet18.pt,0.6211180124223602,32
9,6,resnet18.pt,0.6319875776397516,32
27,6,resnet18.pt,0.6537267080745341,32
18,5,resnet18.pt,0.6273291925465838,32
3,7,resnet18.pt,0.625,32
30,7,resnet18.pt,0.5815217391304348,32
12,7,resnet18.pt,0.6180124223602484,32
15,7,resnet18.pt,0.6086956521739131,32
21,7,resnet18.pt,0.6366459627329193,32
9,7,resnet18.pt,0.6079192546583851,32
24,7,resnet18.pt,0.6180124223602484,32
6,7,resnet18.pt,0.6413043478260869,32
27,7,resnet18.pt,0.6234472049689441,32
18,6,resnet18.pt,0.6281055900621118,32
12,8,resnet18.pt,0.6319875776397516,32
3,8,resnet18.pt,0.6444099378881988,32
24,8,resnet18.pt,0.6172360248447205,32
30,8,resnet18.pt,0.625,32
9,8,resnet18.pt,0.6312111801242236,32
21,8,resnet18.pt,0.6133540372670807,32
6,8,resnet18.pt,0.6389751552795031,32
15,8,resnet18.pt,0.6607142857142857,32
27,8,resnet18.pt,0.6265527950310559,32
18,7,resnet18.pt,0.6451863354037267,32
30,9,resnet18.pt,0.6358695652173914,32
3,9,resnet18.pt,0.6319875776397516,32
12,9,resnet18.pt,0.6180124223602484,32
24,9,resnet18.pt,0.657608695652174,32
6,9,resnet18.pt,0.6413043478260869,32
9,9,resnet18.pt,0.6467391304347826,32
15,9,resnet18.pt,0.6024844720496895,32
21,9,resnet18.pt,0.6366459627329193,32
27,9,resnet18.pt,0.6350931677018633,32
18,8,resnet18.pt,0.6203416149068323,32
30,10,resnet18.pt,0.6024844720496895,32
24,10,resnet18.pt,0.6684782608695652,32
3,10,resnet18.pt,0.6319875776397516,32
12,10,resnet18.pt,0.6451863354037267,32
6,10,resnet18.pt,0.5861801242236024,32
9,10,resnet18.pt,0.6312111801242236,32
21,10,resnet18.pt,0.5978260869565217,32
15,10,resnet18.pt,0.6762422360248447,32
27,10,resnet18.pt,0.6110248447204969,32
24,2,resnet18.pt,0.6366459627329193,64
6,2,resnet18.pt,0.6288819875776398,64
3,2,resnet18.pt,0.6195652173913043,64
30,2,resnet18.pt,0.6265527950310559,64
9,2,resnet18.pt,0.6335403726708074,64
12,2,resnet18.pt,0.6288819875776398,64
15,2,resnet18.pt,0.6265527950310559,64
18,9,resnet18.pt,0.6273291925465838,32
21,2,resnet18.pt,0.6335403726708074,64
27,2,resnet18.pt,0.639751552795031,64
6,3,resnet18.pt,0.6381987577639752,64
24,3,resnet18.pt,0.6467391304347826,64
3,3,resnet18.pt,0.6319875776397516,64
30,3,resnet18.pt,0.6343167701863354,64
9,3,resnet18.pt,0.625,64
12,3,resnet18.pt,0.6389751552795031,64
15,3,resnet18.pt,0.6203416149068323,64
21,3,resnet18.pt,0.6374223602484472,64
27,3,resnet18.pt,0.6304347826086957,64
24,4,resnet18.pt,0.6242236024844721,64
6,4,resnet18.pt,0.6312111801242236,64
30,4,resnet18.pt,0.6211180124223602,64
3,4,resnet18.pt,0.6451863354037267,64
15,4,resnet18.pt,0.6319875776397516,64
12,4,resnet18.pt,0.6490683229813664,64
9,4,resnet18.pt,0.6335403726708074,64
21,4,resnet18.pt,0.6242236024844721,64
27,4,resnet18.pt,0.639751552795031,64
30,5,resnet18.pt,0.6420807453416149,64
15,5,resnet18.pt,0.6335403726708074,64
12,5,resnet18.pt,0.6319875776397516,64
3,5,resnet18.pt,0.6296583850931677,64
9,5,resnet18.pt,0.6381987577639752,64
24,5,resnet18.pt,0.6203416149068323,64
27,5,resnet18.pt,0.6327639751552795,64
21,5,resnet18.pt,0.6358695652173914,64
6,5,resnet18.pt,0.6413043478260869,64
18,10,resnet18.pt,0.6358695652173914,32
18,2,resnet18.pt,0.6234472049689441,64
15,6,resnet18.pt,0.6498447204968945,64
12,6,resnet18.pt,0.6428571428571429,64
3,6,resnet18.pt,0.6118012422360248,64
30,6,resnet18.pt,0.6133540372670807,64
24,6,resnet18.pt,0.6319875776397516,64
9,6,resnet18.pt,0.6537267080745341,64
27,6,resnet18.pt,0.6366459627329193,64
21,6,resnet18.pt,0.6506211180124224,64
6,6,resnet18.pt,0.6304347826086957,64
18,3,resnet18.pt,0.6327639751552795,64
3,7,resnet18.pt,0.6265527950310559,64
15,7,resnet18.pt,0.6281055900621118,64
30,7,resnet18.pt,0.6428571428571429,64
12,7,resnet18.pt,0.6055900621118012,64
24,7,resnet18.pt,0.6467391304347826,64
9,7,resnet18.pt,0.6327639751552795,64
6,7,resnet18.pt,0.6482919254658385,64
27,7,resnet18.pt,0.6350931677018633,64
21,7,resnet18.pt,0.6319875776397516,64
18,4,resnet18.pt,0.6319875776397516,64
30,8,resnet18.pt,0.6234472049689441,64
3,8,resnet18.pt,0.6312111801242236,64
15,8,resnet18.pt,0.6319875776397516,64
24,8,resnet18.pt,0.6506211180124224,64
12,8,resnet18.pt,0.6242236024844721,64
6,8,resnet18.pt,0.6366459627329193,64
9,8,resnet18.pt,0.625,64
27,8,resnet18.pt,0.6420807453416149,64
21,8,resnet18.pt,0.610248447204969,64
18,5,resnet18.pt,0.6374223602484472,64
18,6,resnet18.pt,0.6389751552795031,64
30,9,resnet18.pt,0.6172360248447205,64
3,9,resnet18.pt,0.6335403726708074,64
15,9,resnet18.pt,0.6607142857142857,64
6,9,resnet18.pt,0.6420807453416149,64
24,9,resnet18.pt,0.640527950310559,64
12,9,resnet18.pt,0.65527950310559,64
9,9,resnet18.pt,0.65527950310559,64
21,9,resnet18.pt,0.6389751552795031,64
27,9,resnet18.pt,0.6149068322981367,64
18,7,resnet18.pt,0.6677018633540373,64
15,10,resnet18.pt,0.6451863354037267,64
6,10,resnet18.pt,0.6420807453416149,64
3,10,resnet18.pt,0.6358695652173914,64
12,10,resnet18.pt,0.6513975155279503,64
24,10,resnet18.pt,0.6125776397515528,64
30,10,resnet18.pt,0.6273291925465838,64
9,10,resnet18.pt,0.656055900621118,64
21,10,resnet18.pt,0.6063664596273292,64
27,10,resnet18.pt,0.6583850931677019,64
15,2,resnet18.pt,0.6265527950310559,128
12,2,resnet18.pt,0.6288819875776398,128
6,2,resnet18.pt,0.6389751552795031,128
3,2,resnet18.pt,0.6436335403726708,128
24,2,resnet18.pt,0.640527950310559,128
30,2,resnet18.pt,0.6366459627329193,128
9,2,resnet18.pt,0.6281055900621118,128
27,2,resnet18.pt,0.6288819875776398,128
21,2,resnet18.pt,0.6389751552795031,128
18,8,resnet18.pt,0.6358695652173914,64
12,3,resnet18.pt,0.6358695652173914,128
15,3,resnet18.pt,0.6428571428571429,128
6,3,resnet18.pt,0.6381987577639752,128
24,3,resnet18.pt,0.6529503105590062,128
3,3,resnet18.pt,0.6327639751552795,128
30,3,resnet18.pt,0.6428571428571429,128
9,3,resnet18.pt,0.6599378881987578,128
21,3,resnet18.pt,0.6459627329192547,128
27,3,resnet18.pt,0.6319875776397516,128
12,4,resnet18.pt,0.6335403726708074,128
15,4,resnet18.pt,0.6521739130434783,128
6,4,resnet18.pt,0.6545031055900621,128
24,4,resnet18.pt,0.6319875776397516,128
3,4,resnet18.pt,0.6281055900621118,128
9,4,resnet18.pt,0.6428571428571429,128
30,4,resnet18.pt,0.6428571428571429,128
21,4,resnet18.pt,0.6319875776397516,128
27,4,resnet18.pt,0.6451863354037267,128
3,5,resnet18.pt,0.6599378881987578,128
6,5,resnet18.pt,0.6366459627329193,128
24,5,resnet18.pt,0.6265527950310559,128
9,5,resnet18.pt,0.6490683229813664,128
15,5,resnet18.pt,0.6335403726708074,128
12,5,resnet18.pt,0.6436335403726708,128
18,9,resnet18.pt,0.6513975155279503,64
30,5,resnet18.pt,0.6451863354037267,128
21,5,resnet18.pt,0.656832298136646,128
27,5,resnet18.pt,0.6521739130434783,128
3,6,resnet18.pt,0.6467391304347826,128
15,6,resnet18.pt,0.6358695652173914,128
12,6,resnet18.pt,0.6521739130434783,128
6,6,resnet18.pt,0.6436335403726708,128
24,6,resnet18.pt,0.6513975155279503,128
9,6,resnet18.pt,0.6413043478260869,128
30,6,resnet18.pt,0.6638198757763976,128
27,6,resnet18.pt,0.6475155279503105,128
21,6,resnet18.pt,0.656832298136646,128
6,7,resnet18.pt,0.6327639751552795,128
15,7,resnet18.pt,0.6226708074534162,128
12,7,resnet18.pt,0.6428571428571429,128
24,7,resnet18.pt,0.6350931677018633,128
3,7,resnet18.pt,0.6366459627329193,128
27,7,resnet18.pt,0.6537267080745341,128
18,10,resnet18.pt,0.6428571428571429,64
9,7,resnet18.pt,0.6389751552795031,128
21,7,resnet18.pt,0.6366459627329193,128
30,7,resnet18.pt,0.6413043478260869,128
18,2,resnet18.pt,0.6529503105590062,128
15,8,resnet18.pt,0.656832298136646,128
6,8,resnet18.pt,0.6537267080745341,128
9,8,resnet18.pt,0.6545031055900621,128
27,8,resnet18.pt,0.6498447204968945,128
24,8,resnet18.pt,0.65527950310559,128
12,8,resnet18.pt,0.6482919254658385,128
3,8,resnet18.pt,0.639751552795031,128
30,8,resnet18.pt,0.6444099378881988,128
21,8,resnet18.pt,0.6366459627329193,128
18,3,resnet18.pt,0.6381987577639752,128
15,9,resnet18.pt,0.6545031055900621,128
6,9,resnet18.pt,0.6366459627329193,128
24,9,resnet18.pt,0.6389751552795031,128
12,9,resnet18.pt,0.6420807453416149,128
9,9,resnet18.pt,0.6257763975155279,128
27,9,resnet18.pt,0.6451863354037267,128
3,9,resnet18.pt,0.6669254658385093,128
21,9,resnet18.pt,0.6265527950310559,128
30,9,resnet18.pt,0.6669254658385093,128
18,4,resnet18.pt,0.6521739130434783,128
18,5,resnet18.pt,0.6374223602484472,128
15,10,resnet18.pt,0.6459627329192547,128
3,10,resnet18.pt,0.656832298136646,128
6,10,resnet18.pt,0.6645962732919255,128
9,10,resnet18.pt,0.6591614906832298,128
27,10,resnet18.pt,0.6801242236024845,128
12,10,resnet18.pt,0.6490683229813664,128
21,10,resnet18.pt,0.6459627329192547,128
24,10,resnet18.pt,0.6599378881987578,128
30,10,resnet18.pt,0.6389751552795031,128
15,2,resnet18.pt,0.639751552795031,256
9,2,resnet18.pt,0.6451863354037267,256
21,2,resnet18.pt,0.6304347826086957,256
30,2,resnet18.pt,0.6389751552795031,256
27,2,resnet18.pt,0.639751552795031,256
6,2,resnet18.pt,0.6490683229813664,256
3,2,resnet18.pt,0.6475155279503105,256
12,2,resnet18.pt,0.6381987577639752,256
24,2,resnet18.pt,0.6335403726708074,256
18,6,resnet18.pt,0.6350931677018633,128
15,3,resnet18.pt,0.6444099378881988,256
12,3,resnet18.pt,0.6327639751552795,256
21,3,resnet18.pt,0.6498447204968945,256
6,3,resnet18.pt,0.6436335403726708,256
9,3,resnet18.pt,0.6475155279503105,256
3,3,resnet18.pt,0.6389751552795031,256
27,3,resnet18.pt,0.6366459627329193,256
30,3,resnet18.pt,0.6436335403726708,256
24,3,resnet18.pt,0.6358695652173914,256
18,7,resnet18.pt,0.6459627329192547,128
21,4,resnet18.pt,0.640527950310559,256
15,4,resnet18.pt,0.6288819875776398,256
12,4,resnet18.pt,0.6490683229813664,256
3,4,resnet18.pt,0.6366459627329193,256
27,4,resnet18.pt,0.6459627329192547,256
30,4,resnet18.pt,0.6482919254658385,256
6,4,resnet18.pt,0.6459627329192547,256
9,4,resnet18.pt,0.6482919254658385,256
24,4,resnet18.pt,0.6366459627329193,256
18,8,resnet18.pt,0.6436335403726708,128
21,5,resnet18.pt,0.6358695652173914,256
3,5,resnet18.pt,0.6482919254658385,256
6,5,resnet18.pt,0.6490683229813664,256
9,5,resnet18.pt,0.6444099378881988,256
30,5,resnet18.pt,0.6350931677018633,256
15,5,resnet18.pt,0.6467391304347826,256
12,5,resnet18.pt,0.6521739130434783,256
24,5,resnet18.pt,0.656055900621118,256
27,5,resnet18.pt,0.6381987577639752,256
21,6,resnet18.pt,0.6506211180124224,256
15,6,resnet18.pt,0.6288819875776398,256
30,6,resnet18.pt,0.639751552795031,256
27,6,resnet18.pt,0.6591614906832298,256
9,6,resnet18.pt,0.6545031055900621,256
3,6,resnet18.pt,0.6420807453416149,256
6,6,resnet18.pt,0.6436335403726708,256
24,6,resnet18.pt,0.6451863354037267,256
12,6,resnet18.pt,0.6444099378881988,256
18,9,resnet18.pt,0.6366459627329193,128
21,7,resnet18.pt,0.6490683229813664,256
27,7,resnet18.pt,0.6304347826086957,256
24,7,resnet18.pt,0.6622670807453416,256
15,7,resnet18.pt,0.656055900621118,256
12,7,resnet18.pt,0.6475155279503105,256
3,7,resnet18.pt,0.6444099378881988,256
6,7,resnet18.pt,0.6218944099378882,256
9,7,resnet18.pt,0.6444099378881988,256
30,7,resnet18.pt,0.6506211180124224,256
18,10,resnet18.pt,0.6591614906832298,128
18,2,resnet18.pt,0.6428571428571429,256
12,8,resnet18.pt,0.6669254658385093,256
15,8,resnet18.pt,0.6607142857142857,256
24,8,resnet18.pt,0.6420807453416149,256
21,8,resnet18.pt,0.6614906832298136,256
27,8,resnet18.pt,0.6389751552795031,256
30,8,resnet18.pt,0.6444099378881988,256
3,8,resnet18.pt,0.6498447204968945,256
9,8,resnet18.pt,0.6413043478260869,256
6,8,resnet18.pt,0.6451863354037267,256
18,3,resnet18.pt,0.6420807453416149,256
12,9,resnet18.pt,0.6428571428571429,256
15,9,resnet18.pt,0.656832298136646,256
27,9,resnet18.pt,0.6529503105590062,256
24,9,resnet18.pt,0.6506211180124224,256
21,9,resnet18.pt,0.6451863354037267,256
3,9,resnet18.pt,0.6482919254658385,256
9,9,resnet18.pt,0.6708074534161491,256
30,9,resnet18.pt,0.6513975155279503,256
6,9,resnet18.pt,0.6506211180124224,256
18,4,resnet18.pt,0.6420807453416149,256
12,10,resnet18.pt,0.6677018633540373,256
15,10,resnet18.pt,0.656832298136646,256
24,10,resnet18.pt,0.656055900621118,256
27,10,resnet18.pt,0.6444099378881988,256
21,10,resnet18.pt,0.6467391304347826,256
9,10,resnet18.pt,0.6444099378881988,256
3,10,resnet18.pt,0.6529503105590062,256
6,10,resnet18.pt,0.6451863354037267,256
30,10,resnet18.pt,0.6545031055900621,256
18,5,resnet18.pt,0.65527950310559,256
18,6,resnet18.pt,0.6467391304347826,256
18,7,resnet18.pt,0.6583850931677019,256
18,8,resnet18.pt,0.6467391304347826,256
18,9,resnet18.pt,0.6622670807453416,256
18,10,resnet18.pt,0.6529503105590062,256
16,2,resnet18.pt,0.5954968944099379,16
36,2,resnet18.pt,0.5877329192546584,16
32,2,resnet18.pt,0.5916149068322981,16
24,2,resnet18.pt,0.5791925465838509,16
28,2,resnet18.pt,0.5978260869565217,16
8,2,resnet18.pt,0.59472049689441,16
12,2,resnet18.pt,0.5993788819875776,16
40,2,resnet18.pt,0.6017080745341615,16
4,2,resnet18.pt,0.5652173913043478,16
20,2,resnet18.pt,0.5954968944099379,16
16,3,resnet18.pt,0.5993788819875776,16
36,3,resnet18.pt,0.578416149068323,16
24,3,resnet18.pt,0.5760869565217391,16
28,3,resnet18.pt,0.6032608695652174,16
32,3,resnet18.pt,0.578416149068323,16
12,3,resnet18.pt,0.6079192546583851,16
40,3,resnet18.pt,0.5861801242236024,16
8,3,resnet18.pt,0.6001552795031055,16
4,3,resnet18.pt,0.5986024844720497,16
20,3,resnet18.pt,0.592391304347826,16
16,4,resnet18.pt,0.6281055900621118,16
36,4,resnet18.pt,0.6149068322981367,16
24,4,resnet18.pt,0.5760869565217391,16
28,4,resnet18.pt,0.5970496894409938,16
40,4,resnet18.pt,0.5838509316770186,16
32,4,resnet18.pt,0.6156832298136646,16
8,4,resnet18.pt,0.5892857142857143,16
12,4,resnet18.pt,0.593167701863354,16
4,4,resnet18.pt,0.6203416149068323,16
20,4,resnet18.pt,0.5885093167701864,16
36,5,resnet18.pt,0.6009316770186336,16
16,5,resnet18.pt,0.593944099378882,16
24,5,resnet18.pt,0.5908385093167702,16
28,5,resnet18.pt,0.5838509316770186,16
40,5,resnet18.pt,0.6195652173913043,16
8,5,resnet18.pt,0.6195652173913043,16
32,5,resnet18.pt,0.6327639751552795,16
12,5,resnet18.pt,0.5799689440993789,16
4,5,resnet18.pt,0.6389751552795031,16
20,5,resnet18.pt,0.6335403726708074,16
36,6,resnet18.pt,0.5892857142857143,16
28,6,resnet18.pt,0.6156832298136646,16
24,6,resnet18.pt,0.592391304347826,16
16,6,resnet18.pt,0.5854037267080745,16
40,6,resnet18.pt,0.6211180124223602,16
32,6,resnet18.pt,0.6180124223602484,16
8,6,resnet18.pt,0.6420807453416149,16
12,6,resnet18.pt,0.6187888198757764,16
4,6,resnet18.pt,0.6017080745341615,16
20,6,resnet18.pt,0.5908385093167702,16
36,7,resnet18.pt,0.5830745341614907,16
28,7,resnet18.pt,0.593944099378882,16
16,7,resnet18.pt,0.5900621118012422,16
24,7,resnet18.pt,0.6086956521739131,16
32,7,resnet18.pt,0.6118012422360248,16
40,7,resnet18.pt,0.6156832298136646,16
8,7,resnet18.pt,0.6319875776397516,16
12,7,resnet18.pt,0.5854037267080745,16
4,7,resnet18.pt,0.640527950310559,16
20,7,resnet18.pt,0.6335403726708074,16
36,8,resnet18.pt,0.5900621118012422,16
16,8,resnet18.pt,0.6055900621118012,16
24,8,resnet18.pt,0.610248447204969,16
28,8,resnet18.pt,0.6071428571428571,16
32,8,resnet18.pt,0.6118012422360248,16
8,8,resnet18.pt,0.5908385093167702,16
40,8,resnet18.pt,0.6226708074534162,16
12,8,resnet18.pt,0.5597826086956522,16
4,8,resnet18.pt,0.5869565217391305,16
20,8,resnet18.pt,0.6079192546583851,16
36,9,resnet18.pt,0.578416149068323,16
28,9,resnet18.pt,0.5978260869565217,16
16,9,resnet18.pt,0.609472049689441,16
24,9,resnet18.pt,0.515527950310559,16
32,9,resnet18.pt,0.577639751552795,16
40,9,resnet18.pt,0.6389751552795031,16
8,9,resnet18.pt,0.5861801242236024,16
12,9,resnet18.pt,0.6242236024844721,16
4,9,resnet18.pt,0.6164596273291926,16
20,9,resnet18.pt,0.6327639751552795,16
36,10,resnet18.pt,0.5496894409937888,16
28,10,resnet18.pt,0.6118012422360248,16
40,10,resnet18.pt,0.6048136645962733,16
24,10,resnet18.pt,0.6211180124223602,16
16,10,resnet18.pt,0.5108695652173914,16
32,10,resnet18.pt,0.625,16
8,10,resnet18.pt,0.5830745341614907,16
12,10,resnet18.pt,0.5978260869565217,16
28,2,resnet18.pt,0.6063664596273292,32
36,2,resnet18.pt,0.6141304347826086,32
40,2,resnet18.pt,0.610248447204969,32
16,2,resnet18.pt,0.6281055900621118,32
24,2,resnet18.pt,0.6001552795031055,32
32,2,resnet18.pt,0.6024844720496895,32
4,10,resnet18.pt,0.5667701863354038,16
8,2,resnet18.pt,0.609472049689441,32
20,10,resnet18.pt,0.5954968944099379,16
12,2,resnet18.pt,0.6343167701863354,32
4,2,resnet18.pt,0.6110248447204969,32
36,3,resnet18.pt,0.6133540372670807,32
28,3,resnet18.pt,0.6001552795031055,32
40,3,resnet18.pt,0.6242236024844721,32
20,2,resnet18.pt,0.6133540372670807,32
24,3,resnet18.pt,0.6304347826086957,32
16,3,resnet18.pt,0.6335403726708074,32
32,3,resnet18.pt,0.6304347826086957,32
8,3,resnet18.pt,0.6063664596273292,32
12,3,resnet18.pt,0.6335403726708074,32
4,3,resnet18.pt,0.6125776397515528,32
20,3,resnet18.pt,0.6187888198757764,32
28,4,resnet18.pt,0.6125776397515528,32
36,4,resnet18.pt,0.6265527950310559,32
24,4,resnet18.pt,0.6537267080745341,32
40,4,resnet18.pt,0.6374223602484472,32
16,4,resnet18.pt,0.6265527950310559,32
32,4,resnet18.pt,0.6358695652173914,32
8,4,resnet18.pt,0.6164596273291926,32
12,4,resnet18.pt,0.6374223602484472,32
4,4,resnet18.pt,0.6296583850931677,32
20,4,resnet18.pt,0.6490683229813664,32
40,5,resnet18.pt,0.6529503105590062,32
36,5,resnet18.pt,0.6133540372670807,32
28,5,resnet18.pt,0.6288819875776398,32
16,5,resnet18.pt,0.6234472049689441,32
32,5,resnet18.pt,0.578416149068323,32
24,5,resnet18.pt,0.6413043478260869,32
8,5,resnet18.pt,0.6234472049689441,32
12,5,resnet18.pt,0.609472049689441,32
4,5,resnet18.pt,0.6273291925465838,32
20,5,resnet18.pt,0.6257763975155279,32
40,6,resnet18.pt,0.6335403726708074,32
28,6,resnet18.pt,0.6319875776397516,32
16,6,resnet18.pt,0.6226708074534162,32
36,6,resnet18.pt,0.6498447204968945,32
32,6,resnet18.pt,0.6226708074534162,32
24,6,resnet18.pt,0.6420807453416149,32
8,6,resnet18.pt,0.6312111801242236,32
12,6,resnet18.pt,0.6467391304347826,32
4,6,resnet18.pt,0.6234472049689441,32
20,6,resnet18.pt,0.6133540372670807,32
40,7,resnet18.pt,0.6055900621118012,32
28,7,resnet18.pt,0.6444099378881988,32
36,7,resnet18.pt,0.6110248447204969,32
16,7,resnet18.pt,0.6156832298136646,32
32,7,resnet18.pt,0.6420807453416149,32
24,7,resnet18.pt,0.6063664596273292,32
8,7,resnet18.pt,0.640527950310559,32
12,7,resnet18.pt,0.6614906832298136,32
4,7,resnet18.pt,0.6444099378881988,32
20,7,resnet18.pt,0.6521739130434783,32
36,8,resnet18.pt,0.6459627329192547,32
40,8,resnet18.pt,0.5993788819875776,32
28,8,resnet18.pt,0.592391304347826,32
16,8,resnet18.pt,0.6226708074534162,32
24,8,resnet18.pt,0.6374223602484472,32
32,8,resnet18.pt,0.6125776397515528,32
8,8,resnet18.pt,0.6583850931677019,32
12,8,resnet18.pt,0.6319875776397516,32
4,8,resnet18.pt,0.6545031055900621,32
20,8,resnet18.pt,0.6482919254658385,32
28,9,resnet18.pt,0.610248447204969,32
40,9,resnet18.pt,0.5916149068322981,32
16,9,resnet18.pt,0.6172360248447205,32
36,9,resnet18.pt,0.6296583850931677,32
24,9,resnet18.pt,0.657608695652174,32
32,9,resnet18.pt,0.5962732919254659,32
8,9,resnet18.pt,0.6172360248447205,32
12,9,resnet18.pt,0.5815217391304348,32
4,9,resnet18.pt,0.6312111801242236,32
20,9,resnet18.pt,0.6273291925465838,32
40,10,resnet18.pt,0.6374223602484472,32
28,10,resnet18.pt,0.6141304347826086,32
36,10,resnet18.pt,0.6288819875776398,32
16,10,resnet18.pt,0.6141304347826086,32
24,10,resnet18.pt,0.6374223602484472,32
32,10,resnet18.pt,0.6063664596273292,32
8,10,resnet18.pt,0.6630434782608695,32
36,2,resnet18.pt,0.6366459627329193,64
28,2,resnet18.pt,0.6366459627329193,64
40,2,resnet18.pt,0.6226708074534162,64
24,2,resnet18.pt,0.6327639751552795,64
16,2,resnet18.pt,0.6296583850931677,64
32,2,resnet18.pt,0.6444099378881988,64
8,2,resnet18.pt,0.6358695652173914,64
36,3,resnet18.pt,0.6490683229813664,64
28,3,resnet18.pt,0.6242236024844721,64
24,3,resnet18.pt,0.6125776397515528,64
40,3,resnet18.pt,0.6428571428571429,64
16,3,resnet18.pt,0.6257763975155279,64
32,3,resnet18.pt,0.6304347826086957,64
8,3,resnet18.pt,0.6164596273291926,64
12,10,resnet18.pt,0.6498447204968945,32
24,4,resnet18.pt,0.6358695652173914,64
36,4,resnet18.pt,0.6350931677018633,64
28,4,resnet18.pt,0.6444099378881988,64
40,4,resnet18.pt,0.6475155279503105,64
16,4,resnet18.pt,0.6273291925465838,64
32,4,resnet18.pt,0.6381987577639752,64
8,4,resnet18.pt,0.6413043478260869,64
20,10,resnet18.pt,0.6366459627329193,32
4,10,resnet18.pt,0.6389751552795031,32
12,2,resnet18.pt,0.6133540372670807,64
24,5,resnet18.pt,0.65527950310559,64
28,5,resnet18.pt,0.6288819875776398,64
16,5,resnet18.pt,0.6436335403726708,64
36,5,resnet18.pt,0.6281055900621118,64
40,5,resnet18.pt,0.6180124223602484,64
32,5,resnet18.pt,0.6436335403726708,64
4,2,resnet18.pt,0.6327639751552795,64
8,5,resnet18.pt,0.6583850931677019,64
20,2,resnet18.pt,0.625,64
12,3,resnet18.pt,0.609472049689441,64
4,3,resnet18.pt,0.6265527950310559,64
36,6,resnet18.pt,0.6172360248447205,64
28,6,resnet18.pt,0.6327639751552795,64
24,6,resnet18.pt,0.6467391304347826,64
16,6,resnet18.pt,0.6513975155279503,64
40,6,resnet18.pt,0.6226708074534162,64
20,3,resnet18.pt,0.6358695652173914,64
32,6,resnet18.pt,0.6389751552795031,64
8,6,resnet18.pt,0.6614906832298136,64
12,4,resnet18.pt,0.640527950310559,64
4,4,resnet18.pt,0.6366459627329193,64
20,4,resnet18.pt,0.6513975155279503,64
24,7,resnet18.pt,0.6521739130434783,64
28,7,resnet18.pt,0.6234472049689441,64
16,7,resnet18.pt,0.6645962732919255,64
36,7,resnet18.pt,0.6677018633540373,64
32,7,resnet18.pt,0.6319875776397516,64
40,7,resnet18.pt,0.6475155279503105,64
12,5,resnet18.pt,0.6366459627329193,64
8,7,resnet18.pt,0.6366459627329193,64
4,5,resnet18.pt,0.6265527950310559,64
20,5,resnet18.pt,0.6413043478260869,64
24,8,resnet18.pt,0.6195652173913043,64
36,8,resnet18.pt,0.6444099378881988,64
16,8,resnet18.pt,0.6413043478260869,64
40,8,resnet18.pt,0.6350931677018633,64
28,8,resnet18.pt,0.6273291925465838,64
32,8,resnet18.pt,0.625,64
12,6,resnet18.pt,0.640527950310559,64
4,6,resnet18.pt,0.6545031055900621,64
20,6,resnet18.pt,0.6296583850931677,64
8,8,resnet18.pt,0.6413043478260869,64
24,9,resnet18.pt,0.6350931677018633,64
16,9,resnet18.pt,0.6327639751552795,64
36,9,resnet18.pt,0.6607142857142857,64
40,9,resnet18.pt,0.6187888198757764,64
32,9,resnet18.pt,0.6537267080745341,64
28,9,resnet18.pt,0.6281055900621118,64
12,7,resnet18.pt,0.6265527950310559,64
4,7,resnet18.pt,0.6327639751552795,64
20,7,resnet18.pt,0.6296583850931677,64
8,9,resnet18.pt,0.6343167701863354,64
24,10,resnet18.pt,0.6498447204968945,64
36,10,resnet18.pt,0.657608695652174,64
40,10,resnet18.pt,0.6607142857142857,64
32,10,resnet18.pt,0.6475155279503105,64
16,10,resnet18.pt,0.6420807453416149,64
28,10,resnet18.pt,0.6381987577639752,64
12,8,resnet18.pt,0.6467391304347826,64
4,8,resnet18.pt,0.6226708074534162,64
24,2,resnet18.pt,0.6467391304347826,128
20,8,resnet18.pt,0.6265527950310559,64
36,2,resnet18.pt,0.639751552795031,128
40,2,resnet18.pt,0.6350931677018633,128
16,2,resnet18.pt,0.6358695652173914,128
32,2,resnet18.pt,0.639751552795031,128
28,2,resnet18.pt,0.6444099378881988,128
8,10,resnet18.pt,0.6211180124223602,64
24,3,resnet18.pt,0.6436335403726708,128
40,3,resnet18.pt,0.6381987577639752,128
36,3,resnet18.pt,0.656055900621118,128
16,3,resnet18.pt,0.6436335403726708,128
32,3,resnet18.pt,0.6381987577639752,128
28,3,resnet18.pt,0.6141304347826086,128
8,2,resnet18.pt,0.6381987577639752,128
24,4,resnet18.pt,0.6350931677018633,128
40,4,resnet18.pt,0.6614906832298136,128
32,4,resnet18.pt,0.6327639751552795,128
36,4,resnet18.pt,0.6343167701863354,128
16,4,resnet18.pt,0.6444099378881988,128
28,4,resnet18.pt,0.6545031055900621,128
4,9,resnet18.pt,0.6451863354037267,64
12,9,resnet18.pt,0.6762422360248447,64
20,9,resnet18.pt,0.6513975155279503,64
8,3,resnet18.pt,0.6444099378881988,128
24,5,resnet18.pt,0.6335403726708074,128
40,5,resnet18.pt,0.6467391304347826,128
36,5,resnet18.pt,0.640527950310559,128
32,5,resnet18.pt,0.6389751552795031,128
28,5,resnet18.pt,0.639751552795031,128
16,5,resnet18.pt,0.6498447204968945,128
8,4,resnet18.pt,0.6451863354037267,128
24,6,resnet18.pt,0.6513975155279503,128
40,6,resnet18.pt,0.6467391304347826,128
32,6,resnet18.pt,0.6459627329192547,128
36,6,resnet18.pt,0.6630434782608695,128
28,6,resnet18.pt,0.6475155279503105,128
8,5,resnet18.pt,0.6482919254658385,128
16,6,resnet18.pt,0.6273291925465838,128
4,10,resnet18.pt,0.6211180124223602,64
12,10,resnet18.pt,0.6436335403726708,64
20,10,resnet18.pt,0.6513975155279503,64
4,2,resnet18.pt,0.6288819875776398,128
12,2,resnet18.pt,0.6428571428571429,128
20,2,resnet18.pt,0.6444099378881988,128
8,6,resnet18.pt,0.6529503105590062,128
24,7,resnet18.pt,0.6513975155279503,128
40,7,resnet18.pt,0.656055900621118,128
32,7,resnet18.pt,0.6420807453416149,128
36,7,resnet18.pt,0.6591614906832298,128
28,7,resnet18.pt,0.6545031055900621,128
16,7,resnet18.pt,0.6444099378881988,128
4,3,resnet18.pt,0.6273291925465838,128
12,3,resnet18.pt,0.640527950310559,128
20,3,resnet18.pt,0.6327639751552795,128
24,8,resnet18.pt,0.6273291925465838,128
8,7,resnet18.pt,0.6467391304347826,128
40,8,resnet18.pt,0.656832298136646,128
32,8,resnet18.pt,0.6366459627329193,128
36,8,resnet18.pt,0.6475155279503105,128
28,8,resnet18.pt,0.65527950310559,128
16,8,resnet18.pt,0.6482919254658385,128
4,4,resnet18.pt,0.6436335403726708,128
12,4,resnet18.pt,0.6281055900621118,128
20,4,resnet18.pt,0.6444099378881988,128
8,8,resnet18.pt,0.6498447204968945,128
24,9,resnet18.pt,0.6498447204968945,128
32,9,resnet18.pt,0.6529503105590062,128
36,9,resnet18.pt,0.6614906832298136,128
40,9,resnet18.pt,0.6428571428571429,128
28,9,resnet18.pt,0.6622670807453416,128
16,9,resnet18.pt,0.6420807453416149,128
4,5,resnet18.pt,0.6591614906832298,128
12,5,resnet18.pt,0.6599378881987578,128
20,5,resnet18.pt,0.65527950310559,128
8,9,resnet18.pt,0.6521739130434783,128
36,10,resnet18.pt,0.6444099378881988,128
24,10,resnet18.pt,0.6226708074534162,128
32,10,resnet18.pt,0.6428571428571429,128
40,10,resnet18.pt,0.6482919254658385,128
28,10,resnet18.pt,0.6475155279503105,128
16,10,resnet18.pt,0.6343167701863354,128
4,6,resnet18.pt,0.6374223602484472,128
20,6,resnet18.pt,0.6583850931677019,128
12,6,resnet18.pt,0.6607142857142857,128
24,2,resnet18.pt,0.6428571428571429,256
40,2,resnet18.pt,0.6490683229813664,256
36,2,resnet18.pt,0.6451863354037267,256
32,2,resnet18.pt,0.6413043478260869,256
28,2,resnet18.pt,0.6389751552795031,256
16,2,resnet18.pt,0.6366459627329193,256
8,10,resnet18.pt,0.6281055900621118,128
40,3,resnet18.pt,0.6451863354037267,256
24,3,resnet18.pt,0.6420807453416149,256
4,7,resnet18.pt,0.6583850931677019,128
36,3,resnet18.pt,0.6413043478260869,256
20,7,resnet18.pt,0.6490683229813664,128
32,3,resnet18.pt,0.6358695652173914,256
12,7,resnet18.pt,0.65527950310559,128
16,3,resnet18.pt,0.6482919254658385,256
28,3,resnet18.pt,0.6335403726708074,256
8,2,resnet18.pt,0.6428571428571429,256
36,4,resnet18.pt,0.6475155279503105,256
32,4,resnet18.pt,0.6374223602484472,256
40,4,resnet18.pt,0.65527950310559,256
24,4,resnet18.pt,0.6436335403726708,256
28,4,resnet18.pt,0.6374223602484472,256
16,4,resnet18.pt,0.6467391304347826,256
8,3,resnet18.pt,0.6428571428571429,256
4,8,resnet18.pt,0.6350931677018633,128
20,8,resnet18.pt,0.6444099378881988,128
12,8,resnet18.pt,0.6684782608695652,128
28,5,resnet18.pt,0.6389751552795031,256
40,5,resnet18.pt,0.656055900621118,256
24,5,resnet18.pt,0.6490683229813664,256
32,5,resnet18.pt,0.6490683229813664,256
36,5,resnet18.pt,0.6413043478260869,256
8,4,resnet18.pt,0.6420807453416149,256
16,5,resnet18.pt,0.6374223602484472,256
4,9,resnet18.pt,0.6467391304347826,128
12,9,resnet18.pt,0.6413043478260869,128
20,9,resnet18.pt,0.6529503105590062,128
32,6,resnet18.pt,0.6506211180124224,256
40,6,resnet18.pt,0.6467391304347826,256
28,6,resnet18.pt,0.6482919254658385,256
36,6,resnet18.pt,0.6413043478260869,256
8,5,resnet18.pt,0.6374223602484472,256
24,6,resnet18.pt,0.6482919254658385,256
16,6,resnet18.pt,0.656832298136646,256
4,10,resnet18.pt,0.6614906832298136,128
12,10,resnet18.pt,0.6482919254658385,128
20,10,resnet18.pt,0.6374223602484472,128
32,7,resnet18.pt,0.6490683229813664,256
40,7,resnet18.pt,0.6451863354037267,256
28,7,resnet18.pt,0.6630434782608695,256
8,6,resnet18.pt,0.6545031055900621,256
36,7,resnet18.pt,0.6583850931677019,256
24,7,resnet18.pt,0.6591614906832298,256
16,7,resnet18.pt,0.6234472049689441,256
4,2,resnet18.pt,0.6436335403726708,256
12,2,resnet18.pt,0.6304347826086957,256
20,2,resnet18.pt,0.6358695652173914,256
32,8,resnet18.pt,0.6436335403726708,256
40,8,resnet18.pt,0.6529503105590062,256
8,7,resnet18.pt,0.6583850931677019,256
28,8,resnet18.pt,0.656832298136646,256
36,8,resnet18.pt,0.656832298136646,256
24,8,resnet18.pt,0.6482919254658385,256
16,8,resnet18.pt,0.6475155279503105,256
4,3,resnet18.pt,0.640527950310559,256
12,3,resnet18.pt,0.6374223602484472,256
20,3,resnet18.pt,0.6506211180124224,256
32,9,resnet18.pt,0.6599378881987578,256
8,8,resnet18.pt,0.6645962732919255,256
28,9,resnet18.pt,0.6521739130434783,256
40,9,resnet18.pt,0.6630434782608695,256
36,9,resnet18.pt,0.6498447204968945,256
24,9,resnet18.pt,0.6630434782608695,256
16,9,resnet18.pt,0.6708074534161491,256
4,4,resnet18.pt,0.6459627329192547,256
12,4,resnet18.pt,0.6513975155279503,256
20,4,resnet18.pt,0.6537267080745341,256
8,9,resnet18.pt,0.656832298136646,256
40,10,resnet18.pt,0.6537267080745341,256
32,10,resnet18.pt,0.6467391304347826,256
28,10,resnet18.pt,0.6513975155279503,256
24,10,resnet18.pt,0.6739130434782609,256
16,10,resnet18.pt,0.6513975155279503,256
36,10,resnet18.pt,0.656832298136646,256
4,5,resnet18.pt,0.6366459627329193,256
12,5,resnet18.pt,0.6537267080745341,256
20,5,resnet18.pt,0.6257763975155279,256
8,10,resnet18.pt,0.6467391304347826,256
4,6,resnet18.pt,0.6459627329192547,256
20,6,resnet18.pt,0.656832298136646,256
12,6,resnet18.pt,0.6490683229813664,256
4,7,resnet18.pt,0.6475155279503105,256
20,7,resnet18.pt,0.6350931677018633,256
12,7,resnet18.pt,0.6475155279503105,256
4,8,resnet18.pt,0.6498447204968945,256
20,8,resnet18.pt,0.6599378881987578,256
12,8,resnet18.pt,0.671583850931677,256
4,9,resnet18.pt,0.6653726708074534,256
20,9,resnet18.pt,0.6350931677018633,256
12,9,resnet18.pt,0.6374223602484472,256
4,10,resnet18.pt,0.6661490683229814,256
20,10,resnet18.pt,0.6428571428571429,256
12,10,resnet18.pt,0.6537267080745341,256
25,2,resnet18.pt,0.5970496894409938,16
45,2,resnet18.pt,0.6055900621118012,16
35,2,resnet18.pt,0.5854037267080745,16
50,2,resnet18.pt,0.5846273291925466,16
5,2,resnet18.pt,0.6032608695652174,16
30,2,resnet18.pt,0.5877329192546584,16
10,2,resnet18.pt,0.6048136645962733,16
15,2,resnet18.pt,0.5822981366459627,16
40,2,resnet18.pt,0.5822981366459627,16
20,2,resnet18.pt,0.6071428571428571,16
25,3,resnet18.pt,0.59472049689441,16
35,3,resnet18.pt,0.5854037267080745,16
45,3,resnet18.pt,0.59472049689441,16
10,3,resnet18.pt,0.6024844720496895,16
50,3,resnet18.pt,0.5885093167701864,16
15,3,resnet18.pt,0.5667701863354038,16
5,3,resnet18.pt,0.5869565217391305,16
30,3,resnet18.pt,0.6086956521739131,16
40,3,resnet18.pt,0.6071428571428571,16
20,3,resnet18.pt,0.6071428571428571,16
25,4,resnet18.pt,0.6118012422360248,16
10,4,resnet18.pt,0.5830745341614907,16
50,4,resnet18.pt,0.5846273291925466,16
45,4,resnet18.pt,0.5861801242236024,16
15,4,resnet18.pt,0.577639751552795,16
35,4,resnet18.pt,0.5791925465838509,16
30,4,resnet18.pt,0.5916149068322981,16
5,4,resnet18.pt,0.5986024844720497,16
40,4,resnet18.pt,0.609472049689441,16
20,4,resnet18.pt,0.5698757763975155,16
25,5,resnet18.pt,0.6024844720496895,16
10,5,resnet18.pt,0.6063664596273292,16
50,5,resnet18.pt,0.592391304347826,16
45,5,resnet18.pt,0.6040372670807453,16
35,5,resnet18.pt,0.6009316770186336,16
15,5,resnet18.pt,0.6001552795031055,16
30,5,resnet18.pt,0.5838509316770186,16
5,5,resnet18.pt,0.609472049689441,16
40,5,resnet18.pt,0.5768633540372671,16
20,5,resnet18.pt,0.6079192546583851,16
25,6,resnet18.pt,0.5986024844720497,16
10,6,resnet18.pt,0.6063664596273292,16
15,6,resnet18.pt,0.5861801242236024,16
35,6,resnet18.pt,0.6071428571428571,16
50,6,resnet18.pt,0.6374223602484472,16
45,6,resnet18.pt,0.6001552795031055,16
30,6,resnet18.pt,0.5978260869565217,16
5,6,resnet18.pt,0.592391304347826,16
20,6,resnet18.pt,0.6350931677018633,16
40,6,resnet18.pt,0.6055900621118012,16
25,7,resnet18.pt,0.6032608695652174,16
10,7,resnet18.pt,0.6288819875776398,16
15,7,resnet18.pt,0.5993788819875776,16
45,7,resnet18.pt,0.6048136645962733,16
35,7,resnet18.pt,0.6024844720496895,16
50,7,resnet18.pt,0.5877329192546584,16
30,7,resnet18.pt,0.6024844720496895,16
5,7,resnet18.pt,0.6032608695652174,16
20,7,resnet18.pt,0.5869565217391305,16
40,7,resnet18.pt,0.6063664596273292,16
15,8,resnet18.pt,0.5807453416149069,16
25,8,resnet18.pt,0.5753105590062112,16
45,8,resnet18.pt,0.6187888198757764,16
10,8,resnet18.pt,0.5535714285714286,16
30,8,resnet18.pt,0.5799689440993789,16
35,8,resnet18.pt,0.5986024844720497,16
50,8,resnet18.pt,0.5659937888198758,16
5,8,resnet18.pt,0.6055900621118012,16
20,8,resnet18.pt,0.5978260869565217,16
40,8,resnet18.pt,0.5753105590062112,16
45,9,resnet18.pt,0.640527950310559,16
25,9,resnet18.pt,0.5411490683229814,16
15,9,resnet18.pt,0.5690993788819876,16
10,9,resnet18.pt,0.593944099378882,16
50,9,resnet18.pt,0.5861801242236024,16
30,9,resnet18.pt,0.5978260869565217,16
35,9,resnet18.pt,0.5846273291925466,16
20,9,resnet18.pt,0.6467391304347826,16
5,9,resnet18.pt,0.6358695652173914,16
40,9,resnet18.pt,0.5877329192546584,16
45,10,resnet18.pt,0.5807453416149069,16
25,10,resnet18.pt,0.5978260869565217,16
10,10,resnet18.pt,0.5659937888198758,16
15,10,resnet18.pt,0.5698757763975155,16
30,10,resnet18.pt,0.5838509316770186,16
35,10,resnet18.pt,0.5877329192546584,16
50,10,resnet18.pt,0.5768633540372671,16
20,10,resnet18.pt,0.5962732919254659,16
5,10,resnet18.pt,0.6296583850931677,16
40,10,resnet18.pt,0.5978260869565217,16
25,2,resnet18.pt,0.6071428571428571,32
45,2,resnet18.pt,0.6234472049689441,32
15,2,resnet18.pt,0.6218944099378882,32
10,2,resnet18.pt,0.6125776397515528,32
30,2,resnet18.pt,0.6156832298136646,32
50,2,resnet18.pt,0.6281055900621118,32
35,2,resnet18.pt,0.6086956521739131,32
20,2,resnet18.pt,0.6234472049689441,32
40,2,resnet18.pt,0.6350931677018633,32
5,2,resnet18.pt,0.6304347826086957,32
25,3,resnet18.pt,0.6203416149068323,32
45,3,resnet18.pt,0.6172360248447205,32
10,3,resnet18.pt,0.6281055900621118,32
15,3,resnet18.pt,0.6319875776397516,32
30,3,resnet18.pt,0.6110248447204969,32
50,3,resnet18.pt,0.6343167701863354,32
35,3,resnet18.pt,0.592391304347826,32
20,3,resnet18.pt,0.6156832298136646,32
5,3,resnet18.pt,0.5986024844720497,32
40,3,resnet18.pt,0.6358695652173914,32
25,4,resnet18.pt,0.6366459627329193,32
10,4,resnet18.pt,0.6459627329192547,32
15,4,resnet18.pt,0.6164596273291926,32
45,4,resnet18.pt,0.6187888198757764,32
30,4,resnet18.pt,0.6079192546583851,32
35,4,resnet18.pt,0.6234472049689441,32
50,4,resnet18.pt,0.639751552795031,32
20,4,resnet18.pt,0.6048136645962733,32
5,4,resnet18.pt,0.6226708074534162,32
40,4,resnet18.pt,0.6195652173913043,32
25,5,resnet18.pt,0.639751552795031,32
10,5,resnet18.pt,0.6335403726708074,32
15,5,resnet18.pt,0.6086956521739131,32
30,5,resnet18.pt,0.6086956521739131,32
45,5,resnet18.pt,0.6024844720496895,32
35,5,resnet18.pt,0.6319875776397516,32
50,5,resnet18.pt,0.6203416149068323,32
5,5,resnet18.pt,0.6366459627329193,32
20,5,resnet18.pt,0.6281055900621118,32
40,5,resnet18.pt,0.6172360248447205,32
10,6,resnet18.pt,0.6498447204968945,32
25,6,resnet18.pt,0.6234472049689441,32
15,6,resnet18.pt,0.6203416149068323,32
45,6,resnet18.pt,0.6607142857142857,32
30,6,resnet18.pt,0.5916149068322981,32
35,6,resnet18.pt,0.639751552795031,32
50,6,resnet18.pt,0.6242236024844721,32
5,6,resnet18.pt,0.6110248447204969,32
20,6,resnet18.pt,0.59472049689441,32
40,6,resnet18.pt,0.6296583850931677,32
10,7,resnet18.pt,0.6164596273291926,32
15,7,resnet18.pt,0.6110248447204969,32
25,7,resnet18.pt,0.6048136645962733,32
35,7,resnet18.pt,0.6374223602484472,32
30,7,resnet18.pt,0.592391304347826,32
45,7,resnet18.pt,0.6312111801242236,32
50,7,resnet18.pt,0.6125776397515528,32
5,7,resnet18.pt,0.6420807453416149,32
20,7,resnet18.pt,0.640527950310559,32
40,7,resnet18.pt,0.6545031055900621,32
25,8,resnet18.pt,0.6521739130434783,32
10,8,resnet18.pt,0.6118012422360248,32
35,8,resnet18.pt,0.6296583850931677,32
15,8,resnet18.pt,0.639751552795031,32
30,8,resnet18.pt,0.6172360248447205,32
45,8,resnet18.pt,0.6265527950310559,32
50,8,resnet18.pt,0.6537267080745341,32
5,8,resnet18.pt,0.6296583850931677,32
20,8,resnet18.pt,0.6319875776397516,32
40,8,resnet18.pt,0.6420807453416149,32
35,9,resnet18.pt,0.5916149068322981,32
10,9,resnet18.pt,0.6521739130434783,32
25,9,resnet18.pt,0.5613354037267081,32
30,9,resnet18.pt,0.6187888198757764,32
50,9,resnet18.pt,0.6180124223602484,32
45,9,resnet18.pt,0.6389751552795031,32
15,9,resnet18.pt,0.6048136645962733,32
20,9,resnet18.pt,0.6413043478260869,32
5,9,resnet18.pt,0.6374223602484472,32
40,9,resnet18.pt,0.6118012422360248,32
25,10,resnet18.pt,0.6086956521739131,32
10,10,resnet18.pt,0.6498447204968945,32
30,10,resnet18.pt,0.6350931677018633,32
50,10,resnet18.pt,0.6420807453416149,32
45,10,resnet18.pt,0.6498447204968945,32
35,10,resnet18.pt,0.656055900621118,32
15,10,resnet18.pt,0.6040372670807453,32
15,2,resnet18.pt,0.6451863354037267,64
50,2,resnet18.pt,0.6436335403726708,64
35,2,resnet18.pt,0.6374223602484472,64
10,2,resnet18.pt,0.6218944099378882,64
25,2,resnet18.pt,0.639751552795031,64
45,2,resnet18.pt,0.625,64
30,2,resnet18.pt,0.6319875776397516,64
20,10,resnet18.pt,0.6125776397515528,32
5,10,resnet18.pt,0.6079192546583851,32
40,10,resnet18.pt,0.5807453416149069,32
15,3,resnet18.pt,0.6413043478260869,64
50,3,resnet18.pt,0.6319875776397516,64
35,3,resnet18.pt,0.6374223602484472,64
10,3,resnet18.pt,0.6327639751552795,64
25,3,resnet18.pt,0.6381987577639752,64
30,3,resnet18.pt,0.6156832298136646,64
45,3,resnet18.pt,0.6381987577639752,64
20,2,resnet18.pt,0.6304347826086957,64
5,2,resnet18.pt,0.6273291925465838,64
40,2,resnet18.pt,0.6366459627329193,64
15,4,resnet18.pt,0.6436335403726708,64
25,4,resnet18.pt,0.6467391304347826,64
35,4,resnet18.pt,0.6374223602484472,64
50,4,resnet18.pt,0.6459627329192547,64
10,4,resnet18.pt,0.6366459627329193,64
45,4,resnet18.pt,0.6358695652173914,64
30,4,resnet18.pt,0.6304347826086957,64
20,3,resnet18.pt,0.6498447204968945,64
40,3,resnet18.pt,0.6218944099378882,64
5,3,resnet18.pt,0.6319875776397516,64
50,5,resnet18.pt,0.6428571428571429,64
35,5,resnet18.pt,0.6420807453416149,64
10,5,resnet18.pt,0.6296583850931677,64
45,5,resnet18.pt,0.6599378881987578,64
25,5,resnet18.pt,0.6513975155279503,64
30,5,resnet18.pt,0.6413043478260869,64
15,5,resnet18.pt,0.6451863354037267,64
20,4,resnet18.pt,0.6444099378881988,64
5,4,resnet18.pt,0.6203416149068323,64
40,4,resnet18.pt,0.639751552795031,64
50,6,resnet18.pt,0.6475155279503105,64
10,6,resnet18.pt,0.6529503105590062,64
45,6,resnet18.pt,0.6467391304347826,64
35,6,resnet18.pt,0.640527950310559,64
25,6,resnet18.pt,0.6273291925465838,64
30,6,resnet18.pt,0.6708074534161491,64
15,6,resnet18.pt,0.656055900621118,64
20,5,resnet18.pt,0.6513975155279503,64
5,5,resnet18.pt,0.6413043478260869,64
40,5,resnet18.pt,0.640527950310559,64
50,7,resnet18.pt,0.6366459627329193,64
45,7,resnet18.pt,0.6374223602484472,64
25,7,resnet18.pt,0.6428571428571429,64
10,7,resnet18.pt,0.6506211180124224,64
35,7,resnet18.pt,0.6498447204968945,64
30,7,resnet18.pt,0.6459627329192547,64
15,7,resnet18.pt,0.6467391304347826,64
5,6,resnet18.pt,0.6273291925465838,64
20,6,resnet18.pt,0.6529503105590062,64
40,6,resnet18.pt,0.6381987577639752,64
45,8,resnet18.pt,0.6257763975155279,64
50,8,resnet18.pt,0.6653726708074534,64
10,8,resnet18.pt,0.6498447204968945,64
25,8,resnet18.pt,0.6413043478260869,64
30,8,resnet18.pt,0.6475155279503105,64
35,8,resnet18.pt,0.6312111801242236,64
15,8,resnet18.pt,0.6312111801242236,64
5,7,resnet18.pt,0.6288819875776398,64
40,7,resnet18.pt,0.6032608695652174,64
20,7,resnet18.pt,0.6413043478260869,64
45,9,resnet18.pt,0.6475155279503105,64
50,9,resnet18.pt,0.6436335403726708,64
25,9,resnet18.pt,0.6420807453416149,64
10,9,resnet18.pt,0.6529503105590062,64
30,9,resnet18.pt,0.6048136645962733,64
15,9,resnet18.pt,0.6234472049689441,64
35,9,resnet18.pt,0.6335403726708074,64
5,8,resnet18.pt,0.6211180124223602,64
40,8,resnet18.pt,0.6319875776397516,64
20,8,resnet18.pt,0.6242236024844721,64
50,10,resnet18.pt,0.6545031055900621,64
45,10,resnet18.pt,0.6242236024844721,64
10,10,resnet18.pt,0.5993788819875776,64
25,10,resnet18.pt,0.6319875776397516,64
30,10,resnet18.pt,0.6482919254658385,64
15,10,resnet18.pt,0.6381987577639752,64
35,10,resnet18.pt,0.6482919254658385,64
50,2,resnet18.pt,0.6444099378881988,128
10,2,resnet18.pt,0.6327639751552795,128
25,2,resnet18.pt,0.639751552795031,128
15,2,resnet18.pt,0.6444099378881988,128
45,2,resnet18.pt,0.6467391304347826,128
35,2,resnet18.pt,0.6366459627329193,128
30,2,resnet18.pt,0.6513975155279503,128
50,3,resnet18.pt,0.6389751552795031,128
10,3,resnet18.pt,0.6335403726708074,128
45,3,resnet18.pt,0.6420807453416149,128
15,3,resnet18.pt,0.6459627329192547,128
25,3,resnet18.pt,0.6327639751552795,128
5,9,resnet18.pt,0.656832298136646,64
35,3,resnet18.pt,0.6296583850931677,128
30,3,resnet18.pt,0.6413043478260869,128
40,9,resnet18.pt,0.6343167701863354,64
20,9,resnet18.pt,0.6669254658385093,64
25,4,resnet18.pt,0.6226708074534162,128
50,4,resnet18.pt,0.6413043478260869,128
10,4,resnet18.pt,0.6381987577639752,128
30,4,resnet18.pt,0.6343167701863354,128
15,4,resnet18.pt,0.6537267080745341,128
45,4,resnet18.pt,0.6482919254658385,128
35,4,resnet18.pt,0.6444099378881988,128
35,5,resnet18.pt,0.6513975155279503,128
10,5,resnet18.pt,0.657608695652174,128
50,5,resnet18.pt,0.6591614906832298,128
25,5,resnet18.pt,0.6413043478260869,128
45,5,resnet18.pt,0.6366459627329193,128
30,5,resnet18.pt,0.6591614906832298,128
15,5,resnet18.pt,0.6350931677018633,128
5,10,resnet18.pt,0.65527950310559,64
40,10,resnet18.pt,0.6529503105590062,64
20,10,resnet18.pt,0.6482919254658385,64
50,6,resnet18.pt,0.6048136645962733,128
5,2,resnet18.pt,0.6187888198757764,128
45,6,resnet18.pt,0.6312111801242236,128
40,2,resnet18.pt,0.6389751552795031,128
10,6,resnet18.pt,0.6296583850931677,128
25,6,resnet18.pt,0.656055900621118,128
30,6,resnet18.pt,0.6428571428571429,128
35,6,resnet18.pt,0.65527950310559,128
15,6,resnet18.pt,0.6389751552795031,128
20,2,resnet18.pt,0.6428571428571429,128
5,3,resnet18.pt,0.6358695652173914,128
40,3,resnet18.pt,0.6312111801242236,128
20,3,resnet18.pt,0.6242236024844721,128
45,7,resnet18.pt,0.6545031055900621,128
50,7,resnet18.pt,0.6420807453416149,128
30,7,resnet18.pt,0.6482919254658385,128
15,7,resnet18.pt,0.6257763975155279,128
25,7,resnet18.pt,0.6506211180124224,128
10,7,resnet18.pt,0.6754658385093167,128
35,7,resnet18.pt,0.6288819875776398,128
40,4,resnet18.pt,0.6319875776397516,128
5,4,resnet18.pt,0.6304347826086957,128
20,4,resnet18.pt,0.6498447204968945,128
45,8,resnet18.pt,0.6506211180124224,128
50,8,resnet18.pt,0.6653726708074534,128
35,8,resnet18.pt,0.65527950310559,128
25,8,resnet18.pt,0.6444099378881988,128
10,8,resnet18.pt,0.65527950310559,128
15,8,resnet18.pt,0.6319875776397516,128
30,8,resnet18.pt,0.6513975155279503,128
40,5,resnet18.pt,0.640527950310559,128
5,5,resnet18.pt,0.6413043478260869,128
20,5,resnet18.pt,0.6413043478260869,128
45,9,resnet18.pt,0.639751552795031,128
35,9,resnet18.pt,0.6381987577639752,128
50,9,resnet18.pt,0.6288819875776398,128
25,9,resnet18.pt,0.6513975155279503,128
30,9,resnet18.pt,0.6428571428571429,128
15,9,resnet18.pt,0.6653726708074534,128
10,9,resnet18.pt,0.6583850931677019,128
40,6,resnet18.pt,0.6381987577639752,128
5,6,resnet18.pt,0.65527950310559,128
20,6,resnet18.pt,0.6444099378881988,128
45,10,resnet18.pt,0.6583850931677019,128
35,10,resnet18.pt,0.6529503105590062,128
50,10,resnet18.pt,0.6498447204968945,128
25,10,resnet18.pt,0.6451863354037267,128
30,10,resnet18.pt,0.6614906832298136,128
10,10,resnet18.pt,0.656832298136646,128
15,10,resnet18.pt,0.6413043478260869,128
40,7,resnet18.pt,0.6545031055900621,128
45,2,resnet18.pt,0.639751552795031,256
35,2,resnet18.pt,0.6436335403726708,256
5,7,resnet18.pt,0.6630434782608695,128
50,2,resnet18.pt,0.6413043478260869,256
25,2,resnet18.pt,0.6490683229813664,256
10,2,resnet18.pt,0.6327639751552795,256
20,7,resnet18.pt,0.6607142857142857,128
30,2,resnet18.pt,0.6381987577639752,256
15,2,resnet18.pt,0.6358695652173914,256
45,3,resnet18.pt,0.6389751552795031,256
50,3,resnet18.pt,0.639751552795031,256
35,3,resnet18.pt,0.6459627329192547,256
25,3,resnet18.pt,0.6296583850931677,256
15,3,resnet18.pt,0.6265527950310559,256
30,3,resnet18.pt,0.6436335403726708,256
10,3,resnet18.pt,0.6506211180124224,256
5,8,resnet18.pt,0.6661490683229814,128
40,8,resnet18.pt,0.657608695652174,128
20,8,resnet18.pt,0.6521739130434783,128
35,4,resnet18.pt,0.6498447204968945,256
25,4,resnet18.pt,0.6591614906832298,256
50,4,resnet18.pt,0.6389751552795031,256
15,4,resnet18.pt,0.6420807453416149,256
30,4,resnet18.pt,0.65527950310559,256
45,4,resnet18.pt,0.6413043478260869,256
10,4,resnet18.pt,0.6444099378881988,256
40,9,resnet18.pt,0.6708074534161491,128
20,9,resnet18.pt,0.6203416149068323,128
5,9,resnet18.pt,0.656832298136646,128
25,5,resnet18.pt,0.6506211180124224,256
50,5,resnet18.pt,0.6521739130434783,256
15,5,resnet18.pt,0.6444099378881988,256
30,5,resnet18.pt,0.6335403726708074,256
45,5,resnet18.pt,0.6513975155279503,256
35,5,resnet18.pt,0.639751552795031,256
10,5,resnet18.pt,0.6475155279503105,256
40,10,resnet18.pt,0.6607142857142857,128
20,10,resnet18.pt,0.6436335403726708,128
5,10,resnet18.pt,0.6459627329192547,128
25,6,resnet18.pt,0.6459627329192547,256
15,6,resnet18.pt,0.6335403726708074,256
35,6,resnet18.pt,0.6451863354037267,256
50,6,resnet18.pt,0.6521739130434783,256
45,6,resnet18.pt,0.6413043478260869,256
30,6,resnet18.pt,0.6420807453416149,256
10,6,resnet18.pt,0.656055900621118,256
20,2,resnet18.pt,0.6545031055900621,256
40,2,resnet18.pt,0.6420807453416149,256
5,2,resnet18.pt,0.6451863354037267,256
25,7,resnet18.pt,0.6467391304347826,256
15,7,resnet18.pt,0.6319875776397516,256
50,7,resnet18.pt,0.6451863354037267,256
30,7,resnet18.pt,0.6374223602484472,256
45,7,resnet18.pt,0.6327639751552795,256
10,7,resnet18.pt,0.656055900621118,256
35,7,resnet18.pt,0.6475155279503105,256
20,3,resnet18.pt,0.6343167701863354,256
40,3,resnet18.pt,0.6498447204968945,256
5,3,resnet18.pt,0.6467391304347826,256
50,8,resnet18.pt,0.6257763975155279,256
15,8,resnet18.pt,0.6537267080745341,256
30,8,resnet18.pt,0.6444099378881988,256
25,8,resnet18.pt,0.6467391304347826,256
10,8,resnet18.pt,0.6645962732919255,256
45,8,resnet18.pt,0.6490683229813664,256
35,8,resnet18.pt,0.6537267080745341,256
40,4,resnet18.pt,0.6358695652173914,256
20,4,resnet18.pt,0.6467391304347826,256
5,4,resnet18.pt,0.6444099378881988,256
15,9,resnet18.pt,0.6513975155279503,256
50,9,resnet18.pt,0.6451863354037267,256
30,9,resnet18.pt,0.6506211180124224,256
25,9,resnet18.pt,0.6591614906832298,256
10,9,resnet18.pt,0.6498447204968945,256
45,9,resnet18.pt,0.6459627329192547,256
35,9,resnet18.pt,0.6599378881987578,256
40,5,resnet18.pt,0.6498447204968945,256
20,5,resnet18.pt,0.6467391304347826,256
5,5,resnet18.pt,0.657608695652174,256
15,10,resnet18.pt,0.65527950310559,256
50,10,resnet18.pt,0.656832298136646,256
10,10,resnet18.pt,0.6498447204968945,256
45,10,resnet18.pt,0.6591614906832298,256
30,10,resnet18.pt,0.656832298136646,256
25,10,resnet18.pt,0.6420807453416149,256
35,10,resnet18.pt,0.6708074534161491,256
40,6,resnet18.pt,0.6482919254658385,256
5,6,resnet18.pt,0.6343167701863354,256
20,6,resnet18.pt,0.65527950310559,256
40,7,resnet18.pt,0.6498447204968945,256
5,7,resnet18.pt,0.656832298136646,256
20,7,resnet18.pt,0.6607142857142857,256
40,8,resnet18.pt,0.6506211180124224,256
5,8,resnet18.pt,0.6436335403726708,256
20,8,resnet18.pt,0.6607142857142857,256
40,9,resnet18.pt,0.6700310559006211,256
5,9,resnet18.pt,0.6482919254658385,256
20,9,resnet18.pt,0.6599378881987578,256
40,10,resnet18.pt,0.6622670807453416,256
5,10,resnet18.pt,0.6521739130434783,256
20,10,resnet18.pt,0.6591614906832298,256
